Loan_ID,Gender,Married,Dependents,Education,Self_Employed,ApplicantIncome,CoapplicantIncome,LoanAmount,Loan_Amount_Term,Credit_History,Property_Area
LP001350,Male,Yes,3+,Not Graduate,No,4340.0,281.0,119.0,366.0,1.0,Rural
LP002393,Male,No,0,Graduate,Yes,0.0,518.0,164.0,463.0,1.0,Urban
LP002358,Male,No,2,Not Graduate,Yes,0.0,2332.0,190.0,352.0,0.0,Urban
LP001888,Male,Yes,2,Not Graduate,No,1538.0,4315.0,144.0,282.0,1.0,Urban
LP001369,Female,Yes,0,Graduate,Yes,7749.0,3681.0,186.0,382.0,1.0,Urban
LP001245,Female,No,0,Graduate,Yes,5990.0,2082.0,215.0,283.0,1.0,Rural
LP001455,Female,Yes,1,Graduate,Yes,8982.0,6059.0,114.0,294.0,0.0,Semiurban
LP001043,Female,No,1,Graduate,Yes,0.0,3394.0,228.0,312.0,0.0,Rural
LP001015,Male,Yes,3+,Not Graduate,No,5105.0,3789.0,66.0,341.0,1.0,Urban
LP001430,Male,Yes,3+,Not Graduate,No,14872.0,1159.0,188.0,287.0,1.0,Urban
LP002500,Male,Yes,0,Not Graduate,Yes,13139.0,551.0,145.0,369.0,1.0,Rural
LP001716,Female,No,0,Not Graduate,No,0.0,2624.0,156.0,320.0,1.0,Rural
LP002097,Male,No,1,Not Graduate,No,0.0,4066.0,114.0,396.0,1.0,Semiurban
LP002472,Female,No,1,Not Graduate,No,14847.0,2076.0,239.0,345.0,1.0,Semiurban
LP001282,Male,No,0,Graduate,No,7751.0,0.0,96.0,332.0,1.0,Semiurban
LP002201,Male,Yes,2,Not Graduate,Yes,4094.0,0.0,250.0,335.0,1.0,Semiurban
LP001343,Female,Yes,2,Not Graduate,No,3458.0,0.0,250.0,437.0,0.0,Urban
LP002402,Male,No,3+,Graduate,Yes,6475.0,1718.0,177.0,400.0,0.0,Urban
LP001270,Male,Yes,0,Not Graduate,Yes,6547.0,3820.0,118.0,249.0,1.0,Semiurban
LP001469,Female,Yes,0,Not Graduate,No,2143.0,0.0,78.0,310.0,1.0,Semiurban
LP001242,Male,No,3+,Not Graduate,Yes,4250.0,0.0,0.0,348.0,2.0,Urban
LP001996,Female,Yes,1,Graduate,No,1944.0,0.0,184.0,201.0,1.0,Urban
LP001857,Male,Yes,1,Graduate,Yes,6141.0,2633.0,56.0,370.0,0.0,Urban
LP002126,Male,No,2,Not Graduate,Yes,979.0,0.0,67.0,287.0,1.0,Semiurban
LP002562,Male,Yes,0,Graduate,No,0.0,0.0,185.0,294.0,1.0,Semiurban
LP002332,Male,Yes,1,Not Graduate,Yes,13582.0,0.0,109.0,297.0,1.0,Urban
LP002064,Male,Yes,2,Not Graduate,No,4784.0,0.0,159.0,424.0,1.0,Urban
LP002237,Male,No,2,Not Graduate,Yes,14845.0,1637.0,178.0,382.0,1.0,Rural
LP001656,Male,No,2,Graduate,Yes,0.0,1018.0,267.0,313.0,1.0,Rural
LP002867,Male,Yes,1,Not Graduate,No,0.0,2805.0,158.0,306.0,0.0,Urban
LP001903,Female,Yes,1,Not Graduate,No,7838.0,1585.0,100.0,353.0,1.0,Urban
LP001560,Female,Yes,0,Not Graduate,No,4788.0,4361.0,137.0,446.0,1.0,Rural
LP002473,Male,No,0,Not Graduate,Yes,0.0,384.0,98.0,325.0,1.0,Semiurban
LP002008,Male,No,2,Not Graduate,No,11652.0,3288.0,288.0,221.0,2.0,Urban
LP001046,Female,No,2,Graduate,No,226.0,2466.0,171.0,353.0,0.0,Urban
LP001841,Male,Yes,1,Not Graduate,No,12006.0,799.0,188.0,360.0,1.0,Urban
LP001735,Male,Yes,1,Graduate,No,4779.0,3472.0,247.0,366.0,1.0,Semiurban
LP002344,Female,Yes,0,Not Graduate,Yes,0.0,0.0,77.0,340.0,1.0,Rural
LP002807,Male,Yes,0,Graduate,Yes,1371.0,4973.0,32.0,351.0,1.0,Semiurban
LP002524,Male,Yes,3+,Not Graduate,Yes,12994.0,0.0,141.0,278.0,1.0,Semiurban
LP001198,Female,No,0,Not Graduate,Yes,3484.0,0.0,32.0,413.0,1.0,Urban
LP002637,Male,Yes,1,Graduate,Yes,10717.0,0.0,111.0,308.0,2.0,Urban
LP001358,Male,Yes,2,Graduate,Yes,13155.0,1850.0,0.0,325.0,0.0,Rural
LP002527,Female,Yes,3+,Not Graduate,No,4722.0,68.0,38.0,368.0,1.0,Semiurban
LP001452,Male,No,0,Graduate,Yes,3909.0,2095.0,237.0,356.0,2.0,Rural
LP002969,Female,Yes,0,Graduate,No,2873.0,0.0,174.0,445.0,1.0,Semiurban
LP001950,Male,No,1,Not Graduate,No,7185.0,2926.0,282.0,427.0,1.0,Urban
LP001647,Male,No,3+,Not Graduate,No,13756.0,2102.0,140.0,310.0,1.0,Rural
LP002870,Female,No,0,Not Graduate,No,0.0,358.0,137.0,471.0,0.0,Semiurban
LP001375,Female,No,2,Not Graduate,Yes,6428.0,3301.0,159.0,404.0,1.0,Urban
LP002870,Male,No,1,Not Graduate,Yes,6181.0,3165.0,420.0,351.0,1.0,Urban
LP002820,Female,Yes,3+,Graduate,Yes,0.0,1852.0,224.0,299.0,1.0,Semiurban
LP002420,Female,Yes,0,Not Graduate,No,126.0,4014.0,77.0,338.0,0.0,Urban
LP002836,Male,No,0,Graduate,Yes,1293.0,4621.0,174.0,217.0,1.0,Semiurban
LP001807,Male,No,3+,Not Graduate,Yes,9531.0,0.0,154.0,378.0,1.0,Semiurban
LP002192,Male,No,1,Not Graduate,Yes,10527.0,4681.0,198.0,256.0,1.0,Semiurban
LP002619,Female,Yes,3+,Graduate,Yes,0.0,0.0,288.0,374.0,1.0,Semiurban
LP001469,Female,Yes,3+,Not Graduate,Yes,8820.0,3700.0,188.0,311.0,1.0,Urban
LP002543,Female,No,1,Graduate,Yes,8084.0,4177.0,114.0,351.0,1.0,Semiurban
LP002118,Female,Yes,0,Graduate,No,8474.0,1127.0,287.0,302.0,1.0,Semiurban
LP001185,Male,Yes,2,Graduate,No,6050.0,1457.0,41.0,295.0,1.0,Semiurban
LP001043,Female,No,1,Not Graduate,Yes,10593.0,789.0,122.0,390.0,0.0,Urban
LP002264,Male,No,2,Not Graduate,No,11852.0,0.0,212.0,301.0,1.0,Rural
LP001577,Female,Yes,0,Not Graduate,No,0.0,0.0,81.0,283.0,1.0,Semiurban
LP001894,Male,Yes,3+,Not Graduate,Yes,4902.0,2952.0,139.0,274.0,1.0,Rural
LP002243,Male,Yes,2,Not Graduate,No,3730.0,3928.0,88.0,398.0,1.0,Rural
LP002949,Male,No,0,Not Graduate,Yes,1918.0,1563.0,140.0,269.0,1.0,Semiurban
LP002031,Female,No,0,Graduate,No,2591.0,0.0,88.0,343.0,1.0,Rural
LP001029,Male,No,3+,Not Graduate,Yes,6244.0,0.0,149.0,486.0,1.0,Rural
LP001800,Male,Yes,3+,Not Graduate,No,0.0,1313.0,117.0,297.0,1.0,Semiurban
LP001909,Female,Yes,0,Not Graduate,No,8999.0,168.0,245.0,291.0,1.0,Urban
LP002129,Male,No,0,Not Graduate,No,3078.0,4827.0,172.0,413.0,0.0,Rural
LP002832,Female,Yes,2,Graduate,No,10161.0,0.0,200.0,265.0,2.0,Semiurban
LP002568,Female,No,0,Graduate,Yes,1649.0,3226.0,154.0,413.0,1.0,Semiurban
LP002114,Male,Yes,0,Graduate,No,1341.0,0.0,109.0,317.0,1.0,Rural
LP001318,Male,No,2,Graduate,Yes,0.0,831.0,168.0,401.0,1.0,Rural
LP002187,Female,Yes,1,Graduate,Yes,1681.0,2070.0,158.0,371.0,1.0,Rural
LP002867,Male,Yes,2,Not Graduate,No,616.0,3015.0,0.0,380.0,1.0,Semiurban
LP002453,Female,No,2,Graduate,No,7656.0,2751.0,145.0,313.0,1.0,Semiurban
LP002368,Female,No,3+,Graduate,Yes,11143.0,80.0,195.0,317.0,0.0,Urban
LP002626,Female,No,2,Not Graduate,No,7389.0,1875.0,87.0,308.0,1.0,Urban
LP001906,Male,No,0,Not Graduate,Yes,4739.0,583.0,210.0,429.0,1.0,Semiurban
LP002806,Female,No,0,Graduate,No,7953.0,0.0,170.0,343.0,0.0,Urban
LP001100,Male,Yes,0,Not Graduate,Yes,4972.0,2224.0,112.0,469.0,0.0,Rural
LP001692,Male,No,1,Not Graduate,No,5343.0,5035.0,184.0,357.0,1.0,Urban
LP001265,Male,No,0,Graduate,No,3433.0,5800.0,114.0,330.0,1.0,Urban
LP002774,Male,No,1,Not Graduate,Yes,9944.0,2465.0,164.0,328.0,1.0,Semiurban
LP002813,Female,No,0,Graduate,Yes,0.0,2287.0,122.0,297.0,1.0,Semiurban
LP002402,Male,No,2,Graduate,Yes,0.0,0.0,185.0,357.0,2.0,Rural
LP002243,Female,Yes,3+,Not Graduate,No,11030.0,9017.0,247.0,336.0,1.0,Urban
LP001003,Female,No,0,Graduate,No,4061.0,5492.0,109.0,302.0,1.0,Semiurban
LP002250,Male,No,1,Graduate,No,10404.0,3666.0,212.0,338.0,0.0,Semiurban
LP002833,Female,No,1,Not Graduate,No,1717.0,1798.0,119.0,310.0,1.0,Semiurban
LP001367,Female,Yes,3+,Not Graduate,Yes,14715.0,0.0,120.0,361.0,0.0,Rural
LP001867,Male,Yes,0,Not Graduate,Yes,4402.0,2098.0,112.0,389.0,2.0,Rural
LP002148,Female,No,2,Not Graduate,No,7739.0,1688.0,12.0,301.0,0.0,Urban
LP002529,Female,No,0,Graduate,No,2633.0,0.0,181.0,312.0,1.0,Rural
LP001471,Female,Yes,0,Not Graduate,No,71.0,2820.0,165.0,283.0,1.0,Urban
LP002296,Female,Yes,3+,Not Graduate,Yes,0.0,4964.0,155.0,416.0,1.0,Urban
LP001601,Male,Yes,0,Graduate,Yes,9654.0,2528.0,263.0,227.0,1.0,Urban
LP002792,Female,No,2,Graduate,No,7432.0,2519.0,271.0,299.0,1.0,Semiurban
LP001562,Female,No,1,Graduate,Yes,5713.0,2693.0,244.0,388.0,1.0,Semiurban
LP001677,Female,Yes,3+,Graduate,No,0.0,724.0,124.0,301.0,1.0,Semiurban
LP002870,Female,No,2,Not Graduate,No,13241.0,3664.0,120.0,299.0,1.0,Rural
LP001884,Male,Yes,1,Not Graduate,Yes,5783.0,5745.0,64.0,386.0,1.0,Semiurban
LP002375,Female,Yes,3+,Graduate,Yes,9183.0,1714.0,147.0,195.0,0.0,Urban
LP002107,Male,Yes,3+,Graduate,Yes,5163.0,0.0,143.0,344.0,1.0,Rural
LP001888,Female,No,1,Graduate,Yes,0.0,0.0,184.0,306.0,1.0,Rural
LP002455,Male,Yes,1,Graduate,No,10832.0,2964.0,60.0,308.0,1.0,Semiurban
LP002484,Male,Yes,2,Not Graduate,Yes,7747.0,3272.0,114.0,412.0,1.0,Semiurban
LP001589,Male,No,0,Graduate,Yes,4147.0,2591.0,11.0,341.0,1.0,Semiurban
LP001836,Male,Yes,0,Not Graduate,Yes,7650.0,961.0,87.0,267.0,1.0,Semiurban
LP001466,Male,No,0,Graduate,Yes,9836.0,2355.0,212.0,246.0,1.0,Rural
LP001949,Female,Yes,0,Not Graduate,No,8940.0,146.0,57.0,338.0,1.0,Rural
LP001584,Female,No,0,Not Graduate,No,0.0,0.0,278.0,253.0,1.0,Urban
LP001561,Female,Yes,2,Not Graduate,Yes,0.0,0.0,221.0,421.0,1.0,Rural
LP001737,Male,Yes,3+,Not Graduate,Yes,9353.0,0.0,181.0,270.0,1.0,Rural
LP002112,Female,Yes,2,Graduate,No,1215.0,3044.0,246.0,341.0,-0.0,Semiurban
LP002440,Male,Yes,2,Not Graduate,No,0.0,870.0,133.0,216.0,0.0,Urban
LP001164,Male,Yes,2,Graduate,Yes,7299.0,0.0,85.0,219.0,1.0,Rural
LP002009,Female,No,3+,Not Graduate,No,0.0,0.0,135.0,329.0,1.0,Semiurban
LP002735,Female,No,2,Not Graduate,No,2451.0,3426.0,9.0,550.0,0.0,Semiurban
LP001722,Male,Yes,2,Graduate,No,10034.0,4510.0,235.0,306.0,1.0,Urban
LP001822,Male,Yes,3+,Graduate,No,0.0,0.0,115.0,387.0,0.0,Rural
LP001643,Female,Yes,2,Not Graduate,Yes,0.0,1263.0,84.0,310.0,1.0,Rural
LP002225,Female,No,0,Not Graduate,No,0.0,0.0,93.0,408.0,1.0,Rural
LP002571,Female,No,1,Graduate,No,275.0,1216.0,144.0,336.0,1.0,Rural
LP001119,Female,Yes,2,Not Graduate,Yes,5651.0,3255.0,152.0,261.0,1.0,Urban
LP001541,Male,No,1,Graduate,Yes,1656.0,6002.0,131.0,326.0,1.0,Semiurban
LP001030,Female,Yes,2,Graduate,Yes,13742.0,387.0,131.0,226.0,1.0,Semiurban
LP002099,Female,Yes,2,Graduate,No,7773.0,3505.0,185.0,284.0,1.0,Urban
LP001222,Female,Yes,0,Not Graduate,Yes,5073.0,3571.0,57.0,367.0,0.0,Rural
LP002344,Male,No,3+,Not Graduate,No,12398.0,1191.0,160.0,300.0,1.0,Semiurban
LP002256,Male,Yes,1,Graduate,Yes,0.0,4756.0,118.0,314.0,1.0,Rural
LP002689,Male,Yes,3+,Graduate,No,10115.0,711.0,0.0,403.0,1.0,Semiurban
LP002126,Male,Yes,0,Graduate,Yes,3834.0,2786.0,59.0,310.0,1.0,Rural
LP001451,Female,No,0,Graduate,Yes,2587.0,42.0,81.0,376.0,1.0,Urban
LP001187,Male,No,1,Not Graduate,No,8660.0,3047.0,272.0,303.0,1.0,Rural
LP002517,Female,No,3+,Graduate,Yes,2831.0,2774.0,178.0,402.0,-0.0,Rural
LP001207,Female,Yes,0,Not Graduate,Yes,6216.0,4830.0,163.0,427.0,1.0,Urban
LP001492,Female,No,2,Graduate,Yes,4611.0,6592.0,105.0,214.0,1.0,Urban
LP002600,Female,Yes,2,Not Graduate,Yes,6925.0,4092.0,103.0,278.0,1.0,Rural
LP002933,Male,No,2,Not Graduate,Yes,2292.0,3425.0,51.0,327.0,1.0,Rural
LP002262,Male,Yes,3+,Not Graduate,No,10458.0,540.0,117.0,298.0,1.0,Rural
LP001332,Male,No,2,Not Graduate,No,0.0,0.0,249.0,398.0,1.0,Semiurban
LP002345,Female,Yes,2,Not Graduate,Yes,8830.0,5132.0,40.0,356.0,1.0,Rural
LP001931,Female,No,0,Graduate,Yes,0.0,6648.0,97.0,281.0,1.0,Semiurban
LP002224,Female,No,0,Graduate,No,889.0,2453.0,214.0,434.0,1.0,Semiurban
LP001878,Female,No,2,Not Graduate,No,8155.0,0.0,214.0,433.0,0.0,Semiurban
LP002556,Female,Yes,2,Graduate,Yes,0.0,5348.0,87.0,256.0,1.0,Urban
LP001765,Male,No,0,Graduate,No,6128.0,4606.0,233.0,303.0,1.0,Urban
LP001119,Female,No,1,Graduate,Yes,0.0,0.0,109.0,397.0,1.0,Semiurban
LP001073,Male,No,3+,Graduate,Yes,0.0,1984.0,54.0,403.0,1.0,Semiurban
LP001487,Female,No,3+,Graduate,Yes,0.0,2262.0,259.0,434.0,1.0,Semiurban
LP001674,Female,Yes,0,Graduate,Yes,0.0,0.0,150.0,503.0,1.0,Urban
LP002257,Male,No,3+,Graduate,No,0.0,0.0,130.0,369.0,1.0,Urban
LP001923,Male,Yes,0,Not Graduate,No,16975.0,4570.0,156.0,425.0,1.0,Urban
LP002766,Female,Yes,0,Graduate,No,4141.0,1792.0,67.0,516.0,1.0,Semiurban
LP001097,Female,Yes,0,Graduate,Yes,0.0,0.0,99.0,341.0,1.0,Semiurban
LP001144,Female,Yes,0,Graduate,No,1978.0,0.0,254.0,291.0,1.0,Rural
LP002615,Female,No,1,Not Graduate,Yes,5389.0,0.0,286.0,359.0,1.0,Rural
LP002308,Male,Yes,2,Not Graduate,Yes,3023.0,1807.0,56.0,446.0,1.0,Urban
LP002862,Female,Yes,2,Graduate,No,0.0,3647.0,112.0,460.0,1.0,Urban
LP001591,Male,Yes,1,Not Graduate,Yes,59.0,4801.0,143.0,352.0,1.0,Rural
LP002062,Female,Yes,3+,Not Graduate,Yes,11933.0,0.0,158.0,331.0,1.0,Urban
LP001334,Male,No,3+,Graduate,Yes,0.0,640.0,69.0,259.0,0.0,Semiurban
LP001361,Male,No,2,Not Graduate,No,0.0,2964.0,193.0,347.0,1.0,Rural
LP002402,Female,Yes,3+,Graduate,Yes,2970.0,4192.0,199.0,265.0,1.0,Semiurban
LP001587,Male,Yes,2,Not Graduate,No,0.0,2610.0,208.0,279.0,0.0,Rural
LP002768,Female,Yes,2,Graduate,Yes,0.0,5048.0,201.0,358.0,1.0,Rural
LP002879,Male,No,1,Not Graduate,No,0.0,6542.0,149.0,259.0,1.0,Urban
LP001655,Female,No,3+,Graduate,Yes,0.0,0.0,219.0,365.0,1.0,Semiurban
LP002984,Male,No,1,Graduate,No,5576.0,5732.0,185.0,404.0,0.0,Semiurban
LP002806,Female,No,2,Not Graduate,No,6644.0,5132.0,28.0,274.0,1.0,Semiurban
LP002484,Female,No,2,Graduate,Yes,590.0,0.0,28.0,304.0,1.0,Semiurban
LP001174,Male,Yes,2,Graduate,Yes,4642.0,2863.0,166.0,248.0,2.0,Urban
LP001855,Male,No,0,Not Graduate,Yes,306.0,3331.0,242.0,381.0,1.0,Semiurban
LP001008,Male,No,0,Graduate,Yes,7463.0,0.0,177.0,245.0,0.0,Urban
LP001726,Male,Yes,0,Graduate,No,0.0,1436.0,188.0,388.0,0.0,Rural
LP002615,Female,No,1,Not Graduate,Yes,6121.0,2027.0,61.0,361.0,1.0,Semiurban
LP001842,Male,No,2,Graduate,No,6553.0,0.0,148.0,483.0,1.0,Urban
LP002281,Female,No,3+,Not Graduate,Yes,18483.0,680.0,231.0,451.0,1.0,Rural
LP002400,Male,Yes,1,Graduate,No,0.0,5411.0,177.0,265.0,1.0,Semiurban
LP002018,Female,No,1,Not Graduate,No,20305.0,6178.0,151.0,461.0,1.0,Semiurban
LP002263,Female,Yes,1,Not Graduate,No,9489.0,0.0,189.0,307.0,2.0,Urban
LP001693,Female,Yes,3+,Graduate,Yes,15587.0,0.0,160.0,290.0,1.0,Rural
LP001030,Female,No,2,Not Graduate,Yes,10335.0,4966.0,233.0,309.0,0.0,Rural
LP002346,Male,No,0,Graduate,No,0.0,6557.0,160.0,323.0,1.0,Rural
LP002788,Male,No,2,Graduate,No,8926.0,3986.0,140.0,483.0,-0.0,Rural
LP002550,Female,No,2,Not Graduate,No,1389.0,822.0,61.0,159.0,1.0,Semiurban
LP002478,Male,Yes,1,Graduate,No,4678.0,0.0,237.0,463.0,1.0,Rural
LP001407,Male,No,1,Graduate,No,0.0,3279.0,70.0,396.0,1.0,Urban
LP002863,Female,Yes,1,Not Graduate,Yes,1315.0,4469.0,161.0,353.0,1.0,Urban
LP002376,Male,Yes,0,Graduate,No,10288.0,0.0,205.0,303.0,1.0,Semiurban
LP001667,Male,Yes,0,Graduate,Yes,7674.0,2350.0,281.0,336.0,0.0,Urban
LP001798,Male,Yes,0,Not Graduate,Yes,11013.0,420.0,160.0,398.0,1.0,Semiurban
LP002821,Female,Yes,2,Graduate,Yes,0.0,3652.0,250.0,405.0,1.0,Rural
LP001326,Male,No,1,Graduate,No,0.0,0.0,145.0,288.0,1.0,Semiurban
LP002572,Female,Yes,3+,Not Graduate,No,11454.0,2680.0,99.0,393.0,1.0,Rural
LP001622,Male,Yes,2,Graduate,No,11032.0,607.0,357.0,304.0,1.0,Urban
LP002543,Male,No,0,Graduate,No,6385.0,6583.0,48.0,331.0,1.0,Semiurban
LP002308,Male,No,3+,Not Graduate,Yes,7567.0,2450.0,369.0,428.0,1.0,Rural
LP001765,Female,Yes,3+,Graduate,Yes,10106.0,3526.0,269.0,394.0,1.0,Semiurban
LP001737,Female,Yes,1,Graduate,Yes,6214.0,0.0,98.0,237.0,1.0,Rural
LP001220,Male,No,3+,Not Graduate,No,8236.0,1000.0,193.0,351.0,1.0,Semiurban
LP001581,Female,Yes,0,Not Graduate,No,9820.0,2674.0,34.0,370.0,1.0,Semiurban
LP002741,Male,No,1,Graduate,No,4647.0,625.0,188.0,352.0,1.0,Semiurban
LP001106,Female,No,3+,Graduate,No,3212.0,943.0,167.0,178.0,1.0,Semiurban
LP002697,Female,Yes,1,Not Graduate,No,7356.0,2317.0,210.0,254.0,0.0,Rural
LP001552,Male,No,3+,Graduate,No,18077.0,0.0,111.0,227.0,1.0,Rural
LP002256,Male,Yes,2,Graduate,Yes,352.0,176.0,155.0,301.0,1.0,Semiurban
LP001450,Male,Yes,2,Graduate,Yes,2727.0,3746.0,179.0,351.0,1.0,Semiurban
LP001806,Male,Yes,0,Not Graduate,No,0.0,532.0,105.0,308.0,1.0,Urban
LP001279,Female,No,2,Graduate,Yes,7656.0,7955.0,251.0,302.0,1.0,Rural
LP002027,Female,Yes,2,Graduate,Yes,2162.0,1849.0,153.0,229.0,1.0,Rural
LP002874,Female,No,2,Not Graduate,Yes,0.0,0.0,169.0,261.0,1.0,Rural
LP001358,Male,Yes,3+,Not Graduate,Yes,4818.0,2809.0,78.0,280.0,1.0,Rural
LP002794,Male,Yes,3+,Not Graduate,No,13692.0,0.0,15.0,400.0,0.0,Urban
LP002862,Female,No,1,Graduate,Yes,3175.0,2526.0,38.0,370.0,1.0,Semiurban
LP002857,Male,Yes,3+,Graduate,No,3696.0,64.0,189.0,393.0,0.0,Semiurban
LP001183,Female,Yes,2,Not Graduate,No,13470.0,244.0,81.0,372.0,1.0,Semiurban
LP002027,Female,No,3+,Graduate,Yes,5151.0,4416.0,199.0,396.0,1.0,Urban
LP001073,Female,No,0,Graduate,No,0.0,0.0,271.0,253.0,0.0,Urban
LP001054,Female,No,1,Graduate,Yes,9104.0,283.0,202.0,429.0,1.0,Semiurban
LP002792,Female,Yes,1,Graduate,No,11584.0,0.0,176.0,410.0,1.0,Urban
LP002114,Male,No,3+,Not Graduate,No,4039.0,5237.0,193.0,318.0,0.0,Urban
LP002042,Male,No,2,Not Graduate,Yes,5923.0,653.0,228.0,405.0,0.0,Urban
LP002870,Male,Yes,1,Graduate,Yes,0.0,0.0,167.0,421.0,2.0,Urban
LP002097,Female,No,0,Not Graduate,No,222.0,2231.0,194.0,339.0,1.0,Semiurban
LP001153,Female,Yes,0,Graduate,Yes,3283.0,0.0,99.0,377.0,1.0,Urban
LP002622,Female,Yes,1,Graduate,No,5618.0,0.0,67.0,308.0,1.0,Semiurban
LP002131,Female,No,2,Not Graduate,Yes,1650.0,3478.0,103.0,428.0,1.0,Rural
LP002519,Male,Yes,2,Not Graduate,No,3068.0,0.0,117.0,313.0,1.0,Urban
LP001765,Male,No,3+,Graduate,No,4475.0,0.0,114.0,363.0,1.0,Rural
LP001647,Female,No,3+,Graduate,No,0.0,0.0,231.0,339.0,1.0,Rural
LP001750,Female,No,1,Graduate,No,3649.0,5803.0,0.0,304.0,1.0,Urban
LP002236,Female,No,3+,Graduate,No,11763.0,2813.0,126.0,231.0,1.0,Semiurban
LP002219,Male,Yes,3+,Not Graduate,Yes,1785.0,1516.0,200.0,400.0,1.0,Semiurban
LP001915,Male,Yes,3+,Not Graduate,No,49.0,1321.0,197.0,340.0,1.0,Semiurban
LP002870,Male,No,0,Graduate,Yes,17055.0,1938.0,79.0,461.0,1.0,Urban
LP001108,Female,No,3+,Graduate,Yes,6465.0,2270.0,277.0,421.0,1.0,Urban
LP001094,Female,Yes,1,Not Graduate,No,778.0,1943.0,35.0,420.0,0.0,Semiurban
LP002954,Male,No,2,Graduate,No,8845.0,6894.0,115.0,390.0,1.0,Semiurban
LP001703,Female,Yes,3+,Not Graduate,Yes,6638.0,408.0,119.0,391.0,1.0,Rural
LP001859,Male,No,2,Graduate,No,1933.0,2076.0,118.0,352.0,1.0,Rural
LP002158,Female,Yes,3+,Not Graduate,No,4901.0,1705.0,248.0,396.0,1.0,Urban
LP001499,Male,Yes,1,Graduate,Yes,3520.0,4156.0,144.0,313.0,1.0,Semiurban
LP002455,Female,Yes,0,Graduate,Yes,10818.0,0.0,167.0,183.0,0.0,Semiurban
LP002318,Male,No,1,Graduate,Yes,9060.0,605.0,211.0,388.0,1.0,Urban
LP001190,Male,No,0,Not Graduate,Yes,0.0,0.0,93.0,390.0,1.0,Semiurban
LP002036,Male,No,3+,Not Graduate,Yes,16017.0,4285.0,131.0,256.0,0.0,Urban
LP001338,Male,No,3+,Graduate,Yes,3538.0,0.0,272.0,376.0,0.0,Rural
LP001750,Male,No,0,Graduate,No,14989.0,3069.0,172.0,375.0,1.0,Semiurban
LP002118,Male,Yes,1,Graduate,Yes,9258.0,6172.0,58.0,412.0,1.0,Semiurban
LP001776,Female,Yes,1,Graduate,Yes,6593.0,6838.0,76.0,335.0,1.0,Urban
LP001361,Female,Yes,0,Not Graduate,No,4644.0,770.0,212.0,243.0,1.0,Urban
LP001270,Female,Yes,3+,Not Graduate,No,20891.0,662.0,55.0,311.0,1.0,Urban
LP002965,Male,Yes,0,Not Graduate,No,3633.0,1400.0,106.0,310.0,1.0,Urban
LP002172,Male,Yes,3+,Graduate,No,1356.0,4051.0,158.0,335.0,1.0,Rural
LP002205,Female,Yes,0,Graduate,No,1869.0,1243.0,144.0,350.0,1.0,Urban
LP001321,Male,No,3+,Not Graduate,No,5186.0,858.0,257.0,327.0,1.0,Semiurban
LP002964,Male,Yes,0,Graduate,Yes,5176.0,4518.0,0.0,368.0,1.0,Semiurban
LP002517,Male,No,2,Not Graduate,No,10898.0,1721.0,180.0,271.0,1.0,Semiurban
LP001770,Male,Yes,3+,Not Graduate,No,9498.0,1186.0,121.0,366.0,1.0,Semiurban
LP001413,Male,Yes,1,Not Graduate,No,9505.0,0.0,244.0,293.0,1.0,Rural
LP001391,Female,No,0,Not Graduate,No,3880.0,4394.0,124.0,329.0,1.0,Rural
LP002184,Female,Yes,1,Graduate,Yes,9033.0,2274.0,127.0,223.0,1.0,Rural
LP002587,Female,No,0,Not Graduate,No,9629.0,1570.0,142.0,404.0,1.0,Urban
LP002409,Female,Yes,1,Graduate,No,4728.0,0.0,91.0,322.0,1.0,Semiurban
LP002821,Female,No,1,Not Graduate,Yes,6770.0,4197.0,97.0,364.0,1.0,Semiurban
LP001882,Male,Yes,0,Not Graduate,Yes,9622.0,0.0,131.0,289.0,1.0,Rural
LP002634,Male,No,0,Not Graduate,Yes,6382.0,2831.0,270.0,306.0,1.0,Urban
LP002069,Male,No,1,Not Graduate,No,6926.0,0.0,104.0,279.0,0.0,Rural
LP002237,Male,Yes,1,Graduate,Yes,13193.0,0.0,89.0,353.0,1.0,Semiurban
LP002239,Female,Yes,1,Graduate,Yes,6427.0,4125.0,112.0,380.0,1.0,Semiurban
LP001391,Female,No,3+,Graduate,Yes,1719.0,1878.0,143.0,277.0,1.0,Rural
LP002984,Female,Yes,3+,Graduate,No,0.0,1713.0,281.0,351.0,1.0,Semiurban
LP001078,Male,No,2,Not Graduate,No,5824.0,6905.0,83.0,326.0,1.0,Rural
LP002856,Female,Yes,3+,Graduate,Yes,3292.0,6863.0,336.0,355.0,0.0,Rural
LP001265,Male,No,3+,Graduate,No,9783.0,931.0,178.0,284.0,1.0,Rural
LP001450,Female,Yes,0,Not Graduate,No,14165.0,0.0,65.0,372.0,1.0,Rural
LP001391,Female,No,2,Graduate,No,0.0,5446.0,100.0,324.0,1.0,Semiurban
LP001003,Male,Yes,2,Graduate,No,135.0,0.0,0.0,333.0,1.0,Urban
LP001169,Male,No,3+,Graduate,No,5042.0,2894.0,151.0,495.0,1.0,Semiurban
LP001734,Female,No,0,Graduate,Yes,624.0,874.0,224.0,227.0,1.0,Rural
LP002833,Female,Yes,0,Not Graduate,Yes,3915.0,1809.0,145.0,377.0,1.0,Semiurban
LP002333,Male,Yes,2,Not Graduate,Yes,2126.0,4936.0,205.0,371.0,1.0,Urban
LP001650,Female,No,0,Graduate,Yes,0.0,0.0,176.0,383.0,1.0,Semiurban
LP001750,Female,No,1,Not Graduate,No,9883.0,0.0,236.0,380.0,1.0,Rural
LP002236,Male,No,3+,Graduate,Yes,5609.0,3663.0,67.0,355.0,2.0,Urban
LP002297,Female,No,1,Graduate,Yes,15604.0,6465.0,211.0,369.0,1.0,Semiurban
LP001135,Male,Yes,2,Graduate,No,7224.0,8329.0,289.0,517.0,1.0,Urban
LP001465,Female,No,2,Not Graduate,No,12518.0,0.0,341.0,331.0,1.0,Semiurban
LP001164,Male,No,0,Not Graduate,No,1029.0,461.0,252.0,330.0,1.0,Urban
LP001361,Female,No,0,Not Graduate,No,959.0,0.0,156.0,273.0,1.0,Rural
LP001601,Male,Yes,2,Not Graduate,Yes,17828.0,3903.0,68.0,288.0,0.0,Rural
LP001321,Female,No,2,Not Graduate,No,1712.0,1767.0,79.0,357.0,1.0,Urban
LP001499,Male,Yes,1,Not Graduate,No,0.0,3988.0,129.0,366.0,1.0,Semiurban
LP002337,Female,Yes,1,Graduate,No,0.0,528.0,287.0,335.0,1.0,Rural
LP001814,Female,Yes,0,Not Graduate,No,16090.0,3504.0,101.0,385.0,2.0,Semiurban
LP002240,Female,Yes,1,Graduate,No,3615.0,1115.0,156.0,316.0,2.0,Urban
LP002403,Female,Yes,0,Graduate,No,7477.0,1989.0,215.0,504.0,0.0,Semiurban
LP001682,Female,Yes,0,Not Graduate,Yes,6042.0,35.0,0.0,352.0,1.0,Urban
LP001637,Female,Yes,3+,Graduate,Yes,1060.0,5300.0,60.0,386.0,1.0,Semiurban
LP001431,Female,No,0,Graduate,Yes,3492.0,0.0,294.0,353.0,1.0,Urban
LP002288,Female,No,1,Graduate,No,9996.0,1293.0,223.0,303.0,1.0,Urban
LP001842,Female,Yes,2,Not Graduate,No,0.0,6444.0,224.0,309.0,1.0,Urban
LP001945,Male,No,2,Not Graduate,Yes,9019.0,5071.0,70.0,268.0,1.0,Urban
LP001908,Male,No,1,Graduate,Yes,13347.0,0.0,255.0,230.0,2.0,Semiurban
LP002245,Female,Yes,2,Not Graduate,Yes,6845.0,0.0,79.0,404.0,1.0,Rural
LP002471,Male,No,0,Graduate,Yes,12774.0,3000.0,150.0,303.0,0.0,Urban
LP002978,Female,Yes,2,Not Graduate,No,0.0,3369.0,196.0,338.0,1.0,Urban
LP001669,Female,No,1,Graduate,Yes,0.0,4837.0,207.0,442.0,2.0,Rural
LP002605,Male,Yes,2,Graduate,No,6562.0,0.0,181.0,418.0,1.0,Rural
LP002637,Female,Yes,0,Not Graduate,No,1840.0,5179.0,127.0,352.0,2.0,Urban
LP001757,Female,No,0,Not Graduate,No,10184.0,0.0,0.0,328.0,1.0,Urban
LP001507,Male,No,1,Not Graduate,Yes,3412.0,5231.0,149.0,332.0,1.0,Semiurban
LP002974,Male,Yes,1,Not Graduate,Yes,6018.0,0.0,0.0,486.0,0.0,Rural
LP001674,Female,Yes,1,Not Graduate,Yes,5641.0,0.0,186.0,353.0,1.0,Semiurban
LP001432,Male,Yes,3+,Graduate,No,5823.0,6281.0,67.0,537.0,1.0,Urban
LP001641,Male,No,3+,Graduate,No,2089.0,6431.0,130.0,258.0,1.0,Urban
LP002067,Female,No,0,Graduate,Yes,0.0,1875.0,103.0,345.0,1.0,Urban
LP002489,Male,No,3+,Not Graduate,No,3931.0,707.0,186.0,418.0,1.0,Urban
LP002137,Male,No,3+,Not Graduate,Yes,13438.0,1558.0,81.0,413.0,1.0,Rural
LP001862,Female,Yes,2,Graduate,No,1712.0,2729.0,162.0,383.0,-0.0,Semiurban
LP001232,Male,Yes,3+,Graduate,No,1681.0,2974.0,157.0,302.0,1.0,Rural
LP001822,Male,Yes,2,Graduate,No,6078.0,801.0,148.0,257.0,0.0,Urban
LP002860,Female,Yes,1,Graduate,No,0.0,0.0,173.0,331.0,1.0,Semiurban
LP002774,Female,No,2,Not Graduate,No,10895.0,124.0,49.0,410.0,1.0,Urban
LP002297,Female,Yes,2,Graduate,No,0.0,0.0,52.0,453.0,1.0,Rural
LP002129,Male,Yes,1,Not Graduate,No,3532.0,3684.0,253.0,349.0,1.0,Urban
LP002890,Female,No,1,Graduate,Yes,19639.0,2605.0,23.0,336.0,0.0,Rural
LP002637,Female,No,0,Not Graduate,No,0.0,1299.0,310.0,356.0,1.0,Rural
LP001516,Male,Yes,0,Not Graduate,No,13565.0,920.0,132.0,357.0,1.0,Urban
LP001518,Female,No,0,Not Graduate,Yes,5870.0,6947.0,77.0,419.0,1.0,Urban
LP002376,Female,Yes,0,Not Graduate,Yes,6674.0,4719.0,209.0,318.0,1.0,Rural
LP001500,Female,No,2,Graduate,Yes,570.0,2160.0,99.0,335.0,0.0,Semiurban
LP002123,Female,No,2,Graduate,Yes,9729.0,139.0,169.0,372.0,1.0,Rural
LP002555,Male,Yes,0,Graduate,No,3096.0,5109.0,239.0,301.0,1.0,Semiurban
LP002760,Female,No,3+,Not Graduate,No,0.0,1902.0,198.0,282.0,0.0,Rural
LP002786,Female,Yes,0,Graduate,Yes,13470.0,0.0,176.0,434.0,1.0,Urban
LP001153,Male,No,3+,Graduate,No,2982.0,0.0,193.0,341.0,0.0,Rural
LP002778,Female,No,1,Graduate,Yes,0.0,3401.0,146.0,400.0,0.0,Semiurban
LP002112,Male,No,2,Not Graduate,No,3649.0,4191.0,205.0,387.0,0.0,Semiurban
LP002402,Male,No,2,Not Graduate,No,9782.0,3330.0,59.0,253.0,1.0,Semiurban
LP001163,Male,No,3+,Not Graduate,No,8872.0,3390.0,255.0,300.0,0.0,Semiurban
LP001921,Female,Yes,0,Graduate,No,1530.0,775.0,130.0,346.0,1.0,Semiurban
LP002857,Male,No,2,Graduate,No,0.0,122.0,156.0,327.0,0.0,Rural
LP002519,Male,Yes,3+,Graduate,Yes,0.0,2006.0,118.0,358.0,1.0,Urban
LP002825,Male,No,1,Not Graduate,No,5050.0,1379.0,189.0,354.0,1.0,Urban
LP001528,Female,Yes,1,Graduate,No,6040.0,0.0,224.0,393.0,1.0,Rural
LP002335,Female,No,2,Not Graduate,No,9217.0,1514.0,66.0,339.0,1.0,Urban
LP001954,Female,Yes,0,Not Graduate,No,4331.0,3478.0,137.0,347.0,2.0,Rural
LP002979,Female,Yes,3+,Not Graduate,No,4162.0,541.0,156.0,249.0,0.0,Semiurban
LP001870,Female,No,2,Not Graduate,Yes,3594.0,5917.0,176.0,303.0,1.0,Rural
LP001822,Female,No,1,Graduate,No,6049.0,0.0,120.0,306.0,0.0,Urban
LP001507,Female,No,0,Graduate,Yes,4419.0,0.0,109.0,313.0,1.0,Urban
LP002129,Male,Yes,3+,Not Graduate,No,10528.0,45.0,211.0,318.0,1.0,Urban
LP001067,Male,Yes,2,Graduate,No,6950.0,3838.0,182.0,381.0,1.0,Rural
LP002847,Male,No,3+,Not Graduate,Yes,5795.0,2179.0,159.0,458.0,1.0,Rural
LP002442,Male,No,0,Graduate,No,4942.0,0.0,239.0,254.0,1.0,Rural
LP001003,Female,Yes,0,Graduate,No,0.0,0.0,39.0,329.0,1.0,Urban
LP002566,Male,Yes,1,Not Graduate,Yes,5176.0,0.0,204.0,286.0,1.0,Rural
LP001977,Male,No,0,Not Graduate,No,1498.0,0.0,171.0,255.0,2.0,Rural
LP001843,Male,Yes,2,Not Graduate,Yes,7153.0,3977.0,30.0,308.0,1.0,Urban
LP001210,Male,No,3+,Not Graduate,Yes,3990.0,0.0,233.0,274.0,0.0,Semiurban
LP002448,Female,No,0,Graduate,Yes,14658.0,3452.0,188.0,357.0,1.0,Semiurban
LP001109,Female,No,0,Not Graduate,No,0.0,3080.0,199.0,332.0,0.0,Urban
LP001552,Female,Yes,2,Graduate,No,0.0,4842.0,119.0,323.0,1.0,Urban
LP001018,Male,Yes,3+,Not Graduate,Yes,6704.0,0.0,202.0,362.0,1.0,Semiurban
LP001770,Female,Yes,3+,Graduate,No,1516.0,2702.0,86.0,249.0,1.0,Rural
LP001334,Male,Yes,1,Not Graduate,Yes,6097.0,1933.0,38.0,276.0,1.0,Urban
LP001231,Female,No,1,Graduate,No,0.0,1940.0,142.0,365.0,0.0,Semiurban
LP002107,Female,Yes,3+,Graduate,Yes,16052.0,1550.0,195.0,276.0,1.0,Rural
LP001698,Female,No,2,Graduate,No,2979.0,3891.0,221.0,209.0,1.0,Urban
LP001469,Female,No,2,Not Graduate,Yes,1148.0,3594.0,154.0,447.0,1.0,Semiurban
LP002300,Female,No,1,Not Graduate,No,15946.0,1595.0,148.0,364.0,1.0,Rural
LP001529,Male,Yes,0,Not Graduate,Yes,9966.0,353.0,221.0,408.0,1.0,Rural
LP001179,Female,No,2,Not Graduate,No,13093.0,40.0,117.0,295.0,2.0,Semiurban
LP001422,Male,No,0,Graduate,Yes,4199.0,1698.0,99.0,252.0,0.0,Rural
LP001323,Male,Yes,2,Graduate,No,5447.0,2205.0,268.0,361.0,1.0,Semiurban
LP002712,Male,No,3+,Graduate,No,1781.0,1353.0,121.0,270.0,1.0,Semiurban
LP001094,Male,Yes,1,Not Graduate,Yes,1116.0,0.0,213.0,409.0,1.0,Rural
LP002916,Male,Yes,0,Graduate,No,7448.0,774.0,248.0,358.0,1.0,Semiurban
LP001078,Female,Yes,0,Graduate,No,3081.0,169.0,159.0,355.0,1.0,Semiurban
LP002920,Female,No,3+,Not Graduate,No,17828.0,1643.0,163.0,356.0,1.0,Urban
LP002347,Female,Yes,2,Not Graduate,No,9978.0,8497.0,282.0,475.0,0.0,Semiurban
LP002357,Female,Yes,0,Graduate,Yes,15905.0,2771.0,41.0,385.0,1.0,Rural
LP001356,Male,Yes,2,Not Graduate,No,0.0,5034.0,40.0,329.0,1.0,Semiurban
LP002325,Female,Yes,3+,Not Graduate,No,15974.0,0.0,206.0,351.0,1.0,Rural
LP001843,Female,No,1,Not Graduate,Yes,0.0,1661.0,111.0,286.0,0.0,Urban
LP001754,Male,Yes,0,Not Graduate,No,0.0,4942.0,209.0,308.0,1.0,Rural
LP001387,Male,No,2,Graduate,Yes,0.0,0.0,138.0,424.0,0.0,Semiurban
LP002634,Female,Yes,0,Graduate,No,6564.0,967.0,207.0,345.0,1.0,Rural
LP002519,Female,No,2,Graduate,Yes,5076.0,3289.0,74.0,392.0,0.0,Urban
LP001334,Male,Yes,2,Graduate,No,9707.0,1405.0,190.0,284.0,1.0,Urban
LP001531,Female,No,2,Graduate,Yes,4676.0,58.0,104.0,397.0,1.0,Urban
LP002358,Female,Yes,3+,Not Graduate,Yes,12157.0,211.0,198.0,329.0,1.0,Rural
LP002639,Female,No,1,Graduate,Yes,0.0,2459.0,326.0,357.0,1.0,Rural
LP002561,Female,No,0,Graduate,No,12288.0,0.0,80.0,346.0,1.0,Rural
LP002433,Male,No,1,Not Graduate,Yes,5005.0,1941.0,115.0,354.0,1.0,Urban
LP002112,Male,Yes,2,Not Graduate,No,18597.0,3575.0,133.0,335.0,1.0,Rural
LP001483,Male,No,2,Not Graduate,Yes,10145.0,617.0,167.0,426.0,1.0,Urban
LP002148,Female,No,1,Graduate,Yes,3450.0,0.0,0.0,244.0,2.0,Urban
LP001565,Female,No,1,Not Graduate,Yes,4986.0,210.0,145.0,377.0,1.0,Semiurban
LP001561,Female,No,0,Not Graduate,No,0.0,1265.0,126.0,299.0,1.0,Semiurban
LP002869,Female,Yes,2,Not Graduate,No,7226.0,0.0,126.0,280.0,1.0,Urban
LP001352,Female,No,1,Graduate,Yes,3447.0,1685.0,165.0,481.0,1.0,Urban
LP001560,Male,No,3+,Not Graduate,Yes,9304.0,2070.0,170.0,280.0,1.0,Urban
LP002888,Female,No,2,Not Graduate,Yes,0.0,4871.0,169.0,224.0,0.0,Semiurban
LP002047,Female,Yes,2,Graduate,Yes,3302.0,1154.0,59.0,404.0,1.0,Urban
LP002281,Male,No,0,Not Graduate,Yes,0.0,1906.0,123.0,310.0,1.0,Semiurban
LP001903,Female,No,3+,Graduate,Yes,0.0,104.0,120.0,425.0,1.0,Semiurban
LP002107,Male,No,0,Graduate,Yes,8631.0,305.0,183.0,196.0,1.0,Rural
LP002651,Male,No,3+,Not Graduate,Yes,11584.0,3516.0,68.0,463.0,1.0,Rural
LP002618,Male,Yes,0,Graduate,No,0.0,964.0,157.0,404.0,1.0,Rural
LP002561,Male,No,3+,Not Graduate,Yes,15783.0,3849.0,267.0,329.0,1.0,Semiurban
LP002262,Male,No,3+,Not Graduate,No,13176.0,1475.0,0.0,229.0,0.0,Urban
LP001487,Female,Yes,3+,Not Graduate,Yes,0.0,0.0,129.0,256.0,1.0,Rural
LP001664,Male,Yes,1,Not Graduate,No,9889.0,0.0,0.0,297.0,1.0,Semiurban
LP002288,Male,Yes,2,Graduate,No,2559.0,8177.0,143.0,389.0,1.0,Urban
LP001153,Female,No,3+,Not Graduate,Yes,4621.0,1329.0,207.0,286.0,0.0,Rural
LP001097,Female,Yes,1,Not Graduate,No,8609.0,0.0,103.0,209.0,1.0,Semiurban
LP001380,Male,No,1,Not Graduate,No,7913.0,0.0,214.0,357.0,1.0,Rural
LP002473,Female,Yes,0,Graduate,Yes,1917.0,0.0,248.0,407.0,1.0,Rural
LP002860,Female,No,2,Graduate,Yes,1892.0,0.0,174.0,485.0,2.0,Semiurban
LP002450,Male,Yes,2,Not Graduate,Yes,2228.0,0.0,103.0,275.0,0.0,Rural
LP002505,Male,No,0,Graduate,No,11688.0,5578.0,184.0,282.0,1.0,Semiurban
LP002209,Female,Yes,2,Graduate,Yes,0.0,3409.0,273.0,147.0,1.0,Semiurban
LP001046,Male,No,0,Not Graduate,No,4258.0,1059.0,39.0,241.0,1.0,Rural
LP001739,Male,No,1,Not Graduate,Yes,14136.0,5.0,228.0,273.0,1.0,Urban
LP001313,Female,No,1,Not Graduate,Yes,9187.0,1162.0,43.0,284.0,1.0,Urban
LP001112,Male,No,3+,Not Graduate,No,11165.0,6443.0,25.0,307.0,-0.0,Urban
LP001761,Male,No,0,Not Graduate,No,4337.0,0.0,47.0,381.0,1.0,Semiurban
LP002180,Male,No,1,Graduate,No,0.0,0.0,139.0,376.0,1.0,Rural
LP002820,Male,No,1,Not Graduate,Yes,5497.0,3416.0,240.0,309.0,1.0,Urban
LP002401,Male,No,0,Not Graduate,Yes,1256.0,4343.0,0.0,343.0,1.0,Rural
LP001906,Female,Yes,1,Not Graduate,Yes,17884.0,5549.0,219.0,254.0,1.0,Urban
LP001915,Female,No,2,Not Graduate,No,4279.0,644.0,131.0,305.0,1.0,Urban
LP001068,Male,No,1,Not Graduate,No,8810.0,672.0,57.0,258.0,0.0,Rural
LP001751,Female,Yes,0,Graduate,No,14875.0,7073.0,188.0,294.0,1.0,Rural
LP001903,Male,No,2,Not Graduate,No,0.0,3221.0,106.0,463.0,2.0,Rural
LP002042,Male,Yes,2,Graduate,Yes,0.0,1371.0,317.0,352.0,1.0,Rural
LP002974,Male,No,1,Not Graduate,No,7970.0,2970.0,181.0,304.0,1.0,Urban
LP001917,Male,Yes,3+,Not Graduate,No,9043.0,417.0,147.0,373.0,1.0,Rural
LP002440,Male,Yes,2,Not Graduate,Yes,2821.0,2421.0,193.0,316.0,0.0,Semiurban
LP002878,Female,No,0,Graduate,Yes,0.0,2377.0,247.0,452.0,1.0,Urban
LP002534,Female,Yes,3+,Not Graduate,No,6944.0,3870.0,254.0,365.0,1.0,Semiurban
LP002448,Male,No,3+,Not Graduate,No,5045.0,0.0,214.0,267.0,2.0,Urban
LP002183,Female,No,2,Not Graduate,No,7015.0,2568.0,249.0,428.0,1.0,Urban
LP002107,Male,No,1,Not Graduate,No,0.0,0.0,236.0,383.0,1.0,Semiurban
LP001231,Female,No,3+,Not Graduate,No,7030.0,6701.0,213.0,373.0,1.0,Urban
LP002659,Male,Yes,1,Not Graduate,No,9847.0,462.0,112.0,396.0,1.0,Semiurban
LP002768,Female,No,2,Not Graduate,Yes,0.0,0.0,240.0,390.0,0.0,Urban
LP001656,Male,Yes,0,Graduate,Yes,13497.0,9153.0,109.0,376.0,1.0,Rural
LP001146,Male,Yes,3+,Not Graduate,Yes,6629.0,185.0,163.0,332.0,0.0,Urban
LP002640,Female,No,0,Not Graduate,Yes,10026.0,1860.0,113.0,401.0,1.0,Semiurban
LP001034,Female,No,1,Not Graduate,No,0.0,0.0,195.0,331.0,1.0,Rural
LP001585,Male,No,1,Graduate,No,9067.0,1458.0,242.0,429.0,1.0,Rural
LP001734,Female,No,0,Graduate,No,0.0,6150.0,111.0,375.0,1.0,Rural
LP001543,Male,Yes,2,Not Graduate,No,0.0,3518.0,33.0,354.0,1.0,Rural
LP002529,Female,No,2,Graduate,Yes,6680.0,0.0,221.0,383.0,1.0,Urban
LP001137,Female,Yes,3+,Not Graduate,No,3608.0,0.0,223.0,352.0,1.0,Semiurban
LP002201,Male,No,3+,Not Graduate,No,5336.0,4098.0,264.0,425.0,1.0,Rural
LP002682,Female,No,2,Graduate,No,16156.0,3333.0,212.0,404.0,1.0,Semiurban
LP001334,Female,No,2,Not Graduate,No,5247.0,281.0,214.0,347.0,1.0,Semiurban
LP002550,Male,No,0,Graduate,Yes,9222.0,2681.0,87.0,130.0,0.0,Rural
LP001703,Female,Yes,1,Graduate,No,4800.0,0.0,200.0,398.0,1.0,Semiurban
LP001109,Male,Yes,1,Graduate,Yes,4631.0,0.0,309.0,369.0,1.0,Semiurban
LP001908,Male,No,3+,Not Graduate,No,0.0,0.0,100.0,500.0,1.0,Semiurban
LP002137,Male,Yes,2,Not Graduate,No,7276.0,4118.0,48.0,258.0,1.0,Semiurban
LP002587,Male,Yes,0,Not Graduate,No,19620.0,1316.0,153.0,328.0,1.0,Urban
LP001972,Male,No,3+,Not Graduate,Yes,5680.0,1613.0,215.0,242.0,1.0,Urban
LP001633,Female,No,0,Not Graduate,No,3659.0,0.0,159.0,295.0,1.0,Urban
LP002961,Male,Yes,2,Not Graduate,No,11673.0,1467.0,281.0,444.0,1.0,Semiurban
LP001334,Male,Yes,2,Not Graduate,No,11005.0,3100.0,76.0,234.0,0.0,Urban
LP001452,Female,Yes,2,Graduate,Yes,7680.0,0.0,25.0,252.0,2.0,Rural
LP001401,Female,Yes,1,Not Graduate,Yes,3424.0,1722.0,253.0,380.0,1.0,Semiurban
LP001653,Female,No,2,Not Graduate,No,11697.0,1421.0,34.0,355.0,1.0,Urban
LP001841,Male,No,3+,Not Graduate,Yes,5869.0,337.0,167.0,321.0,1.0,Urban
LP002989,Male,Yes,1,Graduate,No,10384.0,5157.0,251.0,175.0,1.0,Semiurban
LP002759,Male,No,0,Graduate,No,514.0,4505.0,159.0,425.0,1.0,Semiurban
LP001560,Female,Yes,3+,Graduate,Yes,1838.0,10622.0,88.0,327.0,1.0,Semiurban
LP001846,Male,Yes,3+,Not Graduate,No,5732.0,0.0,241.0,276.0,0.0,Rural
LP002054,Female,No,0,Graduate,No,0.0,2767.0,156.0,363.0,1.0,Urban
LP001449,Male,Yes,1,Graduate,Yes,3073.0,5680.0,125.0,424.0,1.0,Rural
LP001036,Female,Yes,3+,Not Graduate,Yes,0.0,0.0,270.0,325.0,1.0,Urban
LP002016,Male,No,3+,Not Graduate,Yes,0.0,6200.0,113.0,300.0,2.0,Semiurban
LP001627,Male,No,3+,Not Graduate,Yes,19053.0,2594.0,96.0,345.0,1.0,Urban
LP002833,Male,Yes,1,Graduate,No,1712.0,0.0,73.0,367.0,1.0,Semiurban
LP002841,Female,Yes,1,Not Graduate,No,2212.0,0.0,237.0,373.0,1.0,Urban
LP002054,Female,No,1,Not Graduate,No,5637.0,24.0,176.0,326.0,1.0,Rural
LP002402,Male,Yes,3+,Not Graduate,No,0.0,1362.0,105.0,422.0,1.0,Urban
LP001368,Male,Yes,2,Not Graduate,No,2323.0,4969.0,31.0,285.0,1.0,Semiurban
LP002009,Male,No,0,Not Graduate,No,15627.0,1358.0,252.0,331.0,1.0,Rural
LP001082,Female,No,2,Not Graduate,No,7219.0,4863.0,106.0,331.0,0.0,Rural
LP001926,Male,No,1,Graduate,No,10796.0,1895.0,2.0,242.0,1.0,Urban
LP002806,Male,No,3+,Not Graduate,Yes,14142.0,1636.0,149.0,366.0,1.0,Urban
LP002329,Male,No,3+,Graduate,No,6379.0,808.0,222.0,348.0,1.0,Rural
LP001268,Male,No,2,Graduate,No,3920.0,4272.0,198.0,330.0,1.0,Urban
LP002885,Female,Yes,2,Not Graduate,No,0.0,1954.0,149.0,375.0,1.0,Semiurban
LP001149,Female,Yes,0,Graduate,No,2999.0,0.0,108.0,330.0,1.0,Semiurban
LP001535,Male,No,3+,Graduate,No,4254.0,2505.0,99.0,434.0,1.0,Urban
LP002556,Male,No,2,Graduate,Yes,582.0,359.0,241.0,373.0,1.0,Rural
LP002237,Female,Yes,0,Not Graduate,Yes,13980.0,208.0,0.0,367.0,1.0,Urban
LP001961,Female,Yes,1,Graduate,Yes,11457.0,4817.0,69.0,298.0,1.0,Rural
LP001356,Male,Yes,2,Graduate,No,10793.0,1169.0,135.0,219.0,1.0,Rural
LP002760,Female,No,1,Graduate,No,4518.0,7405.0,0.0,394.0,1.0,Semiurban
LP002263,Female,No,0,Graduate,No,0.0,3601.0,126.0,219.0,1.0,Urban
LP002090,Male,Yes,1,Not Graduate,No,12743.0,0.0,48.0,325.0,1.0,Rural
LP001813,Female,No,3+,Not Graduate,Yes,7090.0,0.0,179.0,400.0,1.0,Rural
LP001606,Female,No,3+,Graduate,Yes,9583.0,0.0,98.0,286.0,1.0,Rural
LP001114,Male,No,1,Not Graduate,No,8706.0,3249.0,112.0,312.0,1.0,Rural
LP002529,Male,Yes,3+,Not Graduate,No,6949.0,0.0,93.0,251.0,1.0,Semiurban
LP001358,Female,Yes,0,Graduate,Yes,16568.0,0.0,195.0,282.0,1.0,Semiurban
LP001794,Male,No,3+,Not Graduate,Yes,1436.0,0.0,137.0,290.0,1.0,Semiurban
LP002738,Female,No,1,Not Graduate,Yes,3420.0,0.0,216.0,312.0,1.0,Semiurban
LP002389,Male,No,1,Graduate,Yes,14526.0,2518.0,236.0,351.0,1.0,Semiurban
LP002117,Female,No,1,Graduate,Yes,5647.0,1377.0,120.0,357.0,0.0,Urban
LP002721,Male,No,2,Not Graduate,Yes,4463.0,4165.0,89.0,436.0,1.0,Urban
LP002314,Female,Yes,1,Not Graduate,Yes,3739.0,0.0,110.0,311.0,1.0,Semiurban
LP002697,Female,No,0,Not Graduate,No,9048.0,720.0,349.0,378.0,1.0,Rural
LP002176,Female,No,3+,Not Graduate,No,3874.0,6353.0,95.0,301.0,1.0,Rural
LP002622,Male,No,3+,Graduate,Yes,3235.0,674.0,129.0,451.0,0.0,Urban
LP002592,Male,Yes,2,Graduate,No,8955.0,2212.0,159.0,350.0,0.0,Urban
LP002167,Female,Yes,2,Graduate,Yes,5711.0,0.0,185.0,329.0,1.0,Urban
LP001106,Female,No,0,Graduate,No,0.0,989.0,151.0,291.0,1.0,Semiurban
LP001366,Male,Yes,1,Graduate,Yes,5362.0,2894.0,280.0,401.0,1.0,Rural
LP001041,Male,Yes,2,Not Graduate,No,13122.0,3388.0,161.0,351.0,1.0,Rural
LP002051,Male,Yes,3+,Not Graduate,Yes,9538.0,1923.0,131.0,356.0,1.0,Urban
LP001906,Male,Yes,2,Graduate,No,13825.0,895.0,217.0,273.0,1.0,Urban
LP002640,Male,Yes,2,Graduate,No,1015.0,1956.0,74.0,291.0,1.0,Urban
LP002287,Male,Yes,1,Graduate,Yes,11275.0,0.0,184.0,228.0,1.0,Urban
LP001219,Female,No,2,Not Graduate,Yes,1486.0,1016.0,114.0,309.0,1.0,Semiurban
LP002952,Male,Yes,0,Not Graduate,Yes,0.0,2505.0,242.0,311.0,1.0,Rural
LP002450,Female,Yes,3+,Not Graduate,No,606.0,4285.0,248.0,255.0,1.0,Semiurban
LP002515,Male,No,1,Graduate,No,5928.0,0.0,129.0,337.0,1.0,Rural
LP001504,Male,No,3+,Graduate,No,11034.0,1120.0,75.0,320.0,0.0,Semiurban
LP001318,Female,No,0,Graduate,No,6948.0,0.0,0.0,295.0,0.0,Rural
LP002142,Female,No,0,Graduate,Yes,4307.0,394.0,160.0,286.0,1.0,Semiurban
LP002208,Male,Yes,2,Graduate,Yes,0.0,4322.0,0.0,353.0,1.0,Rural
LP002046,Female,Yes,2,Not Graduate,No,9197.0,143.0,136.0,292.0,0.0,Semiurban
LP001589,Female,Yes,2,Graduate,Yes,10668.0,1341.0,99.0,449.0,1.0,Rural
LP002876,Female,Yes,3+,Not Graduate,Yes,6879.0,0.0,186.0,330.0,1.0,Urban
LP002329,Female,No,0,Not Graduate,Yes,0.0,76.0,141.0,402.0,1.0,Rural
LP001155,Male,Yes,1,Not Graduate,Yes,9785.0,0.0,99.0,268.0,1.0,Rural
LP001284,Female,Yes,2,Not Graduate,No,12169.0,2360.0,208.0,332.0,1.0,Semiurban
LP001446,Male,No,3+,Not Graduate,Yes,13910.0,2603.0,58.0,280.0,1.0,Urban
LP002863,Male,Yes,2,Graduate,Yes,2687.0,2518.0,186.0,370.0,1.0,Semiurban
LP001647,Male,Yes,0,Graduate,Yes,7665.0,2692.0,302.0,338.0,1.0,Rural
LP001439,Male,Yes,1,Graduate,No,2136.0,2523.0,217.0,471.0,1.0,Rural
LP001520,Female,Yes,0,Not Graduate,Yes,0.0,0.0,111.0,318.0,1.0,Rural
LP002008,Female,No,3+,Not Graduate,No,14196.0,0.0,64.0,228.0,1.0,Rural
LP002841,Male,No,2,Not Graduate,No,8395.0,0.0,215.0,338.0,1.0,Semiurban
LP002116,Male,No,0,Not Graduate,Yes,12542.0,342.0,48.0,355.0,2.0,Urban
LP001978,Male,No,3+,Not Graduate,Yes,0.0,0.0,143.0,301.0,1.0,Rural
LP001413,Male,No,2,Not Graduate,No,6822.0,1497.0,199.0,293.0,0.0,Semiurban
LP001358,Female,Yes,1,Graduate,No,8075.0,8289.0,64.0,264.0,1.0,Semiurban
LP002253,Male,Yes,0,Not Graduate,No,440.0,3729.0,60.0,374.0,0.0,Semiurban
LP001950,Female,No,2,Not Graduate,No,13653.0,5760.0,40.0,381.0,2.0,Semiurban
LP001179,Male,No,2,Graduate,Yes,3782.0,3835.0,266.0,500.0,1.0,Semiurban
LP002422,Male,No,2,Not Graduate,No,7763.0,1330.0,274.0,331.0,1.0,Rural
LP002984,Male,Yes,2,Graduate,Yes,2046.0,1576.0,273.0,352.0,1.0,Rural
LP001871,Male,No,0,Graduate,Yes,0.0,3953.0,283.0,326.0,2.0,Urban
LP001164,Female,Yes,2,Graduate,No,10380.0,2277.0,94.0,518.0,1.0,Urban
LP002847,Female,Yes,3+,Not Graduate,Yes,7339.0,819.0,2.0,382.0,1.0,Urban
LP001054,Female,Yes,0,Graduate,No,6531.0,5480.0,274.0,342.0,0.0,Urban
LP001008,Male,Yes,2,Graduate,No,3596.0,2811.0,214.0,479.0,1.0,Semiurban
LP001350,Male,No,0,Not Graduate,No,7184.0,0.0,208.0,338.0,1.0,Semiurban
LP001665,Female,Yes,3+,Graduate,Yes,12391.0,1112.0,62.0,573.0,0.0,Semiurban
LP001881,Female,Yes,3+,Not Graduate,Yes,1285.0,1739.0,150.0,451.0,1.0,Semiurban
LP002425,Male,No,0,Not Graduate,No,8371.0,503.0,155.0,341.0,1.0,Semiurban
LP002471,Male,Yes,2,Graduate,Yes,6333.0,555.0,138.0,376.0,1.0,Semiurban
LP002138,Female,Yes,2,Not Graduate,Yes,4130.0,467.0,77.0,350.0,1.0,Semiurban
LP001138,Male,Yes,3+,Not Graduate,Yes,0.0,0.0,0.0,391.0,1.0,Semiurban
LP002389,Male,No,2,Graduate,Yes,5111.0,0.0,84.0,304.0,1.0,Urban
LP002152,Female,Yes,3+,Graduate,Yes,9011.0,0.0,0.0,479.0,0.0,Rural
LP002786,Male,Yes,2,Graduate,No,7025.0,513.0,111.0,300.0,1.0,Urban
LP002123,Female,No,3+,Graduate,Yes,0.0,0.0,95.0,359.0,1.0,Semiurban
LP001221,Male,No,1,Not Graduate,Yes,12282.0,0.0,52.0,366.0,1.0,Semiurban
LP001883,Female,Yes,2,Graduate,No,14565.0,914.0,174.0,322.0,1.0,Semiurban
LP002191,Male,Yes,2,Graduate,Yes,4556.0,4405.0,116.0,258.0,0.0,Rural
LP001124,Female,No,2,Graduate,Yes,18342.0,4226.0,122.0,358.0,1.0,Semiurban
LP001367,Female,Yes,0,Not Graduate,Yes,455.0,4317.0,250.0,358.0,1.0,Semiurban
LP001313,Female,No,2,Not Graduate,No,0.0,0.0,118.0,321.0,0.0,Urban
LP001231,Female,Yes,0,Not Graduate,Yes,0.0,998.0,178.0,323.0,1.0,Urban
LP001226,Male,No,0,Not Graduate,Yes,6576.0,4961.0,59.0,352.0,1.0,Semiurban
LP001422,Male,Yes,3+,Not Graduate,No,0.0,0.0,162.0,423.0,1.0,Rural
LP002186,Female,No,0,Graduate,No,3409.0,353.0,135.0,419.0,1.0,Rural
LP001975,Male,No,0,Not Graduate,Yes,21892.0,2206.0,150.0,374.0,1.0,Urban
LP002958,Male,No,1,Not Graduate,No,0.0,0.0,48.0,314.0,0.0,Urban
LP001197,Male,No,2,Not Graduate,No,2064.0,2768.0,55.0,320.0,1.0,Rural
LP002853,Male,No,0,Graduate,No,0.0,5808.0,116.0,326.0,1.0,Urban
LP002129,Male,Yes,2,Graduate,Yes,3558.0,4931.0,246.0,313.0,1.0,Semiurban
LP001662,Female,Yes,0,Not Graduate,Yes,3197.0,1119.0,31.0,270.0,0.0,Semiurban
LP002522,Female,No,3+,Graduate,No,1367.0,3816.0,273.0,291.0,1.0,Semiurban
LP001404,Female,Yes,1,Not Graduate,No,4290.0,0.0,88.0,381.0,2.0,Semiurban
LP002184,Female,Yes,0,Graduate,No,8786.0,2359.0,149.0,300.0,1.0,Urban
LP002007,Male,Yes,2,Graduate,No,13069.0,774.0,220.0,345.0,1.0,Semiurban
LP001448,Male,Yes,3+,Not Graduate,Yes,3560.0,1196.0,115.0,342.0,2.0,Semiurban
LP002263,Female,Yes,2,Graduate,No,5213.0,1884.0,124.0,372.0,1.0,Semiurban
LP002609,Male,Yes,3+,Not Graduate,Yes,7818.0,2656.0,255.0,299.0,1.0,Semiurban
LP001163,Male,No,1,Not Graduate,No,0.0,0.0,227.0,127.0,1.0,Rural
LP001197,Female,Yes,3+,Not Graduate,Yes,4310.0,0.0,197.0,302.0,1.0,Semiurban
LP001115,Male,Yes,2,Graduate,Yes,2301.0,905.0,131.0,282.0,-0.0,Urban
LP002643,Female,Yes,2,Graduate,No,10601.0,0.0,137.0,205.0,1.0,Semiurban
LP001742,Female,No,0,Not Graduate,Yes,15157.0,1975.0,59.0,306.0,1.0,Rural
LP002056,Male,Yes,3+,Not Graduate,Yes,754.0,3866.0,121.0,298.0,1.0,Semiurban
LP001326,Male,Yes,2,Graduate,Yes,12469.0,5387.0,148.0,340.0,2.0,Urban
LP001135,Female,Yes,0,Not Graduate,No,0.0,1864.0,140.0,376.0,1.0,Urban
LP001405,Female,No,1,Graduate,Yes,6323.0,6731.0,165.0,464.0,1.0,Rural
LP002804,Male,Yes,2,Graduate,Yes,6661.0,1507.0,229.0,348.0,1.0,Urban
LP002949,Female,No,0,Graduate,No,0.0,0.0,25.0,344.0,1.0,Urban
LP002547,Female,Yes,2,Not Graduate,No,462.0,1450.0,93.0,472.0,1.0,Urban
LP001786,Female,No,3+,Not Graduate,Yes,0.0,1043.0,231.0,260.0,2.0,Rural
LP002476,Male,No,0,Graduate,Yes,0.0,3005.0,333.0,264.0,1.0,Rural
LP002566,Female,No,3+,Not Graduate,No,0.0,2338.0,59.0,381.0,1.0,Rural
LP001891,Male,Yes,1,Not Graduate,No,3999.0,2144.0,94.0,428.0,1.0,Rural
LP001644,Female,No,3+,Graduate,Yes,4686.0,4231.0,41.0,435.0,1.0,Rural
LP001472,Male,No,0,Graduate,Yes,4641.0,433.0,0.0,225.0,1.0,Rural
LP002434,Female,No,2,Not Graduate,No,9541.0,3067.0,164.0,227.0,1.0,Rural
LP002892,Male,No,0,Graduate,No,0.0,2366.0,189.0,335.0,1.0,Rural
LP001999,Male,Yes,3+,Not Graduate,Yes,3010.0,1912.0,119.0,388.0,-0.0,Rural
LP002358,Male,Yes,3+,Graduate,Yes,19759.0,1423.0,120.0,317.0,1.0,Semiurban
LP001814,Female,Yes,2,Graduate,No,10230.0,0.0,134.0,266.0,1.0,Rural
LP002890,Female,Yes,1,Not Graduate,Yes,10262.0,912.0,98.0,259.0,1.0,Semiurban
LP001255,Female,No,0,Not Graduate,Yes,0.0,1086.0,139.0,410.0,0.0,Rural
LP001532,Male,Yes,2,Not Graduate,Yes,4064.0,0.0,250.0,412.0,1.0,Rural
LP001221,Female,No,2,Not Graduate,Yes,0.0,0.0,78.0,383.0,1.0,Rural
LP002390,Male,Yes,2,Not Graduate,No,8514.0,89.0,121.0,339.0,1.0,Semiurban
LP001279,Female,Yes,0,Graduate,No,13155.0,315.0,133.0,286.0,1.0,Semiurban
LP001445,Male,Yes,0,Graduate,Yes,0.0,0.0,99.0,218.0,1.0,Rural
LP001922,Male,No,0,Not Graduate,Yes,0.0,0.0,148.0,244.0,1.0,Rural
LP002962,Male,Yes,1,Graduate,Yes,4997.0,0.0,0.0,210.0,1.0,Semiurban
LP001734,Female,Yes,2,Not Graduate,Yes,6053.0,2404.0,187.0,323.0,1.0,Rural
LP001238,Female,Yes,3+,Graduate,No,2095.0,4261.0,67.0,373.0,1.0,Rural
LP001138,Female,No,3+,Graduate,Yes,536.0,1646.0,77.0,346.0,1.0,Semiurban
LP001322,Male,Yes,2,Not Graduate,Yes,597.0,503.0,130.0,434.0,1.0,Semiurban
LP001739,Male,Yes,3+,Not Graduate,No,4901.0,0.0,35.0,354.0,0.0,Semiurban
LP002870,Female,No,1,Not Graduate,No,8518.0,0.0,246.0,235.0,1.0,Rural
LP002448,Female,No,1,Graduate,Yes,4899.0,1512.0,79.0,333.0,1.0,Semiurban
LP001688,Female,Yes,0,Not Graduate,No,4355.0,3276.0,346.0,335.0,1.0,Rural
LP002630,Male,Yes,0,Not Graduate,No,0.0,0.0,191.0,375.0,1.0,Urban
LP001726,Male,Yes,0,Not Graduate,Yes,10118.0,4471.0,99.0,397.0,1.0,Urban
LP002522,Male,No,0,Not Graduate,Yes,4887.0,0.0,119.0,373.0,1.0,Rural
LP002379,Male,No,0,Not Graduate,No,2693.0,4552.0,154.0,311.0,1.0,Rural
LP002115,Male,No,3+,Not Graduate,Yes,6633.0,0.0,274.0,432.0,1.0,Semiurban
LP002778,Female,Yes,3+,Graduate,No,374.0,0.0,216.0,397.0,1.0,Rural
LP002983,Male,No,0,Graduate,No,2811.0,3305.0,210.0,174.0,1.0,Rural
LP001931,Male,Yes,1,Graduate,No,5793.0,0.0,119.0,392.0,1.0,Semiurban
LP001843,Male,No,3+,Graduate,Yes,1315.0,0.0,99.0,285.0,1.0,Rural
LP001622,Male,No,1,Not Graduate,Yes,0.0,2911.0,192.0,228.0,1.0,Urban
LP002149,Male,No,1,Not Graduate,No,0.0,0.0,246.0,359.0,0.0,Rural
LP001047,Female,Yes,2,Graduate,No,7718.0,0.0,132.0,493.0,1.0,Semiurban
LP001817,Male,Yes,2,Graduate,Yes,5003.0,5167.0,90.0,339.0,1.0,Rural
LP002690,Male,Yes,0,Graduate,No,4801.0,1045.0,63.0,323.0,1.0,Rural
LP001791,Male,Yes,1,Not Graduate,No,0.0,0.0,13.0,348.0,1.0,Rural
LP002245,Female,No,3+,Not Graduate,Yes,5063.0,343.0,108.0,498.0,0.0,Urban
LP001343,Female,Yes,2,Not Graduate,Yes,2899.0,7400.0,123.0,325.0,1.0,Semiurban
LP002056,Female,No,2,Graduate,Yes,1762.0,1907.0,141.0,406.0,1.0,Urban
LP001630,Male,Yes,1,Graduate,Yes,4752.0,0.0,184.0,316.0,1.0,Urban
LP001744,Female,Yes,2,Graduate,No,6868.0,2965.0,106.0,304.0,1.0,Semiurban
LP002604,Male,No,2,Graduate,Yes,15146.0,367.0,282.0,434.0,1.0,Semiurban
LP001817,Male,No,3+,Graduate,Yes,8399.0,217.0,54.0,270.0,1.0,Urban
LP001231,Female,Yes,1,Not Graduate,No,10064.0,0.0,195.0,391.0,0.0,Urban
LP002409,Male,Yes,2,Not Graduate,No,11471.0,3924.0,48.0,320.0,1.0,Rural
LP002964,Male,No,1,Not Graduate,No,829.0,2131.0,77.0,293.0,1.0,Semiurban
LP001855,Male,No,2,Not Graduate,Yes,3352.0,5469.0,164.0,315.0,1.0,Urban
LP002065,Female,No,3+,Not Graduate,No,26.0,2436.0,223.0,196.0,0.0,Rural
LP002659,Male,No,1,Graduate,Yes,1297.0,5755.0,121.0,274.0,1.0,Urban
LP001032,Male,No,2,Not Graduate,No,2741.0,3369.0,149.0,351.0,1.0,Urban
LP002009,Female,Yes,3+,Graduate,Yes,1161.0,895.0,240.0,326.0,1.0,Semiurban
LP002106,Male,Yes,2,Not Graduate,No,6456.0,1234.0,48.0,281.0,1.0,Urban
LP001794,Male,Yes,1,Graduate,Yes,7645.0,6571.0,202.0,439.0,1.0,Semiurban
LP001854,Female,Yes,2,Graduate,Yes,0.0,5147.0,89.0,278.0,1.0,Urban
LP002587,Male,No,1,Graduate,No,3402.0,5807.0,161.0,436.0,1.0,Rural
LP002561,Male,No,1,Graduate,No,3465.0,0.0,184.0,352.0,0.0,Semiurban
LP001552,Male,No,2,Graduate,Yes,0.0,0.0,51.0,325.0,1.0,Semiurban
LP002524,Male,Yes,3+,Graduate,No,817.0,0.0,85.0,348.0,1.0,Rural
LP002325,Male,No,0,Not Graduate,Yes,10154.0,2052.0,194.0,361.0,1.0,Semiurban
LP001270,Female,No,3+,Graduate,Yes,10081.0,0.0,122.0,280.0,0.0,Rural
LP002609,Female,Yes,3+,Graduate,Yes,0.0,1676.0,87.0,282.0,1.0,Semiurban
LP001400,Female,Yes,2,Not Graduate,No,7869.0,375.0,158.0,329.0,1.0,Semiurban
LP001332,Female,Yes,3+,Graduate,Yes,0.0,0.0,59.0,371.0,1.0,Semiurban
LP002225,Male,No,3+,Not Graduate,Yes,2893.0,2768.0,51.0,385.0,1.0,Semiurban
LP002757,Male,No,0,Not Graduate,Yes,4626.0,1686.0,0.0,423.0,1.0,Urban
LP002760,Male,Yes,3+,Graduate,Yes,9467.0,5216.0,170.0,262.0,1.0,Urban
LP002869,Male,Yes,0,Graduate,No,4185.0,2037.0,145.0,365.0,0.0,Urban
LP001407,Male,No,2,Not Graduate,No,0.0,3730.0,184.0,341.0,1.0,Semiurban
LP002367,Female,Yes,0,Graduate,Yes,0.0,0.0,237.0,308.0,1.0,Urban
LP002984,Female,No,1,Not Graduate,No,6137.0,2545.0,124.0,473.0,1.0,Semiurban
LP001882,Male,Yes,1,Graduate,No,1570.0,3800.0,137.0,370.0,1.0,Semiurban
LP002212,Male,Yes,0,Not Graduate,Yes,2852.0,3115.0,169.0,435.0,1.0,Rural
LP002872,Male,Yes,1,Graduate,No,10707.0,986.0,98.0,123.0,1.0,Rural
LP002341,Female,No,2,Graduate,No,7657.0,2555.0,30.0,410.0,1.0,Rural
LP001578,Male,No,1,Not Graduate,No,14217.0,3295.0,53.0,377.0,1.0,Semiurban
LP002270,Male,Yes,0,Not Graduate,No,0.0,4868.0,139.0,388.0,1.0,Rural
LP001123,Male,No,2,Not Graduate,No,1141.0,76.0,220.0,323.0,1.0,Rural
LP002792,Female,Yes,1,Not Graduate,No,6226.0,0.0,264.0,480.0,0.0,Semiurban
LP001922,Male,Yes,2,Graduate,Yes,15538.0,0.0,120.0,329.0,1.0,Semiurban
LP002277,Female,No,0,Not Graduate,No,653.0,1997.0,156.0,341.0,2.0,Urban
LP001027,Female,No,1,Not Graduate,Yes,5399.0,1614.0,287.0,279.0,1.0,Semiurban
LP002961,Female,No,2,Graduate,Yes,12704.0,3307.0,183.0,340.0,0.0,Urban
LP001972,Female,No,2,Graduate,Yes,5464.0,3861.0,153.0,331.0,1.0,Semiurban
LP002568,Female,Yes,1,Not Graduate,No,10989.0,0.0,159.0,412.0,1.0,Rural
LP001841,Female,No,2,Graduate,No,16328.0,294.0,188.0,384.0,0.0,Semiurban
LP002600,Male,No,2,Not Graduate,Yes,6861.0,2179.0,48.0,419.0,1.0,Urban
LP001771,Male,Yes,0,Graduate,Yes,7791.0,4634.0,201.0,335.0,1.0,Semiurban
LP001100,Male,Yes,0,Not Graduate,Yes,9411.0,1457.0,177.0,320.0,1.0,Semiurban
LP001589,Female,Yes,0,Graduate,No,29.0,5314.0,227.0,400.0,0.0,Rural
LP002311,Male,Yes,0,Not Graduate,No,0.0,3101.0,181.0,352.0,1.0,Semiurban
LP001310,Female,No,0,Not Graduate,No,6082.0,2637.0,222.0,189.0,1.0,Rural
LP001906,Female,No,0,Graduate,Yes,1620.0,1302.0,71.0,313.0,0.0,Urban
LP002959,Female,Yes,1,Graduate,No,11175.0,1535.0,96.0,200.0,1.0,Semiurban
LP002735,Male,Yes,0,Not Graduate,No,6970.0,2501.0,154.0,289.0,1.0,Urban
LP002932,Female,No,2,Not Graduate,Yes,11079.0,1071.0,84.0,409.0,1.0,Semiurban
LP002950,Female,No,1,Graduate,No,0.0,4627.0,209.0,320.0,1.0,Rural
LP002342,Male,No,2,Graduate,Yes,10884.0,3993.0,33.0,325.0,1.0,Semiurban
LP001398,Male,No,0,Graduate,No,0.0,4859.0,130.0,330.0,1.0,Rural
LP001031,Female,No,0,Graduate,Yes,0.0,0.0,99.0,343.0,1.0,Urban
LP002592,Female,Yes,2,Graduate,No,8780.0,0.0,85.0,320.0,1.0,Urban
LP001665,Male,Yes,2,Graduate,Yes,2318.0,2928.0,36.0,460.0,1.0,Rural
LP002168,Male,Yes,2,Graduate,No,2866.0,1383.0,146.0,231.0,1.0,Semiurban
LP002603,Male,Yes,3+,Graduate,Yes,5791.0,2306.0,136.0,357.0,1.0,Rural
LP001082,Female,No,3+,Graduate,Yes,13278.0,0.0,290.0,378.0,0.0,Rural
LP002571,Male,Yes,3+,Not Graduate,No,0.0,0.0,335.0,284.0,1.0,Rural
LP001253,Male,No,3+,Graduate,No,12291.0,2234.0,60.0,384.0,1.0,Rural
LP002328,Male,No,1,Graduate,Yes,12626.0,0.0,0.0,299.0,0.0,Urban
LP002211,Female,No,0,Not Graduate,No,2307.0,3543.0,50.0,373.0,1.0,Rural
LP002347,Male,No,2,Not Graduate,Yes,1222.0,0.0,138.0,260.0,0.0,Rural
LP001599,Male,No,0,Not Graduate,Yes,4508.0,0.0,230.0,348.0,0.0,Urban
LP001903,Male,No,2,Not Graduate,No,1101.0,0.0,105.0,487.0,1.0,Urban
LP001815,Male,No,0,Not Graduate,No,7143.0,4994.0,187.0,283.0,1.0,Urban
LP001335,Male,Yes,1,Not Graduate,No,7885.0,3498.0,81.0,315.0,1.0,Semiurban
LP002265,Female,No,3+,Graduate,Yes,0.0,0.0,105.0,450.0,1.0,Semiurban
LP002397,Female,Yes,0,Not Graduate,Yes,0.0,0.0,155.0,423.0,1.0,Urban
LP002459,Female,Yes,2,Not Graduate,No,0.0,0.0,142.0,456.0,1.0,Rural
LP002712,Male,No,0,Not Graduate,Yes,6402.0,4177.0,140.0,318.0,0.0,Rural
LP001656,Female,No,1,Graduate,Yes,10148.0,169.0,59.0,365.0,1.0,Urban
LP001655,Female,Yes,1,Not Graduate,No,0.0,1039.0,237.0,372.0,0.0,Urban
LP001386,Female,Yes,0,Graduate,Yes,10108.0,4295.0,237.0,292.0,1.0,Semiurban
LP001334,Male,Yes,3+,Not Graduate,Yes,0.0,0.0,238.0,269.0,1.0,Urban
LP002772,Male,Yes,2,Not Graduate,Yes,9272.0,0.0,90.0,261.0,1.0,Semiurban
LP002975,Female,No,1,Graduate,No,3564.0,2199.0,152.0,310.0,1.0,Urban
LP001326,Female,No,1,Graduate,No,2664.0,840.0,102.0,259.0,1.0,Rural
LP001270,Male,No,0,Not Graduate,Yes,11686.0,0.0,67.0,298.0,1.0,Urban
LP001268,Male,Yes,1,Graduate,No,15361.0,3525.0,165.0,277.0,1.0,Rural
LP001647,Female,No,1,Graduate,Yes,0.0,3010.0,0.0,376.0,1.0,Urban
LP001650,Male,Yes,2,Not Graduate,No,8594.0,3864.0,208.0,368.0,1.0,Semiurban
LP001109,Female,No,3+,Not Graduate,Yes,6190.0,1185.0,52.0,305.0,1.0,Urban
LP001923,Male,Yes,2,Not Graduate,Yes,8927.0,0.0,118.0,320.0,1.0,Rural
LP002190,Female,No,3+,Graduate,Yes,0.0,1631.0,0.0,381.0,1.0,Rural
LP001420,Female,No,2,Not Graduate,Yes,0.0,0.0,282.0,319.0,1.0,Rural
LP002697,Male,Yes,0,Not Graduate,No,1356.0,0.0,193.0,303.0,1.0,Urban
LP001907,Female,Yes,1,Graduate,Yes,6393.0,855.0,149.0,256.0,0.0,Semiurban
LP001722,Female,Yes,3+,Graduate,Yes,1007.0,1879.0,89.0,427.0,1.0,Semiurban
LP002389,Female,Yes,0,Not Graduate,No,3340.0,5947.0,60.0,237.0,0.0,Semiurban
LP002412,Male,Yes,1,Graduate,No,9910.0,0.0,127.0,322.0,1.0,Rural
LP002042,Male,No,1,Not Graduate,Yes,16848.0,3443.0,166.0,285.0,1.0,Rural
LP001892,Male,Yes,1,Graduate,Yes,9504.0,0.0,125.0,352.0,1.0,Semiurban
LP002442,Female,No,2,Not Graduate,No,10074.0,5055.0,184.0,313.0,1.0,Semiurban
LP001206,Male,No,0,Graduate,Yes,4144.0,0.0,286.0,348.0,1.0,Urban
LP002940,Female,No,0,Graduate,Yes,108.0,692.0,59.0,287.0,0.0,Urban
LP002441,Female,No,1,Graduate,Yes,3323.0,726.0,161.0,313.0,1.0,Urban
LP001599,Male,No,3+,Graduate,Yes,4850.0,3665.0,277.0,254.0,1.0,Semiurban
LP002116,Male,Yes,0,Not Graduate,Yes,0.0,0.0,118.0,277.0,1.0,Semiurban
LP002277,Female,Yes,2,Graduate,Yes,9822.0,1120.0,132.0,312.0,1.0,Semiurban
LP001450,Female,No,3+,Not Graduate,Yes,13833.0,0.0,178.0,353.0,1.0,Rural
LP001038,Male,No,3+,Graduate,Yes,5877.0,7578.0,195.0,333.0,1.0,Semiurban
LP001608,Male,Yes,3+,Graduate,Yes,11354.0,0.0,224.0,431.0,1.0,Urban
LP002983,Male,Yes,3+,Not Graduate,No,12062.0,0.0,151.0,244.0,0.0,Urban
LP002272,Female,No,0,Graduate,No,0.0,6209.0,81.0,325.0,1.0,Rural
LP002424,Female,Yes,1,Graduate,No,0.0,2938.0,186.0,194.0,0.0,Urban
LP001770,Female,Yes,3+,Not Graduate,Yes,2338.0,0.0,68.0,331.0,1.0,Urban
LP002644,Female,Yes,2,Graduate,Yes,5726.0,1514.0,168.0,299.0,1.0,Rural
LP001255,Female,No,2,Not Graduate,Yes,0.0,0.0,148.0,309.0,0.0,Urban
LP001872,Male,Yes,1,Graduate,No,13280.0,0.0,147.0,298.0,1.0,Rural
LP002453,Male,No,0,Graduate,No,16278.0,1155.0,136.0,371.0,1.0,Urban
LP002027,Female,No,1,Graduate,Yes,6200.0,1136.0,220.0,360.0,1.0,Rural
LP001548,Female,No,3+,Not Graduate,No,0.0,2525.0,190.0,264.0,0.0,Rural
LP001627,Male,No,0,Graduate,No,7949.0,0.0,196.0,328.0,1.0,Semiurban
LP002234,Male,No,0,Graduate,Yes,0.0,0.0,107.0,243.0,0.0,Rural
LP002821,Male,Yes,3+,Graduate,Yes,11690.0,578.0,15.0,231.0,1.0,Urban
LP002321,Male,No,2,Graduate,No,3862.0,0.0,112.0,368.0,1.0,Semiurban
LP002622,Female,No,3+,Graduate,Yes,9322.0,4693.0,176.0,268.0,1.0,Semiurban
LP002187,Male,No,1,Graduate,No,10316.0,3910.0,145.0,302.0,0.0,Semiurban
LP001507,Female,Yes,3+,Graduate,No,8244.0,199.0,109.0,356.0,0.0,Rural
LP002476,Male,Yes,2,Graduate,No,15347.0,3055.0,160.0,341.0,1.0,Rural
LP001238,Male,Yes,3+,Graduate,Yes,6195.0,0.0,122.0,434.0,1.0,Semiurban
LP001334,Male,Yes,1,Not Graduate,No,2314.0,348.0,146.0,260.0,1.0,Rural
LP002272,Female,Yes,1,Graduate,No,0.0,5581.0,0.0,422.0,1.0,Urban
LP001052,Female,Yes,2,Not Graduate,Yes,0.0,3358.0,202.0,380.0,1.0,Urban
LP002843,Male,Yes,1,Not Graduate,Yes,8893.0,2388.0,190.0,392.0,1.0,Urban
LP002542,Female,No,1,Not Graduate,No,4133.0,627.0,306.0,317.0,0.0,Rural
LP002502,Female,No,3+,Graduate,Yes,536.0,1488.0,87.0,280.0,1.0,Urban
LP002541,Male,Yes,0,Not Graduate,Yes,0.0,0.0,104.0,348.0,1.0,Urban
LP002832,Male,No,1,Not Graduate,No,9400.0,723.0,156.0,280.0,2.0,Rural
LP001528,Female,No,1,Not Graduate,Yes,0.0,2624.0,140.0,278.0,1.0,Rural
LP001507,Female,Yes,2,Graduate,No,14467.0,1530.0,265.0,352.0,1.0,Urban
LP002840,Female,No,2,Not Graduate,Yes,18569.0,1530.0,111.0,411.0,1.0,Semiurban
LP001114,Male,No,3+,Graduate,Yes,54.0,0.0,131.0,238.0,1.0,Semiurban
LP001379,Male,Yes,3+,Not Graduate,No,8995.0,0.0,99.0,427.0,0.0,Rural
LP001415,Female,No,1,Not Graduate,No,7686.0,0.0,260.0,261.0,1.0,Rural
LP001120,Male,Yes,0,Graduate,Yes,0.0,917.0,180.0,322.0,1.0,Rural
LP001640,Male,Yes,0,Graduate,Yes,0.0,3598.0,264.0,323.0,1.0,Semiurban
LP002782,Female,No,3+,Not Graduate,Yes,4482.0,0.0,368.0,311.0,1.0,Urban
LP002281,Female,No,2,Not Graduate,No,0.0,1713.0,83.0,327.0,1.0,Semiurban
LP001744,Male,No,1,Not Graduate,Yes,11395.0,1644.0,226.0,351.0,1.0,Rural
LP001115,Male,Yes,1,Graduate,No,3778.0,4131.0,123.0,425.0,2.0,Semiurban
LP001478,Female,Yes,0,Graduate,Yes,0.0,1638.0,89.0,329.0,1.0,Rural
LP001565,Male,Yes,3+,Not Graduate,Yes,4673.0,0.0,29.0,283.0,1.0,Urban
LP001716,Male,No,0,Not Graduate,Yes,7836.0,7379.0,307.0,273.0,1.0,Rural
LP001613,Female,No,0,Graduate,Yes,1054.0,4244.0,220.0,363.0,1.0,Urban
LP001778,Female,Yes,3+,Graduate,Yes,0.0,2916.0,125.0,395.0,1.0,Urban
LP002279,Male,No,2,Not Graduate,No,5899.0,37.0,191.0,300.0,0.0,Semiurban
LP001230,Male,No,1,Graduate,No,0.0,735.0,2.0,402.0,1.0,Rural
LP001742,Male,Yes,2,Not Graduate,No,659.0,0.0,135.0,483.0,0.0,Semiurban
LP002917,Female,Yes,3+,Graduate,Yes,7851.0,695.0,84.0,428.0,1.0,Rural
LP001018,Male,No,3+,Not Graduate,No,1832.0,2080.0,254.0,295.0,1.0,Rural
LP001250,Male,Yes,1,Not Graduate,No,4376.0,1533.0,260.0,409.0,1.0,Rural
LP002858,Female,No,2,Not Graduate,Yes,13455.0,6367.0,211.0,402.0,1.0,Semiurban
LP002562,Female,Yes,1,Graduate,Yes,3175.0,3426.0,216.0,346.0,0.0,Semiurban
LP002635,Male,Yes,0,Not Graduate,No,16691.0,4249.0,92.0,401.0,1.0,Rural
LP001841,Female,Yes,0,Not Graduate,No,9394.0,3071.0,198.0,392.0,1.0,Semiurban
LP001761,Female,No,0,Graduate,No,0.0,2044.0,36.0,423.0,1.0,Rural
LP002683,Male,No,2,Not Graduate,No,2467.0,2838.0,25.0,380.0,1.0,Semiurban
LP001594,Female,Yes,0,Not Graduate,No,0.0,0.0,134.0,391.0,1.0,Semiurban
LP001211,Female,Yes,1,Not Graduate,No,8810.0,894.0,184.0,276.0,1.0,Urban
LP001578,Male,Yes,2,Graduate,No,12723.0,0.0,189.0,342.0,0.0,Semiurban
LP001580,Female,No,1,Graduate,Yes,3139.0,0.0,45.0,293.0,0.0,Rural
LP002263,Male,Yes,3+,Graduate,No,0.0,4847.0,22.0,420.0,0.0,Semiurban
LP002825,Male,Yes,2,Graduate,Yes,7233.0,0.0,108.0,254.0,1.0,Semiurban
LP002018,Female,Yes,1,Not Graduate,Yes,271.0,0.0,75.0,200.0,0.0,Rural
LP001115,Female,Yes,1,Graduate,Yes,1132.0,2661.0,190.0,250.0,-0.0,Semiurban
LP001658,Female,No,2,Graduate,No,6954.0,1415.0,64.0,327.0,1.0,Urban
LP002670,Male,No,3+,Graduate,No,12196.0,2815.0,293.0,210.0,1.0,Urban
LP001086,Female,Yes,2,Not Graduate,Yes,9391.0,6376.0,171.0,219.0,1.0,Urban
LP001572,Male,No,0,Not Graduate,No,7626.0,3159.0,131.0,385.0,1.0,Urban
LP002357,Female,No,0,Not Graduate,No,4284.0,0.0,54.0,252.0,1.0,Rural
LP002113,Female,No,3+,Graduate,Yes,0.0,4138.0,40.0,408.0,1.0,Rural
LP001187,Female,Yes,1,Not Graduate,No,7161.0,1004.0,118.0,256.0,1.0,Urban
LP002586,Male,No,1,Not Graduate,Yes,9267.0,2059.0,98.0,203.0,1.0,Rural
LP002180,Female,No,1,Graduate,Yes,1791.0,0.0,8.0,275.0,1.0,Semiurban
LP002195,Female,No,2,Not Graduate,Yes,3093.0,2970.0,249.0,258.0,2.0,Semiurban
LP002116,Male,Yes,2,Graduate,Yes,11502.0,0.0,57.0,258.0,0.0,Semiurban
LP002602,Male,Yes,3+,Graduate,No,2945.0,3054.0,170.0,335.0,1.0,Urban
LP001226,Female,No,0,Not Graduate,Yes,3639.0,0.0,177.0,353.0,1.0,Urban
LP002637,Female,No,1,Graduate,No,4676.0,3565.0,17.0,432.0,1.0,Rural
LP002068,Female,Yes,0,Graduate,No,8970.0,0.0,113.0,319.0,1.0,Rural
LP001722,Male,Yes,2,Graduate,No,6850.0,0.0,33.0,361.0,1.0,Rural
LP001964,Male,No,2,Graduate,No,6429.0,130.0,174.0,256.0,1.0,Urban
LP001473,Male,No,2,Graduate,Yes,13824.0,2326.0,147.0,283.0,1.0,Rural
LP002059,Male,Yes,0,Graduate,Yes,2848.0,0.0,137.0,427.0,1.0,Semiurban
LP001241,Female,Yes,3+,Not Graduate,Yes,0.0,2156.0,79.0,434.0,1.0,Semiurban
LP001836,Male,No,3+,Graduate,Yes,11001.0,3979.0,234.0,446.0,1.0,Semiurban
LP002335,Male,Yes,2,Graduate,Yes,6495.0,0.0,113.0,334.0,1.0,Urban
LP001975,Male,No,1,Graduate,No,1824.0,2160.0,28.0,256.0,1.0,Rural
LP002424,Female,No,0,Graduate,Yes,3130.0,3069.0,69.0,291.0,1.0,Rural
LP002420,Female,No,2,Not Graduate,No,0.0,1078.0,0.0,321.0,1.0,Urban
LP001634,Male,Yes,0,Not Graduate,No,6499.0,1378.0,92.0,305.0,0.0,Urban
LP001577,Male,No,0,Graduate,Yes,0.0,0.0,72.0,350.0,1.0,Semiurban
LP001316,Female,No,3+,Not Graduate,No,9064.0,2791.0,196.0,391.0,1.0,Urban
LP001527,Female,Yes,2,Graduate,No,2205.0,1768.0,187.0,275.0,1.0,Semiurban
LP002346,Female,Yes,3+,Graduate,Yes,0.0,2012.0,159.0,467.0,1.0,Semiurban
LP002717,Female,No,2,Graduate,Yes,11429.0,7215.0,216.0,347.0,1.0,Rural
LP001114,Female,No,0,Graduate,Yes,18030.0,1040.0,51.0,431.0,0.0,Semiurban
LP001443,Female,Yes,3+,Not Graduate,No,7670.0,2479.0,167.0,370.0,1.0,Rural
LP002446,Female,Yes,0,Not Graduate,Yes,3554.0,5104.0,31.0,483.0,1.0,Semiurban
LP001586,Female,Yes,2,Graduate,Yes,0.0,1471.0,106.0,266.0,1.0,Rural
LP001211,Male,No,1,Graduate,No,6671.0,0.0,169.0,309.0,1.0,Urban
LP001771,Male,No,3+,Not Graduate,Yes,8806.0,2685.0,101.0,309.0,1.0,Rural
LP001734,Male,No,3+,Not Graduate,No,5219.0,0.0,269.0,354.0,1.0,Urban
LP001135,Male,Yes,0,Graduate,No,10279.0,4863.0,116.0,350.0,1.0,Rural
LP001197,Male,No,0,Not Graduate,Yes,13802.0,3001.0,205.0,368.0,1.0,Urban
LP001232,Male,Yes,1,Graduate,No,0.0,0.0,122.0,351.0,0.0,Urban
LP002527,Female,No,3+,Not Graduate,No,6854.0,0.0,153.0,378.0,1.0,Urban
LP002455,Female,Yes,2,Not Graduate,Yes,0.0,2027.0,114.0,311.0,2.0,Semiurban
LP002183,Male,No,2,Not Graduate,Yes,544.0,2297.0,156.0,373.0,0.0,Urban
LP002554,Male,No,3+,Not Graduate,Yes,9279.0,0.0,276.0,525.0,1.0,Rural
LP002161,Female,Yes,3+,Graduate,No,4913.0,3738.0,262.0,342.0,0.0,Urban
LP002782,Female,Yes,3+,Graduate,No,0.0,3411.0,105.0,248.0,1.0,Urban
LP001002,Female,No,1,Not Graduate,Yes,11159.0,2531.0,125.0,301.0,0.0,Rural
LP002239,Male,Yes,2,Graduate,Yes,2086.0,3662.0,146.0,312.0,1.0,Urban
LP002954,Female,Yes,2,Not Graduate,Yes,10026.0,0.0,192.0,285.0,1.0,Rural
LP002131,Male,No,0,Not Graduate,No,8100.0,0.0,286.0,350.0,1.0,Urban
LP001647,Male,Yes,0,Graduate,Yes,435.0,896.0,242.0,394.0,1.0,Rural
LP002619,Female,No,3+,Graduate,No,10128.0,0.0,122.0,258.0,1.0,Rural
LP001653,Female,No,0,Graduate,Yes,6994.0,2967.0,174.0,232.0,0.0,Urban
LP002625,Male,Yes,1,Not Graduate,No,6177.0,3792.0,160.0,503.0,0.0,Urban
LP002190,Female,Yes,2,Graduate,No,2514.0,0.0,96.0,281.0,1.0,Urban
LP002315,Female,No,2,Graduate,Yes,0.0,0.0,221.0,434.0,1.0,Urban
LP002165,Male,No,0,Graduate,No,2795.0,3926.0,0.0,392.0,0.0,Urban
LP002760,Female,No,3+,Graduate,No,2671.0,0.0,220.0,303.0,1.0,Urban
LP002781,Male,No,0,Not Graduate,Yes,10030.0,826.0,174.0,291.0,1.0,Semiurban
LP001404,Male,No,3+,Not Graduate,Yes,0.0,0.0,3.0,303.0,1.0,Urban
LP001482,Female,No,1,Not Graduate,No,13556.0,0.0,62.0,313.0,1.0,Semiurban
LP001197,Male,Yes,2,Not Graduate,No,13868.0,0.0,0.0,383.0,1.0,Semiurban
LP002792,Male,Yes,1,Not Graduate,No,1529.0,5088.0,274.0,252.0,0.0,Semiurban
LP001366,Female,Yes,2,Not Graduate,Yes,13162.0,4354.0,66.0,426.0,0.0,Urban
LP001321,Female,No,1,Not Graduate,No,0.0,0.0,213.0,301.0,1.0,Rural
LP001586,Female,Yes,0,Graduate,No,11599.0,2861.0,216.0,247.0,1.0,Rural
LP002183,Male,No,1,Not Graduate,Yes,512.0,0.0,133.0,354.0,1.0,Rural
LP002105,Male,No,1,Not Graduate,Yes,11065.0,3292.0,91.0,499.0,0.0,Urban
LP001519,Female,Yes,0,Not Graduate,Yes,0.0,0.0,182.0,288.0,1.0,Rural
LP001264,Male,No,2,Not Graduate,Yes,11347.0,4912.0,159.0,351.0,1.0,Rural
LP002482,Female,No,2,Graduate,Yes,12518.0,2991.0,215.0,351.0,1.0,Urban
LP001713,Female,No,0,Not Graduate,No,0.0,608.0,52.0,465.0,1.0,Urban
LP001682,Male,No,1,Not Graduate,No,15188.0,492.0,222.0,281.0,1.0,Semiurban
LP001822,Female,No,1,Graduate,No,10980.0,1995.0,247.0,403.0,1.0,Urban
LP001760,Male,No,1,Not Graduate,Yes,0.0,0.0,123.0,250.0,1.0,Rural
LP001335,Male,Yes,3+,Not Graduate,Yes,2389.0,4660.0,68.0,357.0,1.0,Urban
LP001754,Female,No,2,Not Graduate,Yes,11089.0,2434.0,105.0,390.0,1.0,Urban
LP001231,Male,No,1,Not Graduate,No,9298.0,4224.0,93.0,408.0,0.0,Rural
LP002720,Female,No,2,Not Graduate,Yes,5816.0,0.0,129.0,253.0,1.0,Rural
LP002408,Male,No,1,Not Graduate,Yes,10465.0,1646.0,85.0,211.0,1.0,Urban
LP002296,Male,Yes,0,Not Graduate,Yes,202.0,2276.0,178.0,329.0,1.0,Urban
LP001138,Male,Yes,0,Graduate,No,5450.0,1593.0,192.0,305.0,1.0,Urban
LP001770,Female,No,2,Graduate,Yes,364.0,1663.0,115.0,250.0,0.0,Rural
LP001978,Male,No,2,Not Graduate,Yes,5948.0,729.0,0.0,257.0,1.0,Semiurban
LP002699,Female,No,0,Graduate,No,10881.0,7739.0,177.0,311.0,0.0,Urban
LP001504,Male,Yes,3+,Not Graduate,Yes,9631.0,2263.0,28.0,453.0,1.0,Urban
LP002335,Male,Yes,0,Graduate,Yes,6449.0,1935.0,162.0,262.0,1.0,Urban
LP002643,Female,Yes,1,Not Graduate,Yes,10816.0,4148.0,148.0,400.0,1.0,Semiurban
LP002201,Female,Yes,3+,Graduate,No,11377.0,82.0,117.0,246.0,1.0,Urban
LP002833,Female,No,0,Not Graduate,Yes,15416.0,0.0,192.0,293.0,1.0,Semiurban
LP002482,Female,Yes,3+,Graduate,Yes,11829.0,4068.0,171.0,242.0,1.0,Urban
LP001859,Female,Yes,3+,Graduate,No,8918.0,695.0,173.0,484.0,1.0,Rural
LP001221,Male,No,3+,Not Graduate,No,10500.0,5301.0,206.0,404.0,1.0,Semiurban
LP002515,Male,No,2,Not Graduate,Yes,6567.0,5131.0,111.0,388.0,1.0,Rural
LP002857,Female,Yes,0,Graduate,No,3585.0,0.0,109.0,385.0,1.0,Urban
LP002935,Male,Yes,2,Graduate,Yes,10121.0,1799.0,226.0,290.0,1.0,Rural
LP001027,Male,Yes,2,Not Graduate,No,9492.0,4529.0,192.0,345.0,1.0,Semiurban
LP002087,Male,Yes,1,Graduate,Yes,6843.0,0.0,106.0,274.0,1.0,Urban
LP001650,Female,No,1,Not Graduate,Yes,4072.0,2597.0,0.0,518.0,1.0,Rural
LP001959,Male,No,3+,Graduate,Yes,3756.0,3391.0,173.0,269.0,1.0,Semiurban
LP002920,Male,Yes,3+,Graduate,No,2852.0,1453.0,180.0,286.0,0.0,Semiurban
LP002151,Male,Yes,1,Not Graduate,No,12331.0,1473.0,49.0,447.0,1.0,Semiurban
LP002952,Female,Yes,1,Not Graduate,Yes,11891.0,4860.0,77.0,335.0,1.0,Rural
LP002314,Male,Yes,0,Not Graduate,Yes,11647.0,0.0,111.0,382.0,1.0,Semiurban
LP001298,Male,Yes,3+,Graduate,Yes,0.0,3862.0,178.0,337.0,1.0,Urban
LP002201,Female,No,3+,Graduate,Yes,3134.0,2851.0,335.0,297.0,0.0,Urban
LP001014,Female,No,1,Graduate,No,3714.0,5141.0,229.0,297.0,2.0,Semiurban
LP001430,Male,No,0,Not Graduate,No,1728.0,0.0,26.0,398.0,1.0,Semiurban
LP002131,Male,Yes,1,Graduate,Yes,15787.0,5617.0,109.0,357.0,1.0,Urban
LP001335,Female,Yes,1,Graduate,No,7460.0,0.0,135.0,421.0,1.0,Urban
LP001310,Female,No,2,Not Graduate,No,7051.0,704.0,181.0,420.0,1.0,Semiurban
LP001187,Female,No,3+,Graduate,No,2526.0,0.0,80.0,380.0,1.0,Urban
LP001446,Female,Yes,0,Graduate,Yes,10089.0,3572.0,188.0,410.0,1.0,Semiurban
LP002031,Female,No,2,Not Graduate,Yes,17661.0,0.0,103.0,377.0,1.0,Rural
LP001610,Female,Yes,3+,Not Graduate,No,5641.0,4687.0,188.0,367.0,1.0,Semiurban
LP002740,Female,Yes,1,Not Graduate,No,3850.0,0.0,148.0,321.0,1.0,Semiurban
LP001611,Male,No,0,Not Graduate,Yes,4664.0,391.0,301.0,232.0,1.0,Rural
LP002397,Female,No,3+,Not Graduate,Yes,3346.0,6458.0,218.0,301.0,1.0,Semiurban
LP001119,Female,No,1,Not Graduate,Yes,5163.0,0.0,244.0,436.0,1.0,Semiurban
LP001660,Male,Yes,2,Not Graduate,No,1697.0,4482.0,61.0,361.0,1.0,Rural
LP001472,Female,Yes,0,Not Graduate,No,131.0,3495.0,101.0,316.0,0.0,Urban
LP002744,Female,No,3+,Not Graduate,No,5059.0,0.0,168.0,420.0,1.0,Urban
LP002606,Male,Yes,2,Graduate,Yes,5642.0,2177.0,47.0,313.0,1.0,Urban
LP002876,Female,Yes,1,Not Graduate,Yes,3624.0,5758.0,223.0,388.0,1.0,Urban
LP001508,Male,Yes,1,Not Graduate,Yes,13477.0,487.0,153.0,429.0,1.0,Urban
LP001674,Male,No,3+,Graduate,Yes,7546.0,0.0,228.0,382.0,0.0,Rural
LP002760,Male,Yes,1,Not Graduate,Yes,9408.0,2495.0,180.0,411.0,1.0,Rural
LP001573,Male,No,0,Graduate,No,9559.0,1018.0,146.0,373.0,1.0,Semiurban
LP002478,Female,No,3+,Graduate,No,5776.0,0.0,133.0,218.0,1.0,Urban
LP001611,Male,Yes,2,Not Graduate,No,6425.0,999.0,83.0,428.0,1.0,Rural
LP001757,Male,No,3+,Graduate,Yes,281.0,282.0,78.0,394.0,1.0,Rural
LP002746,Female,Yes,3+,Not Graduate,No,8916.0,1237.0,211.0,322.0,1.0,Urban
LP002610,Male,No,2,Not Graduate,Yes,3282.0,0.0,194.0,304.0,1.0,Rural
LP002795,Male,No,1,Graduate,No,1536.0,2592.0,238.0,350.0,0.0,Semiurban
LP002768,Male,Yes,2,Graduate,No,12595.0,0.0,100.0,264.0,1.0,Semiurban
LP001841,Male,No,0,Graduate,Yes,0.0,3632.0,229.0,404.0,1.0,Urban
LP002250,Female,No,1,Not Graduate,No,14970.0,4517.0,129.0,332.0,0.0,Urban
LP002936,Male,No,3+,Not Graduate,No,14519.0,0.0,187.0,284.0,1.0,Urban
LP002450,Female,Yes,1,Graduate,No,3914.0,5123.0,243.0,385.0,1.0,Semiurban
LP001846,Female,Yes,1,Not Graduate,No,15347.0,1284.0,303.0,373.0,1.0,Rural
LP001496,Male,No,0,Not Graduate,No,121.0,4530.0,226.0,395.0,1.0,Semiurban
LP002105,Male,No,1,Graduate,No,10841.0,4133.0,158.0,259.0,1.0,Urban
LP002721,Male,No,1,Graduate,No,5275.0,0.0,186.0,390.0,1.0,Rural
LP002444,Male,Yes,1,Graduate,Yes,0.0,0.0,239.0,459.0,0.0,Semiurban
LP001020,Female,Yes,3+,Graduate,No,1586.0,5991.0,197.0,339.0,2.0,Urban
LP002165,Female,No,1,Graduate,Yes,4186.0,0.0,112.0,335.0,1.0,Urban
LP002042,Female,Yes,2,Graduate,No,9616.0,2583.0,190.0,252.0,1.0,Rural
LP001800,Male,Yes,1,Graduate,Yes,2463.0,0.0,243.0,348.0,1.0,Semiurban
LP001835,Female,Yes,0,Graduate,Yes,3624.0,0.0,283.0,276.0,1.0,Rural
LP002425,Male,Yes,1,Graduate,No,8261.0,1551.0,147.0,418.0,1.0,Rural
LP001008,Male,No,1,Graduate,Yes,7960.0,7560.0,56.0,500.0,0.0,Semiurban
LP001421,Male,Yes,3+,Not Graduate,Yes,4657.0,3690.0,5.0,502.0,1.0,Semiurban
LP002047,Male,Yes,2,Not Graduate,No,3455.0,0.0,204.0,286.0,0.0,Semiurban
LP002205,Male,No,1,Graduate,Yes,10529.0,2133.0,24.0,294.0,1.0,Rural
LP001222,Female,No,2,Not Graduate,No,3423.0,0.0,167.0,382.0,1.0,Rural
LP001514,Female,Yes,0,Not Graduate,Yes,0.0,0.0,226.0,327.0,1.0,Semiurban
LP001749,Male,Yes,3+,Not Graduate,Yes,2934.0,2062.0,130.0,343.0,-0.0,Semiurban
LP001790,Female,No,2,Not Graduate,Yes,8294.0,3546.0,27.0,502.0,1.0,Rural
LP001608,Male,No,3+,Not Graduate,Yes,4330.0,5846.0,45.0,272.0,1.0,Semiurban
LP001921,Male,No,1,Not Graduate,No,2317.0,2616.0,71.0,360.0,1.0,Urban
LP002326,Male,Yes,0,Graduate,No,0.0,1619.0,133.0,367.0,1.0,Semiurban
LP001914,Female,Yes,3+,Graduate,No,4360.0,681.0,236.0,411.0,1.0,Urban
LP001207,Male,No,1,Not Graduate,No,6478.0,3037.0,143.0,286.0,1.0,Urban
LP001722,Male,Yes,2,Not Graduate,No,0.0,0.0,309.0,439.0,1.0,Rural
LP002329,Female,No,0,Graduate,Yes,4102.0,0.0,223.0,359.0,0.0,Rural
LP002172,Female,Yes,0,Not Graduate,No,0.0,0.0,165.0,288.0,1.0,Rural
LP002018,Female,No,2,Not Graduate,Yes,4446.0,177.0,137.0,330.0,1.0,Semiurban
LP001386,Male,No,2,Not Graduate,No,15007.0,0.0,104.0,407.0,1.0,Rural
LP002478,Male,Yes,0,Not Graduate,No,6158.0,0.0,154.0,478.0,1.0,Semiurban
LP002760,Female,Yes,3+,Not Graduate,No,0.0,0.0,185.0,319.0,1.0,Rural
LP002978,Male,Yes,0,Graduate,No,7066.0,2175.0,167.0,480.0,0.0,Urban
LP001357,Female,Yes,2,Graduate,Yes,12651.0,5052.0,104.0,423.0,1.0,Rural
LP001334,Female,Yes,3+,Not Graduate,No,0.0,2386.0,63.0,309.0,1.0,Urban
LP002637,Male,Yes,1,Graduate,Yes,0.0,43.0,287.0,381.0,1.0,Semiurban
LP002236,Male,No,0,Not Graduate,Yes,6651.0,2793.0,192.0,399.0,1.0,Rural
LP002301,Female,Yes,2,Not Graduate,No,4684.0,1902.0,170.0,327.0,0.0,Rural
LP002152,Female,No,1,Not Graduate,Yes,12078.0,2062.0,182.0,300.0,1.0,Urban
LP002682,Female,No,0,Not Graduate,Yes,4151.0,1539.0,228.0,334.0,-0.0,Rural
LP002527,Female,Yes,0,Not Graduate,No,9881.0,6294.0,106.0,317.0,0.0,Semiurban
LP002971,Male,No,3+,Not Graduate,Yes,13883.0,1871.0,132.0,360.0,1.0,Urban
LP001496,Female,No,2,Not Graduate,No,239.0,76.0,84.0,484.0,1.0,Semiurban
LP002375,Female,Yes,1,Not Graduate,No,9438.0,0.0,142.0,372.0,1.0,Semiurban
LP001177,Female,Yes,0,Not Graduate,Yes,2897.0,4053.0,90.0,460.0,1.0,Urban
LP002399,Male,Yes,3+,Graduate,Yes,0.0,0.0,65.0,379.0,1.0,Semiurban
LP001862,Male,No,1,Not Graduate,Yes,7893.0,5291.0,17.0,531.0,1.0,Rural
LP002398,Female,Yes,1,Graduate,Yes,8594.0,0.0,271.0,289.0,1.0,Semiurban
LP001047,Male,Yes,0,Graduate,Yes,0.0,4936.0,117.0,208.0,1.0,Rural
LP002832,Male,Yes,1,Not Graduate,Yes,2595.0,3769.0,180.0,360.0,1.0,Urban
LP001338,Male,Yes,0,Graduate,Yes,1632.0,407.0,150.0,368.0,1.0,Rural
LP001527,Female,No,3+,Not Graduate,No,9793.0,0.0,181.0,445.0,1.0,Semiurban
LP002467,Female,Yes,3+,Not Graduate,No,0.0,4952.0,0.0,466.0,1.0,Rural
LP001267,Male,No,1,Not Graduate,No,5788.0,6494.0,106.0,241.0,1.0,Semiurban
LP001508,Female,Yes,0,Not Graduate,Yes,0.0,0.0,232.0,331.0,1.0,Rural
LP001275,Female,No,2,Graduate,Yes,7341.0,3180.0,293.0,351.0,1.0,Urban
LP001259,Male,No,3+,Graduate,Yes,5892.0,4265.0,114.0,267.0,1.0,Urban
LP002459,Male,No,0,Not Graduate,No,2270.0,3241.0,123.0,333.0,1.0,Rural
LP002433,Female,Yes,0,Graduate,No,13314.0,1750.0,225.0,413.0,1.0,Urban
LP001002,Male,No,0,Graduate,No,0.0,542.0,177.0,418.0,1.0,Rural
LP001155,Female,Yes,1,Graduate,Yes,5076.0,2358.0,145.0,367.0,1.0,Semiurban
LP001366,Female,Yes,2,Not Graduate,No,12000.0,0.0,138.0,453.0,1.0,Rural
LP001547,Male,Yes,1,Graduate,No,5913.0,5247.0,98.0,365.0,1.0,Semiurban
LP001867,Female,Yes,3+,Graduate,Yes,12960.0,0.0,96.0,425.0,0.0,Rural
LP002429,Female,Yes,1,Graduate,No,2614.0,0.0,153.0,288.0,1.0,Semiurban
LP002443,Male,No,0,Not Graduate,No,4228.0,685.0,167.0,292.0,1.0,Urban
LP002442,Male,Yes,1,Graduate,No,12203.0,0.0,171.0,477.0,1.0,Rural
LP002547,Male,No,0,Graduate,Yes,10274.0,0.0,89.0,310.0,0.0,Urban
LP002046,Female,No,2,Not Graduate,No,18844.0,5434.0,246.0,408.0,1.0,Urban
LP001098,Male,No,1,Graduate,Yes,5765.0,6486.0,17.0,308.0,1.0,Semiurban
LP002131,Male,No,1,Not Graduate,Yes,6320.0,5812.0,184.0,368.0,0.0,Urban
LP001325,Male,No,1,Not Graduate,No,2552.0,3873.0,101.0,333.0,0.0,Semiurban
LP001245,Male,No,0,Not Graduate,No,4018.0,8302.0,75.0,389.0,1.0,Urban
LP002778,Female,No,0,Not Graduate,Yes,11319.0,878.0,117.0,388.0,0.0,Urban
LP001532,Female,Yes,1,Not Graduate,Yes,5178.0,617.0,19.0,299.0,0.0,Rural
LP001825,Male,No,1,Not Graduate,Yes,582.0,1633.0,170.0,391.0,1.0,Rural
LP001324,Female,Yes,2,Graduate,Yes,3038.0,5487.0,268.0,268.0,1.0,Semiurban
LP002401,Male,No,2,Not Graduate,Yes,4665.0,3195.0,93.0,455.0,1.0,Urban
LP001405,Male,No,3+,Graduate,No,951.0,6299.0,325.0,366.0,1.0,Urban
LP001862,Female,No,2,Graduate,Yes,2572.0,1780.0,76.0,145.0,1.0,Rural
LP002542,Female,No,2,Not Graduate,No,0.0,0.0,110.0,257.0,1.0,Semiurban
LP001990,Male,Yes,2,Graduate,Yes,2773.0,0.0,248.0,387.0,1.0,Rural
LP001882,Male,Yes,0,Graduate,No,11821.0,4388.0,50.0,405.0,1.0,Urban
LP002879,Female,Yes,2,Graduate,Yes,5455.0,257.0,125.0,317.0,1.0,Semiurban
LP001179,Male,No,2,Not Graduate,No,19197.0,1861.0,276.0,352.0,1.0,Urban
LP001784,Female,No,1,Graduate,No,830.0,2273.0,51.0,389.0,2.0,Rural
LP002244,Male,No,0,Graduate,Yes,7945.0,6518.0,188.0,428.0,1.0,Semiurban
LP001622,Male,Yes,3+,Not Graduate,Yes,6445.0,3993.0,182.0,401.0,1.0,Rural
LP001818,Female,No,3+,Graduate,No,8884.0,3460.0,0.0,306.0,0.0,Urban
LP002167,Female,Yes,2,Graduate,No,1728.0,2031.0,95.0,431.0,1.0,Urban
LP002288,Female,Yes,3+,Graduate,No,3081.0,0.0,327.0,201.0,0.0,Rural
LP001067,Female,No,3+,Not Graduate,Yes,7499.0,2261.0,160.0,324.0,1.0,Urban
LP001842,Female,No,3+,Graduate,Yes,2306.0,7517.0,172.0,383.0,-0.0,Rural
LP001974,Female,Yes,2,Graduate,Yes,0.0,2997.0,161.0,264.0,1.0,Rural
LP002711,Female,Yes,3+,Not Graduate,Yes,12643.0,103.0,301.0,346.0,0.0,Semiurban
LP001693,Male,Yes,2,Not Graduate,No,10238.0,464.0,67.0,378.0,1.0,Urban
LP001760,Male,No,1,Not Graduate,Yes,2804.0,5459.0,90.0,292.0,1.0,Urban
LP002326,Male,No,1,Graduate,Yes,6423.0,154.0,134.0,355.0,1.0,Rural
LP002612,Female,No,3+,Not Graduate,Yes,10914.0,1056.0,186.0,263.0,0.0,Semiurban
LP002874,Female,No,1,Not Graduate,Yes,12835.0,0.0,154.0,408.0,1.0,Rural
LP001253,Female,No,2,Not Graduate,Yes,5774.0,846.0,157.0,377.0,1.0,Urban
LP002390,Male,No,1,Graduate,No,1846.0,2888.0,100.0,390.0,1.0,Semiurban
LP001350,Female,Yes,3+,Not Graduate,Yes,13519.0,796.0,190.0,338.0,1.0,Semiurban
LP002357,Female,Yes,2,Not Graduate,No,5719.0,1669.0,0.0,234.0,1.0,Rural
LP001472,Male,Yes,0,Not Graduate,Yes,4341.0,0.0,100.0,334.0,1.0,Rural
LP001822,Female,No,2,Not Graduate,Yes,6679.0,87.0,79.0,455.0,1.0,Semiurban
LP001652,Male,Yes,1,Not Graduate,Yes,11756.0,7399.0,57.0,408.0,1.0,Urban
LP002064,Male,No,0,Graduate,Yes,4959.0,1238.0,5.0,456.0,1.0,Urban
LP001990,Female,No,2,Graduate,No,10795.0,2589.0,161.0,346.0,1.0,Semiurban
LP001333,Female,Yes,0,Not Graduate,No,3992.0,0.0,176.0,297.0,0.0,Rural
LP002316,Female,No,0,Not Graduate,Yes,8648.0,1743.0,176.0,380.0,1.0,Rural
LP002042,Male,Yes,0,Not Graduate,No,0.0,866.0,215.0,330.0,1.0,Urban
LP002103,Male,Yes,2,Graduate,No,11271.0,4593.0,229.0,306.0,0.0,Urban
LP002354,Male,No,1,Graduate,Yes,1330.0,4464.0,0.0,229.0,0.0,Semiurban
LP002390,Female,Yes,2,Graduate,No,7795.0,4751.0,191.0,364.0,1.0,Urban
LP002434,Female,Yes,1,Graduate,No,0.0,1820.0,157.0,403.0,1.0,Urban
LP001994,Female,Yes,2,Not Graduate,Yes,5321.0,7148.0,156.0,266.0,0.0,Rural
LP001824,Female,Yes,2,Not Graduate,Yes,6251.0,3787.0,133.0,439.0,1.0,Rural
LP001574,Male,No,2,Not Graduate,No,1300.0,0.0,100.0,358.0,1.0,Urban
LP002534,Male,Yes,1,Not Graduate,Yes,4555.0,5796.0,183.0,349.0,1.0,Rural
LP002103,Male,Yes,2,Graduate,Yes,6672.0,1586.0,67.0,263.0,1.0,Rural
LP002743,Male,Yes,0,Not Graduate,Yes,8388.0,4697.0,228.0,377.0,1.0,Rural
LP001794,Female,No,2,Graduate,No,5750.0,0.0,104.0,267.0,1.0,Urban
LP001367,Female,Yes,0,Graduate,Yes,12768.0,1408.0,0.0,280.0,1.0,Rural
LP002820,Female,No,3+,Not Graduate,Yes,11776.0,3641.0,151.0,233.0,1.0,Urban
LP001265,Male,Yes,3+,Graduate,No,5005.0,2265.0,51.0,518.0,1.0,Urban
LP001478,Male,Yes,1,Graduate,No,0.0,1196.0,50.0,339.0,1.0,Semiurban
LP002028,Female,Yes,1,Not Graduate,No,2406.0,0.0,195.0,303.0,0.0,Semiurban
LP002572,Female,No,3+,Graduate,No,0.0,0.0,215.0,339.0,0.0,Semiurban
LP001491,Male,No,2,Graduate,No,4137.0,0.0,134.0,310.0,1.0,Urban
LP001637,Female,No,2,Not Graduate,Yes,13163.0,0.0,0.0,331.0,1.0,Semiurban
LP002288,Male,No,2,Graduate,No,9685.0,0.0,184.0,366.0,0.0,Rural
LP002087,Male,No,3+,Graduate,Yes,5655.0,6655.0,118.0,316.0,1.0,Semiurban
LP001961,Male,No,0,Not Graduate,No,1037.0,4749.0,249.0,350.0,2.0,Urban
LP002625,Female,Yes,1,Graduate,Yes,5876.0,0.0,295.0,494.0,1.0,Rural
LP002325,Female,No,0,Not Graduate,Yes,17317.0,2.0,26.0,223.0,1.0,Rural
LP001238,Male,Yes,3+,Graduate,No,13652.0,8.0,334.0,268.0,1.0,Rural
LP002767,Female,No,0,Graduate,No,4324.0,3657.0,22.0,374.0,1.0,Semiurban
LP001881,Male,No,2,Not Graduate,No,0.0,2703.0,101.0,431.0,1.0,Semiurban
LP001164,Male,No,2,Not Graduate,No,17755.0,0.0,222.0,537.0,1.0,Semiurban
LP002444,Male,Yes,0,Graduate,No,1029.0,0.0,87.0,369.0,1.0,Semiurban
LP001691,Male,No,3+,Not Graduate,No,8199.0,4542.0,80.0,263.0,1.0,Rural
LP001443,Female,No,0,Graduate,Yes,0.0,5746.0,10.0,440.0,1.0,Urban
LP001728,Male,Yes,2,Not Graduate,Yes,3340.0,0.0,39.0,350.0,0.0,Semiurban
LP001123,Male,Yes,2,Graduate,Yes,0.0,1284.0,79.0,348.0,1.0,Urban
LP001757,Female,Yes,3+,Graduate,Yes,0.0,1951.0,202.0,216.0,1.0,Rural
LP002935,Male,Yes,0,Graduate,Yes,0.0,1088.0,272.0,418.0,1.0,Urban
LP002450,Male,No,2,Graduate,No,7896.0,4675.0,84.0,282.0,1.0,Urban
LP001385,Female,Yes,2,Graduate,No,4633.0,1188.0,111.0,379.0,1.0,Semiurban
LP001815,Female,No,0,Not Graduate,Yes,20626.0,6790.0,66.0,347.0,1.0,Semiurban
LP001268,Female,No,0,Not Graduate,Yes,11637.0,4867.0,24.0,355.0,1.0,Rural
LP001636,Male,Yes,1,Graduate,No,11760.0,0.0,24.0,346.0,0.0,Semiurban
LP002310,Female,No,3+,Graduate,No,8048.0,1784.0,44.0,293.0,1.0,Urban
LP001325,Female,Yes,3+,Not Graduate,No,6752.0,0.0,139.0,287.0,1.0,Urban
LP002935,Male,No,0,Not Graduate,No,11952.0,538.0,94.0,404.0,1.0,Urban
LP002205,Male,Yes,3+,Not Graduate,Yes,0.0,3969.0,113.0,341.0,0.0,Urban
LP002630,Male,Yes,2,Not Graduate,Yes,1636.0,2270.0,173.0,300.0,-0.0,Semiurban
LP002684,Male,Yes,0,Not Graduate,No,0.0,7345.0,135.0,309.0,1.0,Rural
LP002572,Male,Yes,0,Graduate,No,0.0,0.0,52.0,387.0,1.0,Semiurban
LP002160,Female,Yes,0,Graduate,Yes,802.0,1512.0,217.0,298.0,1.0,Urban
LP002572,Female,Yes,1,Not Graduate,Yes,0.0,227.0,0.0,446.0,1.0,Rural
LP001428,Female,No,3+,Not Graduate,Yes,11981.0,742.0,83.0,332.0,1.0,Rural
LP001910,Male,No,1,Not Graduate,No,5702.0,1716.0,276.0,319.0,0.0,Urban
LP001664,Male,No,2,Not Graduate,Yes,0.0,0.0,169.0,382.0,1.0,Urban
LP002376,Male,Yes,3+,Not Graduate,No,6968.0,4206.0,3.0,324.0,1.0,Semiurban
LP001664,Female,No,1,Not Graduate,No,0.0,6364.0,20.0,367.0,1.0,Rural
LP001291,Female,Yes,0,Not Graduate,No,5535.0,0.0,116.0,339.0,1.0,Rural
LP001319,Male,No,1,Not Graduate,Yes,7422.0,5389.0,105.0,229.0,1.0,Semiurban
LP001321,Female,No,0,Not Graduate,Yes,906.0,8445.0,197.0,273.0,1.0,Urban
LP002825,Male,Yes,1,Graduate,No,6418.0,2118.0,230.0,361.0,0.0,Rural
LP001205,Female,No,1,Not Graduate,Yes,7470.0,0.0,103.0,313.0,1.0,Semiurban
LP001115,Female,No,1,Not Graduate,No,4244.0,46.0,134.0,476.0,1.0,Rural
LP001155,Female,No,0,Graduate,Yes,1081.0,765.0,63.0,291.0,0.0,Semiurban
LP002297,Male,Yes,1,Graduate,No,5198.0,2772.0,130.0,257.0,1.0,Rural
LP001995,Female,No,3+,Graduate,No,4385.0,440.0,63.0,345.0,0.0,Urban
LP001008,Female,Yes,3+,Not Graduate,Yes,6982.0,1385.0,144.0,359.0,1.0,Urban
LP002494,Male,No,3+,Not Graduate,Yes,3678.0,0.0,94.0,400.0,1.0,Rural
LP002958,Female,No,0,Not Graduate,No,0.0,360.0,191.0,179.0,1.0,Rural
LP001358,Male,No,0,Not Graduate,Yes,4217.0,481.0,224.0,440.0,1.0,Rural
LP002183,Male,No,3+,Graduate,No,7040.0,1505.0,243.0,257.0,1.0,Semiurban
LP002729,Male,Yes,3+,Not Graduate,No,6234.0,0.0,145.0,413.0,2.0,Urban
LP002301,Male,No,3+,Not Graduate,No,4548.0,705.0,190.0,470.0,1.0,Semiurban
LP002253,Male,Yes,2,Graduate,No,2408.0,1019.0,104.0,391.0,1.0,Urban
LP002643,Female,Yes,3+,Not Graduate,No,2114.0,2104.0,77.0,268.0,1.0,Urban
LP001177,Male,No,1,Not Graduate,No,2705.0,5404.0,37.0,330.0,1.0,Semiurban
LP001770,Male,No,2,Not Graduate,No,11309.0,1326.0,170.0,391.0,0.0,Urban
LP002693,Male,Yes,2,Not Graduate,No,0.0,0.0,0.0,344.0,0.0,Urban
LP002129,Male,Yes,0,Graduate,Yes,5698.0,1961.0,210.0,274.0,0.0,Rural
LP001137,Female,No,1,Graduate,Yes,0.0,0.0,115.0,349.0,1.0,Semiurban
LP002767,Male,No,0,Graduate,No,9535.0,0.0,120.0,309.0,1.0,Semiurban
LP002823,Female,No,0,Graduate,No,2126.0,797.0,195.0,381.0,1.0,Urban
LP001259,Male,No,1,Not Graduate,No,478.0,190.0,1.0,273.0,0.0,Semiurban
LP001601,Female,No,0,Not Graduate,Yes,6407.0,0.0,125.0,216.0,2.0,Urban
LP002099,Male,Yes,1,Not Graduate,No,0.0,283.0,265.0,276.0,1.0,Urban
LP002744,Male,No,1,Graduate,No,0.0,2841.0,121.0,231.0,1.0,Semiurban
LP001248,Female,No,0,Graduate,No,7235.0,1712.0,40.0,301.0,2.0,Urban
LP002017,Male,Yes,3+,Graduate,Yes,10958.0,0.0,116.0,386.0,1.0,Rural
LP001824,Female,No,0,Not Graduate,Yes,7748.0,0.0,244.0,317.0,1.0,Semiurban
LP001138,Male,No,2,Not Graduate,Yes,5974.0,1937.0,83.0,341.0,0.0,Semiurban
LP001426,Female,Yes,0,Graduate,No,18907.0,0.0,23.0,277.0,0.0,Urban
LP001715,Male,No,1,Graduate,No,7978.0,0.0,106.0,343.0,1.0,Semiurban
LP001790,Male,Yes,2,Not Graduate,Yes,0.0,49.0,34.0,280.0,1.0,Semiurban
LP001194,Female,No,1,Not Graduate,No,11015.0,0.0,0.0,265.0,1.0,Rural
LP002138,Male,No,3+,Not Graduate,Yes,1529.0,1876.0,201.0,328.0,0.0,Rural
LP001369,Male,No,3+,Graduate,Yes,1146.0,765.0,224.0,298.0,1.0,Semiurban
LP002186,Male,Yes,2,Graduate,No,0.0,5420.0,175.0,159.0,1.0,Urban
LP001144,Male,Yes,3+,Graduate,No,2837.0,0.0,212.0,337.0,0.0,Rural
LP002855,Male,Yes,3+,Graduate,No,0.0,4731.0,111.0,279.0,0.0,Rural
LP002110,Male,Yes,0,Not Graduate,No,8354.0,2247.0,247.0,274.0,1.0,Rural
LP001066,Female,No,0,Not Graduate,Yes,4466.0,5656.0,94.0,433.0,1.0,Urban
LP002059,Female,Yes,3+,Not Graduate,Yes,0.0,5287.0,143.0,398.0,1.0,Semiurban
LP001849,Female,Yes,3+,Graduate,Yes,4718.0,441.0,77.0,367.0,1.0,Semiurban
LP001014,Male,Yes,0,Not Graduate,Yes,10840.0,0.0,34.0,346.0,1.0,Rural
LP001078,Female,No,3+,Not Graduate,Yes,14419.0,1201.0,93.0,382.0,1.0,Semiurban
LP002389,Male,No,3+,Not Graduate,Yes,0.0,0.0,315.0,317.0,1.0,Rural
LP001841,Male,Yes,1,Not Graduate,No,747.0,3395.0,261.0,347.0,1.0,Rural
LP001413,Male,Yes,3+,Not Graduate,Yes,0.0,2014.0,203.0,316.0,1.0,Urban
LP001558,Male,No,2,Graduate,No,7193.0,0.0,109.0,350.0,1.0,Urban
LP001974,Female,Yes,1,Not Graduate,No,0.0,380.0,108.0,361.0,1.0,Rural
LP001149,Male,Yes,2,Not Graduate,Yes,11212.0,0.0,275.0,357.0,0.0,Urban
LP001194,Female,Yes,3+,Graduate,Yes,12035.0,1515.0,144.0,318.0,1.0,Urban
LP001587,Male,Yes,0,Graduate,No,9839.0,0.0,204.0,387.0,1.0,Urban
LP002699,Female,No,1,Not Graduate,No,1095.0,1501.0,100.0,329.0,1.0,Semiurban
LP002522,Female,No,0,Not Graduate,Yes,1453.0,2562.0,119.0,327.0,1.0,Semiurban
LP001073,Female,No,1,Not Graduate,Yes,2579.0,3369.0,203.0,224.0,1.0,Urban
LP001259,Female,Yes,0,Not Graduate,No,11473.0,2813.0,86.0,287.0,1.0,Semiurban
LP001720,Female,Yes,1,Graduate,Yes,0.0,791.0,169.0,399.0,1.0,Rural
LP002237,Female,No,1,Not Graduate,Yes,7379.0,2809.0,88.0,393.0,1.0,Rural
LP002180,Male,No,2,Graduate,Yes,0.0,1969.0,182.0,341.0,1.0,Urban
LP001287,Female,No,0,Not Graduate,Yes,2791.0,1947.0,86.0,306.0,1.0,Urban
LP002699,Male,Yes,2,Not Graduate,Yes,9372.0,0.0,278.0,352.0,0.0,Semiurban
LP001450,Female,No,2,Not Graduate,No,0.0,0.0,138.0,186.0,1.0,Urban
LP002004,Male,Yes,0,Graduate,Yes,3598.0,2303.0,202.0,351.0,1.0,Urban
LP002450,Female,Yes,1,Not Graduate,Yes,4446.0,2924.0,141.0,261.0,1.0,Rural
LP001013,Female,No,2,Not Graduate,No,4967.0,0.0,104.0,336.0,1.0,Rural
LP001005,Male,No,0,Graduate,No,4592.0,4794.0,187.0,356.0,1.0,Semiurban
LP001059,Female,Yes,1,Not Graduate,Yes,8350.0,7620.0,232.0,319.0,1.0,Semiurban
LP002711,Female,No,2,Graduate,Yes,2606.0,6369.0,30.0,391.0,0.0,Semiurban
LP001739,Female,No,2,Not Graduate,No,7261.0,877.0,153.0,301.0,1.0,Urban
LP002175,Male,Yes,2,Graduate,Yes,7058.0,425.0,134.0,295.0,1.0,Urban
LP001742,Female,Yes,1,Graduate,Yes,6809.0,3741.0,159.0,383.0,2.0,Urban
LP002625,Male,Yes,2,Graduate,Yes,8186.0,3448.0,247.0,319.0,1.0,Urban
LP001894,Female,Yes,1,Not Graduate,No,6786.0,0.0,206.0,430.0,0.0,Rural
LP002622,Female,Yes,3+,Graduate,Yes,4669.0,943.0,232.0,343.0,1.0,Semiurban
LP002064,Male,No,2,Graduate,Yes,0.0,3401.0,163.0,378.0,1.0,Semiurban
LP001655,Female,Yes,3+,Not Graduate,No,12909.0,0.0,109.0,403.0,1.0,Rural
LP002450,Female,Yes,0,Graduate,Yes,14831.0,0.0,0.0,338.0,1.0,Rural
LP001030,Male,Yes,2,Not Graduate,Yes,3133.0,0.0,252.0,243.0,1.0,Urban
LP001656,Female,No,0,Not Graduate,Yes,7779.0,516.0,0.0,383.0,1.0,Semiurban
LP001105,Male,Yes,0,Graduate,Yes,2061.0,0.0,265.0,420.0,1.0,Semiurban
LP002543,Male,Yes,0,Graduate,No,1078.0,3486.0,200.0,325.0,1.0,Rural
LP001073,Male,Yes,3+,Not Graduate,No,5495.0,0.0,295.0,407.0,1.0,Semiurban
LP001527,Female,No,1,Graduate,Yes,21169.0,2152.0,163.0,266.0,1.0,Rural
LP001114,Male,Yes,3+,Graduate,Yes,14265.0,1860.0,181.0,352.0,0.0,Semiurban
LP002857,Male,Yes,3+,Graduate,Yes,13412.0,0.0,128.0,324.0,1.0,Rural
LP001892,Female,Yes,0,Graduate,Yes,8134.0,0.0,148.0,240.0,0.0,Urban
LP001765,Male,No,2,Not Graduate,No,0.0,1844.0,86.0,368.0,0.0,Semiurban
LP001279,Female,No,1,Not Graduate,No,11085.0,417.0,133.0,284.0,2.0,Urban
LP002522,Female,No,0,Graduate,No,0.0,2840.0,77.0,367.0,0.0,Rural
LP001443,Female,No,1,Not Graduate,Yes,7406.0,3810.0,146.0,277.0,1.0,Semiurban
LP002096,Female,Yes,3+,Graduate,Yes,11432.0,0.0,141.0,233.0,1.0,Semiurban
LP002734,Male,Yes,1,Graduate,Yes,6043.0,974.0,141.0,296.0,1.0,Urban
LP001508,Male,No,1,Graduate,No,14630.0,4434.0,136.0,410.0,0.0,Urban
LP002697,Male,No,2,Graduate,No,0.0,5510.0,95.0,332.0,1.0,Rural
LP001711,Male,Yes,0,Not Graduate,No,14296.0,0.0,186.0,345.0,0.0,Urban
LP001052,Male,Yes,1,Graduate,No,4282.0,4734.0,167.0,351.0,1.0,Semiurban
LP002888,Female,No,1,Not Graduate,No,13442.0,0.0,164.0,349.0,1.0,Semiurban
LP002265,Male,No,3+,Graduate,Yes,10990.0,3521.0,70.0,464.0,1.0,Semiurban
LP001228,Male,No,3+,Not Graduate,Yes,13803.0,110.0,195.0,339.0,1.0,Semiurban
LP001770,Male,No,1,Not Graduate,Yes,10735.0,3632.0,83.0,218.0,1.0,Urban
LP001379,Female,Yes,0,Not Graduate,No,9120.0,618.0,102.0,318.0,1.0,Urban
LP001514,Female,No,1,Not Graduate,Yes,12960.0,0.0,150.0,347.0,1.0,Rural
LP001385,Male,No,1,Graduate,Yes,5496.0,21.0,232.0,260.0,0.0,Urban
LP001758,Female,Yes,2,Not Graduate,No,8610.0,3071.0,49.0,327.0,1.0,Rural
LP001385,Male,Yes,0,Graduate,No,5159.0,453.0,66.0,328.0,1.0,Urban
LP002505,Male,Yes,2,Not Graduate,No,1274.0,0.0,0.0,458.0,1.0,Urban
LP001098,Female,Yes,0,Not Graduate,Yes,8181.0,0.0,182.0,298.0,0.0,Semiurban
LP001059,Female,Yes,0,Not Graduate,No,6300.0,0.0,116.0,404.0,-0.0,Urban
LP001906,Male,No,0,Graduate,Yes,12338.0,0.0,175.0,333.0,1.0,Rural
LP002786,Male,No,2,Not Graduate,Yes,4085.0,3163.0,169.0,398.0,0.0,Semiurban
LP002190,Female,No,2,Graduate,No,848.0,527.0,204.0,433.0,1.0,Urban
LP001735,Male,Yes,2,Graduate,Yes,12259.0,790.0,143.0,367.0,1.0,Semiurban
LP002938,Female,No,3+,Graduate,No,5541.0,1113.0,88.0,338.0,1.0,Semiurban
LP002788,Male,Yes,2,Not Graduate,No,674.0,3070.0,160.0,417.0,1.0,Semiurban
LP002364,Female,No,3+,Not Graduate,Yes,13091.0,3334.0,175.0,247.0,1.0,Rural
LP002984,Male,No,3+,Not Graduate,Yes,10458.0,169.0,116.0,353.0,1.0,Rural
LP002682,Male,Yes,3+,Not Graduate,Yes,15709.0,884.0,150.0,261.0,1.0,Urban
LP001413,Female,Yes,1,Not Graduate,No,3238.0,3349.0,38.0,394.0,1.0,Semiurban
LP001914,Male,No,1,Not Graduate,Yes,2441.0,0.0,44.0,349.0,1.0,Urban
LP002050,Male,No,1,Not Graduate,No,0.0,114.0,14.0,337.0,1.0,Rural
LP001652,Female,No,3+,Graduate,No,1951.0,3343.0,165.0,318.0,1.0,Semiurban
LP002418,Male,No,3+,Not Graduate,Yes,2979.0,41.0,200.0,386.0,1.0,Rural
LP002856,Male,No,0,Graduate,Yes,9070.0,2275.0,32.0,226.0,1.0,Semiurban
LP002024,Male,Yes,3+,Graduate,Yes,0.0,0.0,155.0,466.0,1.0,Semiurban
LP002425,Female,Yes,1,Not Graduate,Yes,1402.0,3189.0,177.0,333.0,1.0,Semiurban
LP002901,Female,Yes,3+,Not Graduate,No,14842.0,1056.0,112.0,258.0,0.0,Urban
LP001662,Female,Yes,3+,Graduate,Yes,0.0,2708.0,267.0,171.0,0.0,Rural
LP002219,Male,No,0,Graduate,No,7915.0,4645.0,30.0,331.0,1.0,Rural
LP001931,Male,No,3+,Not Graduate,Yes,0.0,695.0,113.0,357.0,1.0,Rural
LP002398,Male,Yes,2,Graduate,Yes,594.0,0.0,0.0,362.0,1.0,Semiurban
LP001242,Male,No,0,Graduate,Yes,13286.0,618.0,169.0,248.0,1.0,Urban
LP001903,Female,Yes,3+,Graduate,No,5587.0,4904.0,86.0,262.0,1.0,Urban
LP001499,Male,No,3+,Graduate,Yes,20312.0,2064.0,0.0,430.0,1.0,Urban
LP002893,Male,No,0,Not Graduate,No,8750.0,0.0,189.0,241.0,1.0,Urban
LP002615,Male,No,3+,Not Graduate,Yes,455.0,1075.0,130.0,349.0,1.0,Semiurban
LP001067,Female,Yes,1,Graduate,Yes,8356.0,2928.0,119.0,317.0,-0.0,Semiurban
LP002659,Male,Yes,2,Graduate,No,11615.0,1261.0,230.0,307.0,1.0,Urban
LP002138,Male,Yes,2,Graduate,No,8152.0,1187.0,82.0,324.0,1.0,Urban
LP002279,Male,Yes,1,Not Graduate,Yes,3953.0,0.0,192.0,307.0,1.0,Rural
LP002429,Male,No,3+,Not Graduate,Yes,0.0,0.0,204.0,305.0,1.0,Semiurban
LP002184,Male,No,3+,Graduate,No,3343.0,2207.0,99.0,407.0,1.0,Urban
LP002138,Female,No,2,Graduate,Yes,14677.0,2941.0,143.0,316.0,1.0,Semiurban
LP002961,Male,No,3+,Graduate,No,642.0,1131.0,272.0,263.0,1.0,Rural
LP001270,Male,Yes,2,Not Graduate,Yes,2834.0,259.0,64.0,337.0,1.0,Urban
LP002152,Male,No,2,Graduate,No,10837.0,3658.0,185.0,273.0,1.0,Semiurban
LP001489,Male,No,1,Graduate,No,8709.0,450.0,147.0,271.0,1.0,Semiurban
LP001794,Male,No,2,Graduate,No,0.0,2388.0,241.0,437.0,1.0,Semiurban
LP002570,Male,Yes,3+,Graduate,No,4561.0,3051.0,140.0,330.0,1.0,Semiurban
LP001806,Male,Yes,3+,Graduate,No,13193.0,0.0,196.0,259.0,1.0,Semiurban
LP002753,Male,Yes,0,Not Graduate,Yes,5331.0,1982.0,19.0,336.0,1.0,Semiurban
LP001116,Male,No,3+,Not Graduate,Yes,13331.0,0.0,0.0,346.0,0.0,Rural
LP001760,Male,Yes,0,Not Graduate,Yes,13653.0,1324.0,61.0,329.0,1.0,Semiurban
LP002772,Female,No,2,Graduate,Yes,0.0,3177.0,108.0,310.0,2.0,Rural
LP002712,Female,No,3+,Not Graduate,Yes,3499.0,2518.0,115.0,252.0,1.0,Rural
LP001744,Female,No,1,Graduate,Yes,8925.0,3777.0,227.0,315.0,1.0,Semiurban
LP001011,Female,Yes,1,Not Graduate,Yes,0.0,2555.0,112.0,291.0,1.0,Urban
LP002053,Male,Yes,1,Not Graduate,Yes,3910.0,127.0,144.0,334.0,1.0,Semiurban
LP002501,Female,No,2,Graduate,Yes,8290.0,0.0,153.0,370.0,1.0,Rural
LP001611,Female,No,2,Graduate,No,1636.0,1910.0,94.0,456.0,1.0,Semiurban
LP001253,Male,Yes,0,Graduate,No,8529.0,2904.0,141.0,393.0,0.0,Semiurban
LP001006,Female,Yes,1,Not Graduate,Yes,1762.0,0.0,224.0,165.0,2.0,Semiurban
LP002306,Female,Yes,0,Graduate,No,1699.0,2700.0,166.0,357.0,1.0,Rural
LP001183,Male,No,0,Not Graduate,Yes,9418.0,1840.0,188.0,441.0,1.0,Rural
LP001405,Male,No,3+,Not Graduate,No,12971.0,610.0,168.0,333.0,0.0,Rural
LP002442,Male,No,3+,Not Graduate,No,1132.0,2798.0,270.0,443.0,1.0,Urban
LP002960,Female,Yes,1,Graduate,No,0.0,853.0,61.0,270.0,0.0,Urban
LP002618,Female,Yes,2,Graduate,Yes,4968.0,679.0,336.0,285.0,1.0,Urban
LP002826,Male,Yes,3+,Graduate,Yes,7839.0,0.0,220.0,331.0,1.0,Urban
LP002862,Male,No,2,Not Graduate,Yes,1075.0,2702.0,234.0,333.0,1.0,Semiurban
LP002408,Female,No,0,Not Graduate,Yes,14638.0,0.0,244.0,397.0,1.0,Urban
LP001658,Male,Yes,0,Graduate,No,4344.0,0.0,223.0,342.0,1.0,Urban
LP002306,Female,No,0,Not Graduate,Yes,1026.0,2841.0,43.0,335.0,1.0,Urban
LP001534,Male,Yes,0,Not Graduate,No,16181.0,1147.0,55.0,503.0,1.0,Semiurban
LP002262,Male,No,1,Not Graduate,Yes,12393.0,6249.0,197.0,292.0,1.0,Urban
LP001066,Female,Yes,0,Graduate,No,1037.0,3214.0,187.0,426.0,1.0,Urban
LP002390,Male,No,3+,Not Graduate,No,11257.0,3645.0,211.0,369.0,1.0,Urban
LP001586,Male,No,0,Not Graduate,No,1445.0,3924.0,146.0,318.0,1.0,Rural
LP001963,Male,Yes,2,Graduate,No,9551.0,946.0,41.0,359.0,1.0,Urban
LP001177,Female,Yes,3+,Graduate,Yes,15302.0,156.0,134.0,289.0,1.0,Urban
LP002067,Male,Yes,2,Graduate,Yes,0.0,0.0,200.0,348.0,1.0,Urban
LP002317,Male,Yes,2,Graduate,No,2117.0,0.0,123.0,342.0,1.0,Semiurban
LP001405,Male,Yes,1,Graduate,Yes,2242.0,4721.0,142.0,373.0,1.0,Urban
LP002240,Male,No,1,Graduate,Yes,6692.0,0.0,145.0,335.0,1.0,Urban
LP001975,Male,Yes,2,Not Graduate,No,7875.0,4032.0,102.0,451.0,1.0,Rural
LP001573,Male,Yes,2,Not Graduate,Yes,4672.0,0.0,79.0,285.0,2.0,Rural
LP001750,Female,Yes,0,Not Graduate,Yes,0.0,1105.0,306.0,297.0,1.0,Semiurban
LP002720,Female,No,3+,Not Graduate,Yes,0.0,5049.0,263.0,358.0,0.0,Semiurban
LP001391,Male,Yes,0,Graduate,No,148.0,2325.0,225.0,290.0,1.0,Urban
LP001493,Female,Yes,1,Not Graduate,Yes,8368.0,2397.0,175.0,386.0,1.0,Rural
LP002798,Female,Yes,1,Graduate,No,0.0,8.0,65.0,428.0,1.0,Semiurban
LP001002,Male,No,0,Graduate,No,0.0,0.0,211.0,308.0,0.0,Semiurban
LP001310,Female,No,3+,Not Graduate,No,0.0,1480.0,229.0,348.0,1.0,Rural
LP001219,Female,Yes,2,Not Graduate,Yes,7124.0,0.0,116.0,385.0,2.0,Urban
LP002050,Female,No,0,Graduate,Yes,11625.0,1310.0,60.0,400.0,1.0,Rural
LP002777,Female,Yes,1,Graduate,Yes,6058.0,4270.0,176.0,569.0,1.0,Urban
LP002062,Female,No,3+,Graduate,No,16533.0,0.0,225.0,254.0,1.0,Urban
LP002553,Female,Yes,1,Graduate,Yes,6057.0,3348.0,93.0,439.0,1.0,Rural
LP001492,Female,No,3+,Not Graduate,No,4644.0,4310.0,183.0,300.0,1.0,Urban
LP002637,Female,Yes,3+,Graduate,Yes,714.0,894.0,72.0,303.0,1.0,Semiurban
LP002394,Male,Yes,3+,Not Graduate,No,6336.0,1693.0,55.0,352.0,1.0,Rural
LP002294,Male,No,0,Graduate,Yes,471.0,298.0,158.0,346.0,1.0,Semiurban
LP001859,Female,Yes,0,Graduate,Yes,0.0,759.0,79.0,424.0,1.0,Urban
LP001323,Female,Yes,0,Graduate,Yes,0.0,3826.0,176.0,246.0,1.0,Urban
LP002584,Male,Yes,3+,Not Graduate,No,3903.0,3573.0,17.0,148.0,0.0,Rural
LP001400,Female,Yes,3+,Graduate,No,2332.0,2672.0,76.0,468.0,1.0,Rural
LP001020,Female,No,1,Not Graduate,Yes,20299.0,3255.0,222.0,248.0,1.0,Urban
LP001865,Male,Yes,2,Not Graduate,No,6372.0,2146.0,196.0,408.0,1.0,Rural
LP002711,Male,No,0,Not Graduate,No,6278.0,0.0,175.0,433.0,1.0,Urban
LP001203,Male,No,3+,Graduate,No,2036.0,4495.0,108.0,416.0,1.0,Semiurban
LP001585,Female,No,1,Not Graduate,Yes,22638.0,0.0,144.0,375.0,1.0,Rural
LP002568,Female,No,1,Not Graduate,Yes,0.0,1330.0,125.0,391.0,1.0,Semiurban
LP001028,Male,Yes,1,Graduate,Yes,2482.0,3922.0,323.0,308.0,1.0,Rural
LP001578,Male,Yes,0,Graduate,No,10870.0,0.0,167.0,218.0,1.0,Semiurban
LP001169,Female,No,0,Not Graduate,Yes,6332.0,3300.0,83.0,320.0,1.0,Urban
LP002940,Male,Yes,2,Not Graduate,No,0.0,0.0,136.0,307.0,1.0,Urban
LP002051,Female,No,1,Graduate,No,5335.0,3219.0,12.0,281.0,1.0,Urban
LP002043,Female,Yes,0,Not Graduate,Yes,9051.0,4872.0,0.0,345.0,1.0,Urban
LP002984,Male,Yes,1,Not Graduate,Yes,8096.0,0.0,256.0,215.0,1.0,Rural
LP002086,Male,Yes,3+,Not Graduate,Yes,8945.0,0.0,164.0,424.0,1.0,Semiurban
LP001961,Female,No,1,Graduate,No,17628.0,1809.0,108.0,338.0,0.0,Rural
LP001909,Male,No,2,Not Graduate,No,6726.0,0.0,140.0,310.0,2.0,Rural
LP002935,Male,Yes,0,Graduate,Yes,9711.0,0.0,134.0,322.0,1.0,Urban
LP002614,Male,No,3+,Graduate,No,0.0,1533.0,148.0,332.0,1.0,Rural
LP002712,Male,No,0,Graduate,Yes,15804.0,2513.0,231.0,275.0,1.0,Semiurban
LP002777,Female,Yes,3+,Not Graduate,Yes,5550.0,709.0,184.0,275.0,0.0,Rural
LP002345,Female,No,1,Graduate,Yes,236.0,1909.0,111.0,257.0,1.0,Semiurban
LP002960,Female,Yes,1,Not Graduate,Yes,4068.0,4454.0,7.0,250.0,1.0,Urban
LP001325,Female,Yes,2,Graduate,Yes,8953.0,629.0,65.0,286.0,0.0,Urban
LP002111,Male,Yes,2,Not Graduate,Yes,11073.0,986.0,201.0,333.0,1.0,Rural
LP002892,Male,No,3+,Not Graduate,No,4637.0,1548.0,263.0,414.0,1.0,Semiurban
LP002036,Female,Yes,2,Not Graduate,No,8605.0,748.0,75.0,240.0,1.0,Urban
LP002867,Female,Yes,2,Graduate,Yes,3681.0,749.0,63.0,402.0,1.0,Urban
LP001784,Male,No,2,Not Graduate,Yes,7980.0,6247.0,109.0,237.0,1.0,Rural
LP002825,Female,No,2,Not Graduate,No,6355.0,1944.0,281.0,348.0,1.0,Semiurban
LP002101,Female,No,1,Graduate,No,6893.0,795.0,154.0,243.0,1.0,Urban
LP002476,Male,No,2,Graduate,Yes,3409.0,5366.0,83.0,260.0,1.0,Urban
LP002211,Female,Yes,1,Not Graduate,Yes,7479.0,4553.0,115.0,363.0,1.0,Semiurban
LP002472,Male,No,1,Graduate,No,473.0,3299.0,102.0,362.0,0.0,Rural
LP001489,Male,No,0,Graduate,Yes,6288.0,0.0,197.0,391.0,1.0,Rural
LP002766,Female,No,1,Graduate,No,1566.0,9031.0,294.0,282.0,1.0,Urban
LP002917,Male,No,1,Not Graduate,Yes,0.0,0.0,153.0,407.0,0.0,Urban
LP002768,Female,Yes,2,Graduate,No,1162.0,0.0,227.0,444.0,0.0,Rural
LP002643,Male,No,1,Not Graduate,Yes,3995.0,2643.0,38.0,357.0,1.0,Rural
LP001949,Female,Yes,3+,Graduate,Yes,2170.0,632.0,324.0,226.0,0.0,Urban
LP002050,Female,No,2,Graduate,Yes,7437.0,0.0,39.0,217.0,1.0,Semiurban
LP002657,Female,Yes,2,Not Graduate,No,5634.0,1219.0,236.0,352.0,1.0,Semiurban
LP002847,Male,Yes,2,Graduate,Yes,10958.0,1816.0,169.0,305.0,1.0,Urban
LP002192,Male,No,0,Graduate,No,4699.0,1144.0,45.0,277.0,0.0,Urban
LP002137,Female,Yes,2,Graduate,No,6209.0,2424.0,207.0,331.0,0.0,Urban
LP002257,Male,No,1,Graduate,No,15806.0,325.0,140.0,319.0,1.0,Urban
LP001921,Female,Yes,3+,Not Graduate,No,2681.0,1225.0,72.0,332.0,1.0,Rural
LP002412,Female,Yes,2,Not Graduate,Yes,3556.0,5158.0,143.0,285.0,1.0,Semiurban
LP001760,Male,Yes,2,Not Graduate,Yes,12034.0,4209.0,15.0,471.0,1.0,Semiurban
LP001884,Female,No,3+,Not Graduate,Yes,0.0,1035.0,105.0,271.0,1.0,Semiurban
LP002176,Male,Yes,2,Not Graduate,No,12671.0,3092.0,68.0,325.0,1.0,Rural
LP002042,Female,No,0,Not Graduate,Yes,3831.0,3977.0,128.0,209.0,1.0,Urban
LP001936,Male,Yes,1,Not Graduate,No,434.0,0.0,9.0,267.0,1.0,Semiurban
LP001584,Female,Yes,3+,Graduate,No,10335.0,2500.0,4.0,257.0,0.0,Semiurban
LP001572,Female,Yes,3+,Not Graduate,No,3750.0,2027.0,77.0,307.0,1.0,Rural
LP001008,Male,Yes,0,Not Graduate,Yes,15569.0,3390.0,140.0,326.0,1.0,Urban
LP002321,Female,Yes,1,Not Graduate,No,5642.0,0.0,67.0,315.0,1.0,Urban
LP002224,Female,Yes,0,Graduate,Yes,5601.0,1509.0,178.0,307.0,1.0,Urban
LP001259,Male,No,1,Not Graduate,Yes,1842.0,0.0,197.0,356.0,1.0,Semiurban
LP002317,Female,No,0,Not Graduate,Yes,4344.0,2505.0,77.0,361.0,1.0,Rural
LP002862,Male,No,2,Not Graduate,No,3627.0,0.0,250.0,187.0,1.0,Semiurban
LP001473,Female,Yes,0,Graduate,Yes,12762.0,119.0,119.0,411.0,1.0,Rural
LP002949,Male,No,3+,Not Graduate,No,6829.0,1935.0,284.0,359.0,0.0,Rural
LP001737,Female,Yes,3+,Graduate,No,9198.0,0.0,122.0,215.0,0.0,Semiurban
LP001120,Female,No,3+,Graduate,No,5741.0,0.0,56.0,401.0,2.0,Rural
LP001289,Female,No,0,Graduate,No,2839.0,4427.0,238.0,409.0,1.0,Rural
LP002296,Male,Yes,3+,Graduate,Yes,7293.0,0.0,62.0,213.0,0.0,Rural
LP001949,Male,Yes,3+,Not Graduate,Yes,14239.0,0.0,231.0,322.0,2.0,Urban
LP002257,Male,No,2,Graduate,Yes,0.0,0.0,152.0,359.0,1.0,Urban
LP001947,Male,No,2,Graduate,Yes,7569.0,1331.0,99.0,412.0,1.0,Urban
LP001022,Female,No,1,Not Graduate,No,13703.0,5890.0,83.0,374.0,1.0,Urban
LP002699,Female,No,1,Graduate,No,540.0,1222.0,136.0,306.0,1.0,Semiurban
LP002046,Male,Yes,1,Graduate,No,10431.0,3187.0,195.0,272.0,1.0,Semiurban
LP001407,Male,No,0,Graduate,No,10437.0,557.0,139.0,246.0,1.0,Semiurban
LP001128,Male,Yes,1,Graduate,Yes,0.0,2107.0,257.0,282.0,0.0,Urban
LP002357,Female,Yes,0,Graduate,Yes,11504.0,1040.0,51.0,377.0,0.0,Semiurban
LP002383,Male,No,0,Graduate,No,1796.0,3152.0,135.0,402.0,1.0,Urban
LP001047,Male,Yes,1,Not Graduate,No,7223.0,0.0,228.0,318.0,1.0,Urban
LP002863,Female,No,1,Not Graduate,No,11012.0,1806.0,49.0,414.0,0.0,Rural
LP001504,Female,Yes,0,Not Graduate,No,12014.0,2020.0,223.0,369.0,1.0,Rural
LP001284,Male,Yes,2,Not Graduate,Yes,0.0,2678.0,144.0,507.0,1.0,Urban
LP001508,Female,No,3+,Graduate,No,15366.0,0.0,151.0,223.0,1.0,Rural
LP001750,Male,Yes,3+,Graduate,Yes,13255.0,308.0,116.0,328.0,1.0,Rural
LP002615,Female,Yes,3+,Graduate,Yes,11171.0,3236.0,49.0,356.0,1.0,Rural
LP002885,Male,No,2,Not Graduate,No,7238.0,2216.0,136.0,462.0,1.0,Rural
LP002962,Male,Yes,0,Not Graduate,No,2698.0,6316.0,99.0,247.0,1.0,Semiurban
LP002125,Male,Yes,1,Graduate,Yes,0.0,163.0,261.0,279.0,2.0,Rural
LP001022,Male,No,0,Graduate,Yes,0.0,0.0,182.0,346.0,1.0,Urban
LP001356,Female,No,0,Not Graduate,No,8850.0,334.0,145.0,263.0,1.0,Rural
LP002826,Female,Yes,1,Not Graduate,Yes,11168.0,0.0,245.0,326.0,1.0,Rural
LP001114,Female,Yes,2,Not Graduate,No,4698.0,3511.0,138.0,236.0,1.0,Semiurban
LP002826,Female,Yes,3+,Not Graduate,No,2554.0,1593.0,197.0,420.0,1.0,Semiurban
LP001669,Male,No,3+,Graduate,Yes,5578.0,2685.0,233.0,452.0,1.0,Semiurban
LP001183,Male,Yes,0,Not Graduate,Yes,1533.0,3118.0,121.0,454.0,1.0,Rural
LP002877,Female,Yes,2,Not Graduate,No,5303.0,4429.0,176.0,352.0,2.0,Urban
LP002255,Female,Yes,3+,Graduate,No,1206.0,0.0,109.0,354.0,1.0,Semiurban
LP001616,Female,Yes,2,Graduate,Yes,8665.0,0.0,231.0,341.0,0.0,Rural
LP002920,Female,Yes,1,Graduate,Yes,12264.0,0.0,140.0,398.0,1.0,Rural
LP002788,Female,Yes,0,Not Graduate,Yes,8076.0,776.0,249.0,424.0,1.0,Rural
LP002435,Male,No,0,Not Graduate,Yes,4722.0,2144.0,158.0,389.0,1.0,Semiurban
LP002602,Male,No,2,Not Graduate,No,10813.0,1941.0,340.0,358.0,1.0,Rural
LP001030,Male,Yes,3+,Not Graduate,No,5287.0,2079.0,88.0,388.0,0.0,Semiurban
LP001059,Female,Yes,2,Graduate,No,10632.0,0.0,209.0,342.0,0.0,Rural
LP001312,Female,No,1,Graduate,Yes,1557.0,0.0,139.0,255.0,0.0,Urban
LP001931,Female,No,3+,Not Graduate,Yes,2294.0,725.0,125.0,304.0,1.0,Urban
LP002530,Female,No,3+,Not Graduate,No,0.0,1192.0,0.0,356.0,0.0,Rural
LP001765,Male,Yes,2,Not Graduate,Yes,2529.0,241.0,148.0,286.0,1.0,Semiurban
LP002744,Male,Yes,1,Graduate,Yes,10769.0,2293.0,67.0,281.0,1.0,Rural
LP002347,Female,Yes,3+,Not Graduate,Yes,215.0,0.0,119.0,382.0,0.0,Urban
LP001541,Male,Yes,0,Graduate,Yes,0.0,290.0,70.0,387.0,1.0,Rural
LP002777,Male,No,1,Not Graduate,Yes,2819.0,2969.0,80.0,361.0,1.0,Semiurban
LP002408,Female,No,3+,Graduate,Yes,0.0,2158.0,59.0,310.0,1.0,Semiurban
LP001327,Female,No,2,Graduate,No,2307.0,587.0,60.0,320.0,1.0,Semiurban
LP002318,Female,No,3+,Not Graduate,No,17179.0,649.0,19.0,388.0,0.0,Semiurban
LP002853,Female,Yes,0,Graduate,No,117.0,308.0,172.0,284.0,1.0,Urban
LP001931,Female,Yes,1,Graduate,No,8788.0,691.0,144.0,247.0,1.0,Semiurban
LP001843,Female,No,3+,Not Graduate,Yes,4723.0,232.0,197.0,375.0,1.0,Semiurban
LP001665,Male,No,0,Graduate,No,7301.0,611.0,112.0,334.0,1.0,Urban
LP002943,Male,No,3+,Not Graduate,No,2280.0,2406.0,91.0,427.0,1.0,Semiurban
LP002208,Female,No,3+,Graduate,No,11794.0,2349.0,136.0,273.0,1.0,Urban
LP002690,Male,No,1,Graduate,No,7611.0,0.0,197.0,412.0,1.0,Semiurban
LP002670,Female,Yes,2,Graduate,Yes,7769.0,6473.0,166.0,304.0,1.0,Semiurban
LP001121,Female,Yes,2,Graduate,Yes,5743.0,125.0,144.0,393.0,0.0,Semiurban
LP002270,Female,No,0,Not Graduate,No,12333.0,2877.0,194.0,258.0,-0.0,Semiurban
LP002383,Female,No,0,Not Graduate,No,8370.0,0.0,143.0,238.0,1.0,Rural
LP001405,Male,No,0,Not Graduate,Yes,7292.0,5579.0,97.0,365.0,1.0,Rural
LP002064,Female,Yes,1,Graduate,Yes,8897.0,3065.0,213.0,324.0,1.0,Semiurban
LP002610,Male,Yes,2,Graduate,No,0.0,2642.0,46.0,353.0,1.0,Semiurban
LP001546,Female,Yes,0,Not Graduate,Yes,6249.0,1116.0,33.0,279.0,0.0,Semiurban
LP002105,Female,No,0,Not Graduate,Yes,4815.0,0.0,141.0,364.0,1.0,Rural
LP001758,Female,Yes,3+,Not Graduate,No,11835.0,6123.0,149.0,425.0,1.0,Semiurban
LP002425,Male,No,3+,Not Graduate,Yes,1187.0,3923.0,161.0,414.0,1.0,Urban
LP001720,Female,Yes,0,Graduate,No,6325.0,728.0,117.0,298.0,1.0,Rural
LP002843,Female,Yes,3+,Not Graduate,No,16136.0,2903.0,247.0,260.0,1.0,Rural
LP001428,Female,Yes,3+,Graduate,Yes,5033.0,0.0,26.0,342.0,1.0,Rural
LP001030,Male,No,3+,Not Graduate,Yes,0.0,0.0,153.0,397.0,1.0,Semiurban
LP001541,Male,No,1,Graduate,Yes,17561.0,1647.0,201.0,232.0,1.0,Urban
LP001187,Male,Yes,0,Not Graduate,Yes,1105.0,0.0,250.0,382.0,1.0,Rural
LP001865,Female,No,0,Not Graduate,Yes,0.0,290.0,246.0,473.0,0.0,Urban
LP001541,Male,No,3+,Graduate,Yes,0.0,1459.0,58.0,384.0,1.0,Urban
LP001138,Female,No,1,Graduate,No,9324.0,0.0,171.0,241.0,0.0,Urban
LP002055,Male,No,3+,Not Graduate,Yes,12571.0,1384.0,126.0,268.0,0.0,Semiurban
LP002286,Male,No,1,Graduate,No,15205.0,0.0,141.0,297.0,1.0,Semiurban
LP001366,Female,No,0,Not Graduate,Yes,5267.0,4355.0,230.0,333.0,0.0,Semiurban
LP001465,Male,No,3+,Graduate,Yes,0.0,1329.0,290.0,365.0,2.0,Rural
LP002318,Female,Yes,0,Not Graduate,Yes,1934.0,3036.0,163.0,389.0,1.0,Rural
LP001325,Female,No,1,Not Graduate,Yes,5371.0,0.0,0.0,323.0,1.0,Urban
LP001083,Male,No,2,Not Graduate,Yes,5059.0,3205.0,13.0,359.0,-0.0,Rural
LP001785,Female,Yes,1,Not Graduate,No,12631.0,5673.0,139.0,272.0,0.0,Semiurban
LP002774,Female,Yes,2,Not Graduate,No,0.0,1922.0,220.0,296.0,2.0,Semiurban
LP001938,Male,Yes,0,Not Graduate,No,0.0,3021.0,82.0,400.0,1.0,Semiurban
LP002017,Male,Yes,0,Not Graduate,Yes,3415.0,955.0,128.0,372.0,1.0,Semiurban
LP002090,Female,No,3+,Not Graduate,Yes,7282.0,2622.0,268.0,380.0,1.0,Urban
LP001915,Male,Yes,2,Graduate,Yes,2659.0,5955.0,112.0,275.0,0.0,Rural
LP001238,Female,Yes,1,Graduate,No,2195.0,7709.0,278.0,340.0,0.0,Semiurban
LP001232,Female,No,0,Graduate,No,11864.0,2464.0,109.0,348.0,0.0,Urban
LP001024,Male,No,2,Not Graduate,Yes,7868.0,0.0,213.0,363.0,1.0,Rural
LP001843,Male,No,1,Not Graduate,No,0.0,3297.0,148.0,408.0,1.0,Urban
LP002270,Male,Yes,2,Not Graduate,Yes,2277.0,0.0,203.0,345.0,1.0,Semiurban
LP002402,Male,No,1,Graduate,Yes,8123.0,0.0,298.0,446.0,0.0,Semiurban
LP002777,Female,Yes,1,Graduate,No,0.0,215.0,175.0,214.0,1.0,Semiurban
LP001482,Female,No,1,Graduate,No,8088.0,7151.0,240.0,322.0,1.0,Rural
LP001501,Male,No,1,Graduate,No,3222.0,5486.0,73.0,409.0,2.0,Semiurban
LP001047,Male,Yes,2,Graduate,No,7246.0,4923.0,70.0,294.0,1.0,Rural
LP002105,Female,No,2,Not Graduate,Yes,5862.0,3833.0,16.0,396.0,1.0,Urban
LP002129,Female,No,3+,Graduate,Yes,0.0,0.0,61.0,349.0,1.0,Rural
LP001972,Female,No,2,Not Graduate,No,1554.0,2244.0,260.0,466.0,1.0,Urban
LP002175,Female,No,2,Not Graduate,No,13423.0,6599.0,168.0,332.0,1.0,Rural
LP002272,Male,No,3+,Not Graduate,No,18685.0,2819.0,122.0,333.0,1.0,Semiurban
LP001726,Female,Yes,2,Graduate,No,0.0,4403.0,158.0,459.0,1.0,Semiurban
LP001497,Female,Yes,1,Graduate,Yes,11120.0,0.0,195.0,319.0,1.0,Urban
LP001022,Male,No,0,Not Graduate,Yes,6863.0,3565.0,203.0,411.0,1.0,Rural
LP002870,Female,Yes,0,Graduate,Yes,17039.0,0.0,159.0,362.0,0.0,Rural
LP001702,Female,Yes,3+,Graduate,Yes,1999.0,1001.0,250.0,413.0,1.0,Urban
LP001059,Male,Yes,2,Not Graduate,Yes,10296.0,5468.0,67.0,319.0,1.0,Rural
LP001022,Male,No,2,Not Graduate,Yes,3456.0,2546.0,115.0,335.0,1.0,Rural
LP002176,Male,No,3+,Not Graduate,Yes,12478.0,3818.0,233.0,318.0,1.0,Urban
LP001359,Female,No,0,Not Graduate,No,18343.0,1099.0,217.0,214.0,0.0,Urban
LP002473,Female,Yes,1,Not Graduate,Yes,6393.0,0.0,171.0,325.0,1.0,Urban
LP002144,Male,Yes,2,Graduate,No,0.0,0.0,100.0,551.0,0.0,Rural
LP002055,Male,No,3+,Not Graduate,No,13232.0,3451.0,203.0,295.0,1.0,Urban
LP001478,Female,No,1,Graduate,No,8400.0,2512.0,72.0,352.0,1.0,Urban
LP002495,Male,Yes,3+,Graduate,Yes,7333.0,6122.0,234.0,420.0,1.0,Urban
LP002062,Male,Yes,3+,Not Graduate,Yes,14197.0,1946.0,260.0,376.0,1.0,Urban
LP002257,Male,No,3+,Not Graduate,Yes,0.0,0.0,98.0,337.0,1.0,Semiurban
LP001448,Female,Yes,0,Graduate,Yes,1101.0,1532.0,343.0,284.0,1.0,Semiurban
LP001367,Female,Yes,0,Not Graduate,No,8564.0,4315.0,65.0,436.0,1.0,Semiurban
LP002958,Female,Yes,3+,Graduate,Yes,974.0,0.0,128.0,414.0,1.0,Urban
LP002045,Female,Yes,2,Not Graduate,No,3380.0,2542.0,126.0,435.0,1.0,Rural
LP002223,Female,Yes,1,Not Graduate,Yes,12440.0,0.0,134.0,428.0,1.0,Semiurban
LP002599,Female,Yes,2,Graduate,Yes,7646.0,2044.0,253.0,249.0,1.0,Urban
LP001155,Male,Yes,0,Graduate,No,0.0,3577.0,176.0,319.0,1.0,Semiurban
LP001086,Female,No,1,Not Graduate,No,7504.0,3102.0,78.0,362.0,0.0,Semiurban
LP002484,Female,No,3+,Not Graduate,No,12236.0,5246.0,151.0,280.0,1.0,Urban
LP001949,Male,Yes,2,Not Graduate,Yes,6157.0,2284.0,194.0,301.0,0.0,Urban
LP001953,Female,Yes,2,Graduate,Yes,10145.0,2998.0,183.0,384.0,1.0,Semiurban
LP001587,Female,Yes,3+,Not Graduate,No,2235.0,3093.0,237.0,381.0,0.0,Urban
LP001921,Male,No,2,Not Graduate,Yes,6660.0,0.0,149.0,457.0,1.0,Semiurban
LP002308,Male,No,0,Not Graduate,No,0.0,1255.0,204.0,295.0,1.0,Semiurban
LP001855,Male,Yes,3+,Not Graduate,Yes,8766.0,0.0,131.0,282.0,1.0,Semiurban
LP002102,Female,No,2,Graduate,No,7231.0,2627.0,92.0,479.0,1.0,Semiurban
LP002984,Male,Yes,3+,Graduate,No,0.0,0.0,54.0,326.0,1.0,Rural
LP002301,Female,Yes,1,Graduate,Yes,13841.0,3910.0,264.0,218.0,1.0,Rural
LP002129,Female,Yes,3+,Not Graduate,No,8432.0,6097.0,26.0,368.0,1.0,Urban
LP001056,Female,Yes,2,Not Graduate,Yes,1235.0,2958.0,162.0,272.0,0.0,Rural
LP002347,Female,Yes,0,Not Graduate,Yes,8917.0,3377.0,174.0,317.0,1.0,Rural
LP001634,Male,Yes,3+,Graduate,No,0.0,4878.0,67.0,250.0,1.0,Urban
LP002167,Male,Yes,3+,Graduate,No,361.0,420.0,212.0,415.0,1.0,Semiurban
LP001002,Female,No,2,Graduate,Yes,0.0,0.0,38.0,369.0,1.0,Rural
LP002186,Male,Yes,0,Graduate,Yes,0.0,1368.0,98.0,258.0,0.0,Rural
LP002850,Female,No,0,Not Graduate,No,7672.0,0.0,217.0,355.0,1.0,Rural
LP002836,Female,Yes,1,Graduate,No,5718.0,1811.0,42.0,386.0,1.0,Rural
LP002194,Female,Yes,1,Graduate,No,9441.0,2294.0,206.0,328.0,1.0,Semiurban
LP002786,Male,No,2,Not Graduate,Yes,0.0,302.0,229.0,450.0,1.0,Urban
LP002614,Female,No,0,Graduate,Yes,2950.0,0.0,226.0,410.0,1.0,Rural
LP001237,Female,Yes,0,Not Graduate,Yes,3030.0,0.0,171.0,311.0,1.0,Rural
LP002377,Male,No,1,Not Graduate,No,5480.0,1143.0,78.0,327.0,1.0,Rural
LP002921,Male,Yes,1,Not Graduate,No,5332.0,414.0,66.0,262.0,1.0,Rural
LP001996,Male,Yes,2,Not Graduate,Yes,6479.0,607.0,104.0,232.0,1.0,Urban
LP001489,Male,No,0,Not Graduate,Yes,5686.0,3591.0,0.0,286.0,1.0,Semiurban
LP001677,Female,No,3+,Graduate,No,2567.0,6945.0,144.0,296.0,1.0,Urban
LP002393,Male,No,1,Graduate,Yes,2904.0,632.0,134.0,429.0,0.0,Rural
LP002006,Female,No,2,Not Graduate,No,4879.0,2652.0,148.0,253.0,1.0,Rural
LP001404,Male,Yes,0,Graduate,No,8054.0,2293.0,124.0,349.0,1.0,Urban
LP001287,Male,No,0,Not Graduate,No,5664.0,4687.0,156.0,356.0,1.0,Semiurban
LP002790,Male,No,1,Graduate,Yes,708.0,0.0,149.0,296.0,0.0,Semiurban
LP002057,Male,No,2,Graduate,Yes,407.0,0.0,29.0,409.0,1.0,Semiurban
LP002863,Male,No,3+,Graduate,No,8084.0,0.0,164.0,322.0,1.0,Semiurban
LP001807,Male,No,1,Graduate,No,9493.0,0.0,141.0,304.0,1.0,Urban
LP002734,Female,Yes,2,Graduate,Yes,11279.0,1477.0,9.0,449.0,1.0,Urban
LP002950,Male,Yes,0,Graduate,No,2384.0,0.0,212.0,287.0,1.0,Semiurban
LP001253,Male,No,3+,Graduate,Yes,0.0,2285.0,119.0,393.0,1.0,Urban
LP002064,Male,No,2,Not Graduate,Yes,7353.0,0.0,192.0,305.0,1.0,Urban
LP002237,Male,Yes,3+,Not Graduate,Yes,1104.0,1447.0,139.0,263.0,1.0,Rural
LP002592,Female,No,2,Not Graduate,No,4591.0,905.0,5.0,321.0,0.0,Urban
LP001702,Male,Yes,2,Graduate,No,6024.0,120.0,162.0,496.0,1.0,Urban
LP002524,Male,Yes,2,Graduate,No,8333.0,4316.0,181.0,248.0,1.0,Semiurban
LP002342,Male,No,2,Not Graduate,No,10267.0,0.0,233.0,297.0,1.0,Urban
LP002130,Male,Yes,3+,Not Graduate,Yes,11841.0,2428.0,214.0,422.0,0.0,Semiurban
LP002714,Female,No,1,Graduate,No,12693.0,0.0,235.0,281.0,0.0,Rural
LP001153,Male,No,3+,Not Graduate,Yes,5772.0,6112.0,200.0,303.0,1.0,Rural
LP002793,Female,Yes,2,Not Graduate,No,0.0,1230.0,104.0,351.0,1.0,Urban
LP002860,Male,Yes,3+,Not Graduate,No,1708.0,3439.0,106.0,328.0,1.0,Urban
LP002420,Female,No,3+,Not Graduate,No,13199.0,3260.0,219.0,375.0,1.0,Semiurban
LP001818,Female,Yes,3+,Graduate,No,6027.0,4717.0,112.0,325.0,0.0,Rural
LP001616,Male,No,2,Not Graduate,No,17586.0,1999.0,184.0,343.0,1.0,Semiurban
LP001634,Male,Yes,3+,Not Graduate,Yes,3021.0,0.0,275.0,334.0,0.0,Urban
LP001270,Female,Yes,0,Not Graduate,No,18352.0,2806.0,95.0,289.0,0.0,Rural
LP001052,Female,No,2,Not Graduate,No,5171.0,2355.0,199.0,222.0,0.0,Urban
LP002907,Male,No,3+,Graduate,No,2789.0,0.0,80.0,467.0,1.0,Rural
LP001630,Female,No,0,Not Graduate,No,1127.0,0.0,188.0,288.0,1.0,Semiurban
LP001499,Female,Yes,3+,Not Graduate,No,8938.0,3521.0,267.0,292.0,2.0,Urban
LP002603,Female,No,1,Not Graduate,Yes,0.0,5464.0,246.0,355.0,1.0,Urban
LP002339,Male,No,3+,Not Graduate,No,2049.0,1377.0,113.0,275.0,1.0,Rural
LP001560,Female,Yes,3+,Not Graduate,Yes,4880.0,3802.0,264.0,402.0,0.0,Semiurban
LP001608,Female,Yes,1,Graduate,No,0.0,1899.0,125.0,359.0,1.0,Rural
LP001922,Female,No,2,Not Graduate,Yes,4625.0,1701.0,320.0,325.0,2.0,Rural
LP001207,Male,No,1,Not Graduate,No,14978.0,1213.0,145.0,310.0,1.0,Rural
LP001242,Male,No,2,Graduate,No,7640.0,1821.0,194.0,264.0,1.0,Urban
LP001287,Female,No,1,Not Graduate,Yes,1432.0,2658.0,191.0,363.0,1.0,Semiurban
LP001536,Male,Yes,3+,Graduate,No,2458.0,510.0,58.0,351.0,0.0,Semiurban
LP002445,Female,Yes,3+,Not Graduate,Yes,7100.0,4991.0,249.0,300.0,1.0,Semiurban
LP002502,Male,No,2,Graduate,No,2271.0,0.0,160.0,376.0,1.0,Rural
LP001146,Male,No,2,Graduate,Yes,7848.0,6227.0,99.0,445.0,0.0,Semiurban
LP002907,Female,No,0,Not Graduate,Yes,2110.0,1016.0,84.0,343.0,1.0,Semiurban
LP002311,Male,Yes,0,Graduate,Yes,0.0,1460.0,96.0,326.0,1.0,Urban
LP001273,Male,No,3+,Not Graduate,No,11905.0,0.0,137.0,280.0,0.0,Urban
LP002161,Male,No,3+,Graduate,Yes,9218.0,2715.0,60.0,332.0,1.0,Urban
LP001386,Female,Yes,0,Graduate,No,0.0,578.0,79.0,315.0,0.0,Rural
LP001518,Male,Yes,0,Not Graduate,Yes,3261.0,309.0,9.0,274.0,1.0,Urban
LP001099,Male,No,2,Graduate,Yes,11119.0,3268.0,80.0,372.0,1.0,Semiurban
LP002116,Female,No,1,Not Graduate,Yes,4234.0,4759.0,248.0,360.0,0.0,Urban
LP002527,Male,Yes,2,Graduate,No,1874.0,0.0,236.0,347.0,1.0,Rural
LP001207,Male,No,0,Graduate,No,3742.0,3846.0,163.0,319.0,1.0,Urban
LP001455,Male,No,3+,Not Graduate,No,5811.0,4995.0,306.0,402.0,0.0,Semiurban
LP002160,Male,Yes,0,Not Graduate,Yes,4157.0,0.0,237.0,228.0,1.0,Urban
LP002807,Male,Yes,3+,Graduate,No,4709.0,0.0,176.0,231.0,1.0,Urban
LP002068,Female,Yes,3+,Not Graduate,No,4326.0,4929.0,185.0,357.0,1.0,Urban
LP001855,Female,No,3+,Not Graduate,Yes,0.0,2616.0,149.0,425.0,1.0,Rural
LP001650,Male,Yes,3+,Graduate,Yes,0.0,6249.0,45.0,350.0,0.0,Rural
LP001497,Male,Yes,1,Graduate,No,0.0,1120.0,122.0,350.0,2.0,Rural
LP001716,Male,No,0,Not Graduate,No,5701.0,172.0,0.0,274.0,-0.0,Rural
LP002390,Female,No,2,Graduate,No,8499.0,5303.0,58.0,203.0,0.0,Rural
LP002542,Female,Yes,3+,Not Graduate,Yes,0.0,0.0,250.0,279.0,0.0,Urban
LP002856,Male,Yes,3+,Not Graduate,Yes,0.0,938.0,149.0,384.0,1.0,Urban
LP001568,Male,No,2,Not Graduate,Yes,218.0,3123.0,60.0,240.0,1.0,Rural
LP002036,Female,No,2,Not Graduate,Yes,13167.0,3392.0,183.0,287.0,1.0,Rural
LP001095,Male,Yes,3+,Not Graduate,Yes,3397.0,0.0,189.0,240.0,-0.0,Urban
LP001313,Female,Yes,2,Not Graduate,No,3961.0,2311.0,262.0,283.0,1.0,Semiurban
LP001922,Female,No,2,Graduate,No,637.0,811.0,280.0,416.0,2.0,Urban
LP001978,Male,Yes,1,Not Graduate,No,8436.0,0.0,203.0,303.0,1.0,Rural
LP002369,Female,No,2,Graduate,Yes,4477.0,348.0,25.0,402.0,1.0,Urban
LP002529,Male,Yes,0,Not Graduate,Yes,1042.0,0.0,319.0,304.0,1.0,Rural
LP001924,Male,No,0,Graduate,No,0.0,0.0,247.0,436.0,1.0,Urban
LP001507,Male,No,0,Graduate,No,7332.0,0.0,208.0,365.0,1.0,Urban
LP002362,Male,Yes,3+,Graduate,No,6683.0,3706.0,141.0,312.0,1.0,Urban
LP001038,Male,Yes,0,Not Graduate,Yes,0.0,2419.0,23.0,332.0,1.0,Semiurban
LP001036,Male,No,1,Graduate,Yes,12170.0,5785.0,99.0,248.0,1.0,Urban
LP001855,Female,Yes,0,Graduate,Yes,1524.0,0.0,139.0,309.0,1.0,Urban
LP002926,Female,Yes,3+,Not Graduate,Yes,0.0,1937.0,111.0,435.0,-0.0,Semiurban
LP002194,Female,Yes,1,Graduate,Yes,13886.0,0.0,227.0,366.0,1.0,Urban
LP001603,Female,No,0,Graduate,No,4596.0,0.0,137.0,206.0,0.0,Semiurban
LP001658,Male,Yes,1,Not Graduate,No,7654.0,516.0,82.0,331.0,1.0,Semiurban
LP002606,Female,Yes,1,Graduate,Yes,14704.0,6968.0,181.0,353.0,0.0,Semiurban
LP001391,Female,No,3+,Graduate,Yes,0.0,2591.0,78.0,391.0,1.0,Urban
LP001392,Female,Yes,3+,Not Graduate,No,7910.0,1255.0,16.0,318.0,0.0,Rural
LP001743,Male,Yes,1,Graduate,Yes,11873.0,4535.0,182.0,334.0,1.0,Urban
LP001347,Female,No,0,Graduate,Yes,0.0,3432.0,137.0,409.0,1.0,Rural
LP002826,Male,No,3+,Graduate,No,13498.0,1449.0,155.0,326.0,0.0,Rural
LP002186,Female,Yes,1,Graduate,Yes,0.0,3438.0,249.0,295.0,0.0,Semiurban
LP001176,Male,Yes,2,Not Graduate,Yes,4637.0,771.0,162.0,397.0,1.0,Semiurban
LP002566,Male,No,2,Not Graduate,No,0.0,9719.0,187.0,398.0,2.0,Semiurban
LP001871,Female,No,3+,Not Graduate,Yes,9143.0,4919.0,144.0,202.0,1.0,Semiurban
LP002746,Male,Yes,0,Not Graduate,Yes,0.0,496.0,205.0,359.0,1.0,Urban
LP001186,Male,Yes,2,Graduate,No,1664.0,3666.0,0.0,277.0,1.0,Urban
LP002400,Female,Yes,2,Not Graduate,No,174.0,3094.0,83.0,368.0,0.0,Rural
LP001174,Female,No,2,Not Graduate,Yes,0.0,2372.0,113.0,404.0,1.0,Urban
LP002046,Female,Yes,0,Graduate,No,812.0,3002.0,105.0,383.0,1.0,Urban
LP001911,Male,No,0,Graduate,No,4922.0,0.0,81.0,389.0,1.0,Rural
LP002467,Male,No,3+,Graduate,Yes,4609.0,419.0,136.0,299.0,1.0,Urban
LP002980,Male,No,3+,Not Graduate,No,3947.0,6112.0,132.0,312.0,2.0,Urban
LP002433,Female,Yes,2,Graduate,Yes,1384.0,2157.0,136.0,381.0,1.0,Semiurban
LP001562,Male,Yes,0,Graduate,No,3152.0,0.0,158.0,347.0,1.0,Semiurban
LP002225,Male,Yes,1,Graduate,No,0.0,1221.0,181.0,242.0,1.0,Rural
LP001280,Male,No,2,Not Graduate,Yes,1199.0,150.0,82.0,400.0,0.0,Semiurban
LP001186,Male,Yes,3+,Not Graduate,Yes,3917.0,4043.0,102.0,247.0,1.0,Urban
LP002527,Male,No,0,Not Graduate,Yes,6856.0,77.0,214.0,363.0,1.0,Semiurban
LP002046,Male,No,3+,Not Graduate,No,6161.0,1722.0,70.0,356.0,1.0,Semiurban
LP001610,Male,No,3+,Not Graduate,Yes,0.0,0.0,80.0,419.0,0.0,Rural
LP002255,Female,No,0,Not Graduate,Yes,7616.0,7605.0,83.0,327.0,0.0,Urban
LP002137,Female,No,2,Not Graduate,No,5876.0,3313.0,127.0,210.0,1.0,Rural
LP001014,Female,No,0,Graduate,No,13382.0,3205.0,220.0,352.0,0.0,Urban
LP002195,Male,Yes,2,Graduate,No,0.0,3499.0,183.0,364.0,0.0,Urban
LP002006,Male,No,3+,Graduate,Yes,4403.0,529.0,75.0,412.0,2.0,Urban
LP001794,Female,Yes,0,Not Graduate,No,11053.0,5738.0,283.0,308.0,1.0,Semiurban
LP002212,Male,No,1,Not Graduate,No,3492.0,1418.0,89.0,388.0,1.0,Rural
LP002418,Female,Yes,2,Graduate,Yes,0.0,6422.0,17.0,401.0,1.0,Urban
LP001842,Male,Yes,1,Graduate,No,532.0,719.0,284.0,295.0,1.0,Semiurban
LP002082,Male,Yes,2,Not Graduate,No,9649.0,3547.0,78.0,363.0,1.0,Rural
LP001179,Female,Yes,0,Not Graduate,Yes,0.0,2055.0,134.0,246.0,1.0,Semiurban
LP001815,Female,No,1,Not Graduate,No,3282.0,2330.0,132.0,379.0,1.0,Semiurban
LP001790,Female,No,0,Not Graduate,Yes,190.0,0.0,188.0,357.0,1.0,Urban
LP001760,Female,No,2,Not Graduate,Yes,618.0,0.0,0.0,262.0,1.0,Rural
LP002877,Female,No,2,Not Graduate,Yes,7695.0,5707.0,119.0,316.0,1.0,Semiurban
LP001155,Male,Yes,2,Not Graduate,Yes,2929.0,0.0,114.0,413.0,0.0,Semiurban
LP002974,Male,Yes,2,Not Graduate,Yes,6507.0,4027.0,252.0,355.0,1.0,Semiurban
LP002958,Male,Yes,3+,Graduate,No,0.0,8671.0,100.0,298.0,1.0,Semiurban
LP001871,Female,No,2,Not Graduate,Yes,9906.0,3105.0,118.0,292.0,1.0,Urban
LP002342,Female,Yes,1,Not Graduate,Yes,6391.0,7384.0,201.0,408.0,1.0,Urban
LP002057,Female,No,2,Not Graduate,Yes,12230.0,3484.0,182.0,310.0,1.0,Rural
LP001326,Female,Yes,0,Graduate,Yes,2862.0,2317.0,86.0,357.0,0.0,Semiurban
LP001282,Female,Yes,3+,Graduate,No,7740.0,2620.0,176.0,315.0,1.0,Urban
LP001259,Female,Yes,1,Not Graduate,No,9641.0,1120.0,85.0,198.0,1.0,Rural
LP001926,Male,Yes,3+,Graduate,No,7628.0,1036.0,205.0,300.0,1.0,Rural
LP001422,Male,Yes,3+,Graduate,Yes,14849.0,174.0,130.0,416.0,1.0,Urban
LP002102,Male,No,3+,Graduate,No,0.0,2752.0,45.0,482.0,0.0,Urban
LP002560,Male,Yes,0,Not Graduate,No,6174.0,7584.0,0.0,292.0,1.0,Semiurban
LP002630,Male,No,3+,Not Graduate,Yes,2868.0,5475.0,113.0,364.0,1.0,Urban
LP002447,Female,No,3+,Not Graduate,Yes,2459.0,2159.0,82.0,494.0,1.0,Urban
LP002602,Female,No,2,Not Graduate,No,13686.0,3272.0,124.0,420.0,0.0,Urban
LP001572,Female,No,0,Not Graduate,No,1648.0,1370.0,139.0,263.0,1.0,Rural
LP001634,Female,No,1,Not Graduate,No,10037.0,5467.0,0.0,325.0,1.0,Urban
LP002502,Female,No,1,Not Graduate,No,0.0,0.0,86.0,359.0,1.0,Rural
LP002612,Female,No,1,Graduate,Yes,10986.0,6851.0,132.0,425.0,1.0,Rural
LP001627,Male,No,0,Not Graduate,Yes,5052.0,120.0,150.0,264.0,1.0,Urban
LP002152,Female,Yes,1,Not Graduate,Yes,3569.0,558.0,204.0,393.0,1.0,Rural
LP002816,Female,Yes,0,Not Graduate,Yes,0.0,0.0,218.0,388.0,2.0,Semiurban
LP002975,Female,No,2,Not Graduate,Yes,3581.0,2023.0,124.0,322.0,1.0,Semiurban
LP001013,Female,No,2,Not Graduate,No,1269.0,0.0,131.0,482.0,1.0,Rural
LP002087,Male,No,0,Not Graduate,Yes,15133.0,4765.0,105.0,283.0,1.0,Urban
LP001886,Male,Yes,1,Not Graduate,Yes,5474.0,3437.0,193.0,366.0,0.0,Urban
LP001323,Female,Yes,0,Not Graduate,No,1783.0,0.0,113.0,355.0,1.0,Rural
LP001528,Male,No,0,Graduate,Yes,1541.0,0.0,68.0,367.0,0.0,Urban
LP001275,Male,No,3+,Graduate,No,0.0,0.0,14.0,417.0,1.0,Rural
LP001516,Female,Yes,0,Not Graduate,Yes,13849.0,0.0,69.0,255.0,0.0,Semiurban
LP001067,Female,Yes,3+,Not Graduate,Yes,12334.0,842.0,122.0,353.0,1.0,Rural
LP002226,Female,No,2,Graduate,Yes,4799.0,0.0,218.0,470.0,0.0,Rural
LP002644,Female,No,3+,Not Graduate,No,17591.0,4778.0,146.0,394.0,1.0,Semiurban
LP002772,Female,No,0,Not Graduate,Yes,5105.0,247.0,151.0,299.0,0.0,Semiurban
LP001922,Male,No,2,Graduate,No,11424.0,3167.0,143.0,290.0,1.0,Rural
LP001452,Female,Yes,3+,Not Graduate,Yes,8404.0,3189.0,242.0,376.0,1.0,Semiurban
LP001266,Female,Yes,0,Not Graduate,Yes,1908.0,0.0,182.0,310.0,1.0,Semiurban
LP002648,Female,No,2,Not Graduate,No,6218.0,3542.0,141.0,333.0,1.0,Urban
LP002566,Male,No,3+,Graduate,No,7302.0,0.0,96.0,294.0,1.0,Semiurban
LP002105,Female,No,0,Graduate,Yes,0.0,0.0,45.0,477.0,1.0,Semiurban
LP001496,Female,Yes,0,Not Graduate,No,6820.0,3416.0,270.0,365.0,1.0,Rural
LP002651,Female,No,1,Graduate,Yes,11678.0,1941.0,205.0,346.0,1.0,Semiurban
LP002692,Male,No,1,Graduate,Yes,1241.0,676.0,128.0,236.0,1.0,Rural
LP001718,Female,No,3+,Graduate,No,3981.0,0.0,281.0,288.0,1.0,Urban
LP002237,Female,Yes,3+,Not Graduate,No,0.0,4225.0,142.0,338.0,1.0,Rural
LP001486,Female,No,3+,Graduate,No,2430.0,2782.0,79.0,338.0,0.0,Rural
LP002515,Male,Yes,0,Graduate,Yes,2872.0,0.0,237.0,450.0,1.0,Urban
LP001421,Female,No,3+,Graduate,No,14168.0,0.0,43.0,350.0,1.0,Urban
LP002272,Female,No,0,Not Graduate,Yes,3373.0,4394.0,111.0,410.0,1.0,Semiurban
LP002720,Female,No,3+,Graduate,No,2160.0,2419.0,50.0,354.0,1.0,Rural
LP001865,Male,Yes,0,Graduate,No,4645.0,0.0,81.0,398.0,1.0,Rural
LP002062,Female,No,0,Not Graduate,No,0.0,0.0,158.0,234.0,0.0,Rural
LP002781,Female,No,1,Graduate,No,0.0,6923.0,169.0,260.0,-0.0,Urban
LP001846,Female,Yes,2,Graduate,No,0.0,4327.0,57.0,402.0,1.0,Rural
LP001622,Male,Yes,0,Graduate,Yes,7026.0,1603.0,283.0,440.0,1.0,Semiurban
LP002599,Male,Yes,3+,Not Graduate,No,5165.0,1663.0,0.0,231.0,1.0,Urban
LP001751,Female,No,1,Not Graduate,No,10129.0,0.0,153.0,343.0,1.0,Rural
LP001164,Male,Yes,3+,Graduate,Yes,0.0,5154.0,155.0,245.0,1.0,Urban
LP002802,Male,No,3+,Graduate,Yes,4018.0,375.0,163.0,299.0,1.0,Urban
LP002389,Male,Yes,0,Graduate,Yes,0.0,0.0,211.0,218.0,1.0,Urban
LP002602,Female,Yes,0,Graduate,Yes,6702.0,3641.0,0.0,334.0,1.0,Rural
LP002622,Female,Yes,2,Graduate,No,0.0,0.0,83.0,330.0,1.0,Rural
LP002329,Male,No,0,Graduate,No,3794.0,0.0,154.0,329.0,1.0,Semiurban
LP002178,Male,No,0,Not Graduate,Yes,6355.0,2716.0,274.0,323.0,1.0,Urban
LP001908,Male,No,2,Graduate,No,2952.0,0.0,97.0,384.0,1.0,Rural
LP002933,Female,No,3+,Graduate,Yes,0.0,1442.0,128.0,454.0,1.0,Rural
LP001527,Female,No,2,Graduate,Yes,14647.0,2465.0,199.0,264.0,0.0,Semiurban
LP001543,Male,No,2,Not Graduate,No,2347.0,847.0,49.0,287.0,0.0,Rural
LP001107,Male,No,2,Graduate,No,0.0,859.0,144.0,351.0,1.0,Rural
LP001198,Male,No,1,Not Graduate,Yes,9515.0,5819.0,134.0,325.0,1.0,Rural
LP001589,Male,No,3+,Graduate,No,9728.0,5858.0,95.0,322.0,1.0,Urban
LP001449,Female,Yes,1,Graduate,Yes,3459.0,0.0,181.0,257.0,1.0,Semiurban
LP001650,Male,Yes,1,Graduate,Yes,13929.0,0.0,310.0,313.0,0.0,Semiurban
LP001563,Female,No,0,Graduate,Yes,961.0,134.0,156.0,313.0,0.0,Semiurban
LP002445,Male,No,2,Graduate,Yes,6180.0,1516.0,0.0,356.0,1.0,Rural
LP001398,Male,No,2,Graduate,No,8089.0,1379.0,75.0,283.0,1.0,Rural
LP001699,Male,No,1,Not Graduate,Yes,13802.0,6270.0,257.0,400.0,1.0,Rural
LP002699,Male,Yes,0,Graduate,Yes,0.0,1097.0,124.0,260.0,1.0,Urban
LP002689,Male,Yes,0,Graduate,Yes,18232.0,0.0,52.0,443.0,1.0,Urban
LP002784,Female,No,0,Graduate,No,11865.0,3.0,201.0,289.0,1.0,Semiurban
LP002885,Male,Yes,3+,Not Graduate,Yes,7739.0,2617.0,93.0,436.0,1.0,Urban
LP001786,Male,Yes,1,Graduate,Yes,626.0,903.0,145.0,293.0,1.0,Urban
LP001910,Male,No,3+,Not Graduate,No,147.0,2455.0,55.0,396.0,1.0,Rural
LP002158,Female,No,0,Graduate,Yes,6819.0,938.0,110.0,318.0,1.0,Rural
LP001674,Female,No,0,Graduate,Yes,7992.0,3572.0,140.0,347.0,1.0,Semiurban
LP001791,Female,No,0,Not Graduate,Yes,7258.0,1362.0,135.0,381.0,1.0,Rural
LP001904,Female,Yes,2,Not Graduate,Yes,6090.0,0.0,172.0,320.0,1.0,Rural
LP001778,Male,No,1,Graduate,No,7640.0,659.0,158.0,218.0,1.0,Urban
LP002582,Male,Yes,2,Not Graduate,No,0.0,7614.0,64.0,301.0,1.0,Semiurban
LP001006,Male,No,3+,Not Graduate,No,3664.0,4963.0,273.0,309.0,1.0,Urban
LP001287,Female,Yes,2,Graduate,Yes,0.0,0.0,130.0,455.0,1.0,Semiurban
LP002409,Male,No,1,Graduate,No,4949.0,6437.0,38.0,339.0,1.0,Semiurban
LP001086,Male,No,2,Graduate,No,12620.0,1975.0,0.0,353.0,-0.0,Rural
LP001379,Female,Yes,0,Not Graduate,Yes,5.0,274.0,148.0,335.0,1.0,Urban
LP002978,Female,Yes,3+,Graduate,No,1140.0,836.0,71.0,356.0,1.0,Urban
LP001589,Female,Yes,3+,Graduate,No,342.0,1756.0,187.0,262.0,1.0,Rural
LP002062,Male,No,0,Not Graduate,No,1103.0,4549.0,146.0,297.0,1.0,Semiurban
LP001253,Male,Yes,0,Not Graduate,Yes,8335.0,2119.0,447.0,385.0,1.0,Semiurban
LP002253,Female,Yes,0,Graduate,Yes,9663.0,2508.0,45.0,328.0,1.0,Semiurban
LP001514,Male,Yes,1,Not Graduate,No,13547.0,4895.0,224.0,336.0,1.0,Semiurban
LP001449,Female,Yes,2,Not Graduate,No,0.0,517.0,58.0,341.0,1.0,Rural
LP002326,Female,Yes,3+,Not Graduate,Yes,9075.0,2424.0,207.0,387.0,1.0,Semiurban
LP001120,Male,Yes,2,Graduate,Yes,10023.0,2795.0,253.0,300.0,1.0,Urban
LP002144,Female,Yes,0,Graduate,Yes,14595.0,1968.0,116.0,349.0,1.0,Semiurban
LP001119,Female,Yes,0,Graduate,Yes,0.0,2959.0,86.0,202.0,1.0,Semiurban
LP002781,Female,Yes,2,Not Graduate,No,0.0,0.0,130.0,237.0,1.0,Semiurban
LP001098,Male,No,3+,Graduate,Yes,3600.0,4266.0,85.0,326.0,1.0,Rural
LP001034,Female,No,1,Graduate,No,21176.0,96.0,267.0,270.0,1.0,Semiurban
LP001338,Female,Yes,2,Not Graduate,Yes,0.0,2838.0,127.0,406.0,0.0,Rural
LP001531,Female,No,0,Not Graduate,Yes,7953.0,2174.0,177.0,273.0,1.0,Urban
LP002223,Female,No,0,Graduate,Yes,0.0,0.0,179.0,334.0,1.0,Semiurban
LP002917,Female,Yes,1,Not Graduate,Yes,15515.0,6013.0,212.0,394.0,1.0,Semiurban
LP002945,Female,Yes,2,Graduate,No,0.0,6269.0,108.0,374.0,1.0,Urban
LP001096,Female,Yes,1,Graduate,No,0.0,0.0,202.0,307.0,1.0,Semiurban
LP002415,Male,Yes,1,Graduate,No,5743.0,3775.0,243.0,317.0,1.0,Semiurban
LP002116,Male,Yes,3+,Not Graduate,Yes,5854.0,1269.0,130.0,373.0,1.0,Rural
LP002989,Female,Yes,3+,Not Graduate,No,13263.0,0.0,39.0,395.0,1.0,Rural
LP001068,Male,No,0,Graduate,Yes,10018.0,2604.0,248.0,440.0,1.0,Urban
LP002167,Male,Yes,2,Graduate,Yes,0.0,3869.0,156.0,395.0,1.0,Rural
LP001925,Female,No,3+,Graduate,No,4315.0,2040.0,143.0,387.0,1.0,Rural
LP001183,Male,Yes,0,Graduate,Yes,1210.0,614.0,195.0,365.0,1.0,Urban
LP001607,Female,Yes,2,Not Graduate,Yes,0.0,5216.0,253.0,350.0,0.0,Urban
LP001578,Female,No,0,Graduate,No,7650.0,5314.0,125.0,318.0,1.0,Semiurban
LP002978,Female,Yes,3+,Graduate,Yes,11120.0,0.0,240.0,375.0,0.0,Semiurban
LP001882,Female,Yes,0,Not Graduate,Yes,594.0,1849.0,148.0,327.0,-0.0,Semiurban
LP001737,Female,No,2,Graduate,No,3284.0,0.0,191.0,388.0,1.0,Semiurban
LP002125,Male,Yes,2,Graduate,No,3664.0,3873.0,96.0,389.0,1.0,Rural
LP002453,Female,No,0,Graduate,Yes,1415.0,5211.0,123.0,373.0,1.0,Rural
LP002604,Male,Yes,2,Graduate,No,2746.0,2661.0,226.0,302.0,1.0,Urban
LP001366,Female,Yes,0,Graduate,Yes,1411.0,0.0,0.0,336.0,1.0,Urban
LP002288,Female,No,2,Not Graduate,No,5890.0,5994.0,197.0,413.0,1.0,Rural
LP002735,Female,Yes,0,Not Graduate,Yes,1840.0,7122.0,172.0,231.0,2.0,Semiurban
LP002989,Male,No,0,Not Graduate,No,7612.0,428.0,271.0,355.0,1.0,Semiurban
LP002527,Female,No,0,Not Graduate,No,1819.0,2813.0,220.0,391.0,2.0,Semiurban
LP001466,Female,No,1,Graduate,Yes,8863.0,3822.0,156.0,370.0,0.0,Semiurban
LP001115,Female,Yes,2,Not Graduate,No,1696.0,3743.0,44.0,477.0,1.0,Urban
LP002795,Female,Yes,3+,Not Graduate,No,8630.0,1733.0,98.0,237.0,1.0,Rural
LP002868,Male,No,0,Not Graduate,Yes,347.0,6490.0,125.0,265.0,1.0,Urban
LP001465,Female,Yes,1,Not Graduate,No,10222.0,0.0,258.0,354.0,1.0,Rural
LP002148,Male,Yes,3+,Not Graduate,No,0.0,0.0,205.0,403.0,-0.0,Semiurban
LP002175,Female,Yes,0,Not Graduate,No,5146.0,1559.0,81.0,346.0,1.0,Urban
LP001475,Male,No,3+,Not Graduate,Yes,1950.0,6342.0,174.0,428.0,0.0,Rural
LP002118,Male,Yes,1,Not Graduate,No,4917.0,4755.0,107.0,305.0,1.0,Rural
LP001415,Female,No,3+,Graduate,Yes,0.0,0.0,93.0,324.0,1.0,Rural
LP001938,Female,Yes,0,Not Graduate,Yes,4072.0,9333.0,191.0,392.0,1.0,Rural
LP002194,Male,Yes,3+,Graduate,No,0.0,3109.0,131.0,319.0,1.0,Semiurban
LP002017,Female,No,3+,Not Graduate,Yes,3823.0,0.0,52.0,403.0,1.0,Semiurban
LP001086,Female,Yes,0,Not Graduate,Yes,3294.0,1351.0,207.0,387.0,1.0,Rural
LP001519,Female,No,1,Not Graduate,Yes,7059.0,4231.0,154.0,315.0,1.0,Rural
LP001921,Male,Yes,1,Graduate,Yes,5555.0,5007.0,114.0,362.0,1.0,Rural
LP001949,Female,No,3+,Graduate,No,15877.0,1423.0,258.0,311.0,1.0,Semiurban
LP001024,Female,Yes,2,Not Graduate,No,2276.0,3022.0,225.0,284.0,1.0,Urban
LP002640,Female,Yes,3+,Graduate,No,4424.0,1263.0,152.0,317.0,1.0,Rural
LP001335,Male,Yes,2,Not Graduate,Yes,23315.0,1423.0,10.0,331.0,1.0,Urban
LP001391,Female,No,3+,Graduate,Yes,3907.0,3572.0,228.0,349.0,1.0,Semiurban
LP001641,Male,No,1,Graduate,No,10608.0,5519.0,105.0,335.0,0.0,Semiurban
LP002069,Female,No,3+,Graduate,Yes,8463.0,0.0,130.0,228.0,2.0,Semiurban
LP001695,Male,Yes,3+,Not Graduate,No,18477.0,969.0,119.0,407.0,1.0,Semiurban
LP001754,Female,No,2,Graduate,Yes,0.0,0.0,42.0,231.0,0.0,Semiurban
LP001998,Female,No,1,Graduate,No,0.0,0.0,178.0,354.0,1.0,Urban
LP001333,Male,No,2,Not Graduate,No,0.0,0.0,77.0,294.0,1.0,Urban
LP001186,Male,No,3+,Graduate,No,6164.0,1670.0,174.0,352.0,0.0,Urban
LP001059,Male,No,0,Not Graduate,Yes,0.0,0.0,70.0,328.0,1.0,Urban
LP001270,Female,No,3+,Not Graduate,No,0.0,0.0,107.0,365.0,1.0,Rural
LP001791,Female,No,3+,Graduate,Yes,0.0,1114.0,171.0,376.0,0.0,Semiurban
LP002305,Female,No,2,Not Graduate,Yes,7279.0,0.0,152.0,410.0,0.0,Urban
LP001238,Female,No,0,Graduate,No,34.0,2985.0,191.0,393.0,1.0,Urban
LP002004,Male,No,0,Graduate,No,11686.0,299.0,196.0,345.0,0.0,Rural
LP001931,Female,Yes,2,Not Graduate,Yes,0.0,0.0,246.0,404.0,1.0,Rural
LP001817,Female,Yes,1,Graduate,Yes,5260.0,7925.0,142.0,309.0,1.0,Semiurban
LP002772,Female,No,0,Graduate,No,2953.0,0.0,236.0,452.0,1.0,Semiurban
LP001742,Female,Yes,0,Not Graduate,No,6253.0,3930.0,118.0,304.0,1.0,Rural
LP001518,Female,Yes,2,Not Graduate,Yes,6825.0,2543.0,203.0,312.0,1.0,Rural
LP002500,Female,No,1,Graduate,No,14208.0,284.0,229.0,224.0,1.0,Rural
LP001655,Female,No,1,Not Graduate,No,9109.0,0.0,229.0,299.0,1.0,Semiurban
LP001807,Male,No,3+,Not Graduate,No,2783.0,6301.0,30.0,325.0,0.0,Rural
LP002560,Female,Yes,3+,Not Graduate,No,8670.0,7376.0,0.0,324.0,0.0,Urban
LP002311,Female,No,2,Not Graduate,Yes,9453.0,806.0,185.0,452.0,0.0,Semiurban
LP002870,Female,Yes,1,Graduate,Yes,16826.0,410.0,143.0,380.0,1.0,Semiurban
LP002624,Female,No,2,Graduate,No,4285.0,4671.0,164.0,403.0,1.0,Urban
LP002180,Male,Yes,3+,Not Graduate,No,4708.0,933.0,150.0,342.0,0.0,Urban
LP002536,Male,Yes,2,Graduate,Yes,12653.0,3188.0,116.0,297.0,1.0,Semiurban
LP001674,Male,No,2,Not Graduate,Yes,0.0,3119.0,187.0,484.0,1.0,Semiurban
LP001532,Male,No,0,Not Graduate,Yes,4014.0,1703.0,169.0,336.0,1.0,Rural
LP002444,Male,Yes,0,Graduate,Yes,9134.0,2051.0,134.0,384.0,1.0,Rural
LP002603,Male,Yes,0,Graduate,Yes,11144.0,2607.0,145.0,281.0,1.0,Urban
LP001248,Female,No,3+,Graduate,No,0.0,0.0,190.0,266.0,1.0,Urban
LP001517,Male,No,2,Graduate,No,0.0,0.0,97.0,440.0,2.0,Urban
LP001949,Male,Yes,0,Not Graduate,Yes,0.0,2216.0,56.0,370.0,1.0,Urban
LP001034,Female,No,0,Not Graduate,Yes,10151.0,367.0,55.0,328.0,2.0,Rural
LP001163,Male,Yes,0,Graduate,No,6344.0,9153.0,103.0,330.0,0.0,Semiurban
LP001722,Female,No,3+,Not Graduate,Yes,13261.0,1962.0,257.0,275.0,1.0,Rural
LP001205,Female,No,3+,Graduate,Yes,5346.0,0.0,153.0,306.0,1.0,Urban
LP002793,Male,No,2,Graduate,No,17942.0,0.0,90.0,370.0,1.0,Rural
LP001022,Female,Yes,2,Graduate,No,0.0,3834.0,158.0,345.0,0.0,Urban
LP001120,Male,No,2,Not Graduate,No,3089.0,1986.0,62.0,391.0,1.0,Rural
LP001052,Male,Yes,0,Not Graduate,No,7531.0,5519.0,128.0,164.0,1.0,Semiurban
LP001114,Female,No,1,Graduate,Yes,1121.0,0.0,111.0,354.0,1.0,Urban
LP002057,Female,Yes,3+,Graduate,No,7556.0,1274.0,40.0,393.0,0.0,Rural
LP001469,Male,Yes,0,Graduate,Yes,4550.0,2361.0,227.0,199.0,1.0,Urban
LP002588,Female,No,0,Graduate,Yes,4218.0,1180.0,113.0,275.0,1.0,Semiurban
LP001760,Female,Yes,2,Not Graduate,Yes,4466.0,956.0,140.0,248.0,1.0,Urban
LP001370,Male,Yes,2,Not Graduate,Yes,9197.0,3575.0,196.0,427.0,0.0,Semiurban
LP001585,Male,Yes,0,Graduate,No,3227.0,0.0,170.0,347.0,1.0,Rural
LP002390,Female,Yes,3+,Graduate,Yes,0.0,3058.0,148.0,351.0,1.0,Semiurban
LP002530,Male,No,3+,Not Graduate,Yes,5562.0,6573.0,124.0,416.0,1.0,Urban
LP001349,Male,No,0,Graduate,Yes,1570.0,6102.0,199.0,335.0,0.0,Rural
LP002385,Male,No,1,Not Graduate,No,0.0,0.0,142.0,300.0,1.0,Urban
LP002693,Male,Yes,1,Not Graduate,No,0.0,270.0,154.0,353.0,1.0,Urban
LP001896,Male,Yes,3+,Graduate,No,10483.0,2392.0,229.0,370.0,1.0,Rural
LP002984,Male,No,2,Not Graduate,No,8953.0,5076.0,233.0,269.0,0.0,Semiurban
LP001131,Male,No,1,Not Graduate,No,13195.0,2173.0,163.0,444.0,1.0,Semiurban
LP002860,Female,Yes,1,Not Graduate,Yes,5196.0,5081.0,151.0,219.0,1.0,Rural
LP002111,Male,No,2,Not Graduate,No,11322.0,0.0,193.0,363.0,1.0,Rural
LP002869,Female,No,1,Graduate,Yes,0.0,2499.0,123.0,451.0,1.0,Urban
LP001034,Female,Yes,0,Not Graduate,No,0.0,2567.0,123.0,350.0,1.0,Urban
LP002087,Female,No,1,Not Graduate,Yes,899.0,5173.0,138.0,208.0,1.0,Rural
LP002840,Male,Yes,2,Not Graduate,No,4007.0,4072.0,64.0,439.0,1.0,Rural
LP002152,Male,No,0,Graduate,Yes,7233.0,3478.0,325.0,311.0,1.0,Urban
LP002587,Female,Yes,1,Graduate,No,12474.0,3911.0,112.0,393.0,1.0,Urban
LP002105,Male,Yes,3+,Graduate,Yes,7014.0,0.0,179.0,369.0,1.0,Semiurban
LP001027,Female,Yes,0,Not Graduate,Yes,18036.0,1136.0,141.0,341.0,1.0,Rural
LP002036,Male,Yes,0,Graduate,Yes,5862.0,0.0,196.0,208.0,1.0,Urban
LP002931,Male,Yes,3+,Graduate,Yes,5753.0,0.0,113.0,369.0,1.0,Semiurban
LP001720,Female,No,3+,Graduate,Yes,7106.0,1130.0,159.0,390.0,2.0,Urban
LP002113,Female,No,1,Not Graduate,Yes,7338.0,0.0,77.0,238.0,1.0,Rural
LP001906,Female,No,1,Graduate,No,7256.0,1228.0,237.0,451.0,1.0,Semiurban
LP001237,Male,Yes,2,Graduate,No,0.0,0.0,194.0,317.0,1.0,Urban
LP001265,Female,No,2,Graduate,Yes,10033.0,0.0,33.0,460.0,1.0,Rural
LP001589,Male,Yes,0,Not Graduate,Yes,19450.0,1863.0,144.0,386.0,1.0,Rural
LP002543,Male,Yes,3+,Not Graduate,Yes,151.0,545.0,35.0,344.0,1.0,Rural
LP002205,Male,No,3+,Graduate,Yes,4945.0,2530.0,81.0,349.0,1.0,Rural
LP002969,Female,Yes,2,Graduate,Yes,0.0,0.0,214.0,406.0,1.0,Semiurban
LP001499,Female,No,0,Graduate,Yes,9462.0,1125.0,0.0,442.0,1.0,Urban
LP001673,Female,Yes,0,Not Graduate,Yes,9457.0,8287.0,223.0,279.0,0.0,Urban
LP002734,Male,Yes,2,Not Graduate,No,0.0,3296.0,172.0,303.0,2.0,Rural
LP002494,Male,No,2,Graduate,Yes,0.0,0.0,136.0,450.0,0.0,Urban
LP001289,Female,Yes,2,Not Graduate,Yes,0.0,4972.0,210.0,285.0,0.0,Rural
LP001882,Male,No,1,Graduate,No,14123.0,5812.0,352.0,344.0,1.0,Urban
LP001220,Male,Yes,0,Not Graduate,No,403.0,3230.0,40.0,297.0,1.0,Urban
LP002842,Female,No,0,Graduate,Yes,4415.0,0.0,274.0,390.0,0.0,Urban
LP002735,Female,Yes,0,Not Graduate,No,3092.0,4410.0,217.0,182.0,1.0,Semiurban
LP002555,Female,No,2,Graduate,No,10809.0,32.0,88.0,390.0,1.0,Rural
LP002425,Male,No,2,Not Graduate,No,8940.0,5275.0,183.0,418.0,1.0,Semiurban
LP002738,Male,Yes,2,Graduate,Yes,8636.0,947.0,56.0,385.0,1.0,Urban
LP001138,Male,No,2,Graduate,Yes,555.0,842.0,104.0,288.0,1.0,Semiurban
LP001926,Male,Yes,3+,Graduate,No,9059.0,3027.0,0.0,112.0,2.0,Semiurban
LP001911,Male,Yes,2,Graduate,Yes,10467.0,5436.0,38.0,298.0,0.0,Semiurban
LP001032,Female,No,1,Not Graduate,Yes,8891.0,8041.0,172.0,385.0,1.0,Urban
LP001500,Male,No,3+,Graduate,Yes,0.0,1675.0,179.0,341.0,1.0,Semiurban
LP002288,Male,No,3+,Not Graduate,No,0.0,488.0,178.0,399.0,1.0,Urban
LP002711,Male,No,2,Not Graduate,No,15073.0,0.0,192.0,328.0,1.0,Rural
LP002017,Female,No,0,Graduate,No,16251.0,0.0,152.0,325.0,1.0,Urban
LP002989,Female,Yes,2,Graduate,No,4781.0,0.0,195.0,446.0,1.0,Urban
LP001279,Female,No,0,Graduate,Yes,4774.0,2243.0,226.0,297.0,1.0,Urban
LP001825,Male,Yes,2,Graduate,Yes,6076.0,4469.0,162.0,384.0,0.0,Rural
LP002255,Female,No,2,Not Graduate,Yes,8477.0,0.0,109.0,393.0,0.0,Rural
LP001943,Female,No,0,Not Graduate,No,0.0,3742.0,131.0,497.0,1.0,Urban
LP002103,Female,No,0,Not Graduate,No,6492.0,0.0,78.0,450.0,1.0,Urban
LP001096,Male,Yes,0,Not Graduate,Yes,0.0,0.0,208.0,378.0,1.0,Rural
LP002683,Female,No,0,Graduate,No,5065.0,0.0,18.0,388.0,1.0,Rural
LP001489,Male,Yes,1,Not Graduate,No,146.0,5223.0,130.0,424.0,1.0,Urban
LP002450,Male,Yes,0,Graduate,Yes,1488.0,5969.0,187.0,300.0,1.0,Rural
LP001380,Female,Yes,2,Graduate,No,6214.0,0.0,64.0,457.0,1.0,Urban
LP002257,Male,No,2,Not Graduate,No,1664.0,0.0,34.0,340.0,1.0,Urban
LP002588,Female,Yes,1,Not Graduate,Yes,0.0,3295.0,0.0,387.0,1.0,Urban
LP002172,Male,No,0,Not Graduate,No,13458.0,6300.0,120.0,366.0,0.0,Rural
LP001589,Female,Yes,2,Not Graduate,Yes,0.0,5990.0,54.0,293.0,1.0,Rural
LP002529,Female,No,1,Not Graduate,Yes,0.0,555.0,210.0,317.0,1.0,Rural
LP002936,Female,Yes,2,Not Graduate,No,8419.0,1103.0,22.0,290.0,1.0,Urban
LP001744,Male,No,1,Graduate,Yes,3530.0,0.0,183.0,356.0,1.0,Urban
LP002197,Female,No,1,Graduate,No,5013.0,524.0,42.0,242.0,1.0,Semiurban
LP002782,Male,No,3+,Graduate,No,6081.0,1865.0,25.0,278.0,1.0,Urban
LP002296,Female,Yes,3+,Not Graduate,No,12416.0,0.0,49.0,313.0,1.0,Urban
LP002418,Male,Yes,0,Graduate,No,15794.0,120.0,226.0,332.0,1.0,Semiurban
LP002556,Male,No,3+,Graduate,No,6623.0,2206.0,49.0,437.0,1.0,Urban
LP001015,Female,Yes,1,Graduate,No,0.0,0.0,231.0,407.0,1.0,Urban
LP001892,Female,Yes,2,Graduate,No,6011.0,2877.0,158.0,335.0,1.0,Rural
LP002699,Female,Yes,2,Graduate,No,8535.0,4376.0,102.0,460.0,0.0,Semiurban
LP001546,Female,Yes,0,Graduate,No,10896.0,3152.0,61.0,364.0,-0.0,Rural
LP001529,Female,Yes,3+,Not Graduate,Yes,5962.0,251.0,290.0,386.0,1.0,Semiurban
LP001054,Male,Yes,0,Not Graduate,Yes,1987.0,4788.0,97.0,219.0,1.0,Urban
LP001643,Female,Yes,1,Not Graduate,No,16.0,5374.0,97.0,281.0,1.0,Semiurban
LP002099,Female,No,3+,Graduate,No,4516.0,2466.0,255.0,410.0,1.0,Rural
LP001333,Male,No,0,Not Graduate,No,0.0,2007.0,269.0,385.0,1.0,Urban
LP001469,Female,Yes,2,Not Graduate,Yes,7426.0,0.0,132.0,459.0,1.0,Rural
LP002062,Female,No,2,Graduate,Yes,6190.0,496.0,234.0,454.0,1.0,Semiurban
LP001581,Male,No,0,Not Graduate,No,6161.0,4517.0,95.0,308.0,-0.0,Semiurban
LP002786,Female,No,0,Graduate,No,9267.0,6630.0,316.0,417.0,1.0,Semiurban
LP001636,Female,Yes,0,Not Graduate,No,13443.0,474.0,41.0,278.0,0.0,Rural
LP002178,Female,Yes,1,Graduate,Yes,4779.0,1136.0,72.0,239.0,1.0,Urban
LP001114,Male,Yes,1,Graduate,No,5618.0,0.0,244.0,363.0,1.0,Urban
LP002705,Female,Yes,2,Not Graduate,Yes,3075.0,431.0,120.0,392.0,0.0,Rural
LP002495,Male,Yes,1,Graduate,Yes,8321.0,0.0,249.0,364.0,1.0,Rural
LP002587,Female,No,1,Not Graduate,No,5136.0,2769.0,106.0,404.0,0.0,Rural
LP002659,Male,Yes,3+,Graduate,Yes,11758.0,0.0,194.0,304.0,1.0,Urban
LP002137,Female,No,1,Not Graduate,No,11638.0,111.0,89.0,409.0,1.0,Semiurban
LP002721,Male,Yes,3+,Not Graduate,Yes,6980.0,1436.0,137.0,308.0,1.0,Rural
LP002277,Male,No,1,Graduate,Yes,4726.0,0.0,43.0,498.0,1.0,Rural
LP001567,Male,Yes,2,Not Graduate,No,3624.0,0.0,139.0,398.0,1.0,Semiurban
LP001560,Male,Yes,0,Not Graduate,No,7916.0,0.0,75.0,445.0,0.0,Urban
LP001032,Male,Yes,2,Not Graduate,Yes,7931.0,4592.0,303.0,261.0,1.0,Rural
LP002571,Male,Yes,1,Graduate,Yes,3621.0,5475.0,118.0,315.0,1.0,Rural
LP002366,Female,Yes,0,Graduate,Yes,6823.0,0.0,50.0,337.0,0.0,Rural
LP001370,Female,Yes,0,Not Graduate,No,771.0,9115.0,196.0,267.0,1.0,Semiurban
LP002553,Male,No,0,Not Graduate,No,7748.0,0.0,49.0,447.0,1.0,Semiurban
LP002444,Male,Yes,3+,Graduate,No,1249.0,451.0,210.0,346.0,1.0,Semiurban
LP002002,Male,No,2,Graduate,No,9577.0,2942.0,99.0,244.0,1.0,Semiurban
LP001655,Male,Yes,3+,Not Graduate,Yes,3376.0,3199.0,140.0,310.0,1.0,Urban
LP001580,Female,No,0,Graduate,Yes,14713.0,735.0,128.0,269.0,1.0,Semiurban
LP002767,Male,No,2,Graduate,Yes,5402.0,4577.0,123.0,391.0,1.0,Rural
LP002332,Female,No,2,Not Graduate,Yes,6535.0,4861.0,147.0,382.0,0.0,Rural
LP001835,Female,No,1,Graduate,Yes,0.0,1581.0,91.0,384.0,2.0,Rural
LP001794,Male,No,3+,Graduate,No,13190.0,1194.0,58.0,406.0,1.0,Rural
LP001933,Male,No,3+,Graduate,No,4964.0,0.0,146.0,485.0,1.0,Urban
LP001497,Female,Yes,1,Not Graduate,Yes,15086.0,0.0,112.0,460.0,1.0,Urban
LP001894,Female,No,3+,Graduate,Yes,5455.0,0.0,43.0,313.0,0.0,Urban
LP002337,Male,Yes,0,Not Graduate,Yes,3960.0,3082.0,190.0,481.0,0.0,Urban
LP002964,Male,Yes,0,Graduate,Yes,2267.0,1604.0,141.0,329.0,1.0,Urban
LP001655,Male,No,3+,Graduate,Yes,8837.0,938.0,58.0,349.0,1.0,Urban
LP002542,Female,No,1,Not Graduate,Yes,8146.0,49.0,124.0,347.0,1.0,Semiurban
LP001114,Female,Yes,2,Not Graduate,Yes,0.0,108.0,131.0,385.0,0.0,Urban
LP002102,Male,No,3+,Not Graduate,Yes,1940.0,1479.0,63.0,221.0,1.0,Urban
LP001086,Female,No,2,Not Graduate,No,9294.0,1264.0,387.0,344.0,1.0,Rural
LP002870,Female,No,1,Graduate,Yes,1509.0,1599.0,142.0,361.0,0.0,Rural
LP002529,Male,No,2,Not Graduate,Yes,527.0,393.0,125.0,233.0,0.0,Urban
LP002036,Male,No,1,Not Graduate,No,6297.0,0.0,331.0,231.0,1.0,Semiurban
LP001811,Female,No,1,Not Graduate,No,5676.0,1625.0,178.0,288.0,1.0,Semiurban
LP001735,Female,No,0,Graduate,Yes,2537.0,3369.0,236.0,294.0,1.0,Semiurban
LP001445,Male,Yes,0,Graduate,No,15245.0,219.0,150.0,345.0,0.0,Semiurban
LP001891,Male,No,1,Not Graduate,No,4331.0,0.0,147.0,334.0,1.0,Urban
LP002407,Male,Yes,3+,Not Graduate,Yes,0.0,0.0,76.0,419.0,1.0,Semiurban
LP001735,Male,Yes,0,Not Graduate,No,0.0,4523.0,194.0,317.0,1.0,Urban
LP001790,Male,Yes,1,Not Graduate,Yes,11003.0,4304.0,286.0,319.0,1.0,Urban
LP002219,Female,Yes,2,Graduate,Yes,0.0,3360.0,265.0,408.0,1.0,Urban
LP001875,Female,No,2,Not Graduate,Yes,5353.0,2996.0,49.0,218.0,1.0,Urban
LP002747,Female,Yes,3+,Graduate,No,202.0,4369.0,286.0,458.0,1.0,Urban
LP002721,Female,Yes,2,Not Graduate,No,4598.0,669.0,78.0,243.0,0.0,Rural
LP002158,Male,Yes,2,Not Graduate,Yes,7162.0,1980.0,70.0,409.0,1.0,Urban
LP002114,Male,Yes,1,Graduate,Yes,0.0,0.0,74.0,397.0,0.0,Urban
LP002244,Male,Yes,2,Not Graduate,No,2585.0,1125.0,112.0,444.0,1.0,Urban
LP002872,Female,No,2,Not Graduate,Yes,1344.0,6757.0,0.0,296.0,1.0,Rural
LP001386,Female,No,2,Not Graduate,No,0.0,0.0,147.0,345.0,1.0,Rural
LP001005,Female,Yes,2,Not Graduate,No,3040.0,0.0,122.0,267.0,1.0,Urban
LP002369,Male,No,1,Graduate,No,1627.0,1075.0,146.0,338.0,0.0,Semiurban
LP001498,Female,No,2,Not Graduate,No,10152.0,515.0,104.0,336.0,1.0,Urban
LP002211,Male,Yes,3+,Not Graduate,No,1103.0,2325.0,19.0,443.0,1.0,Semiurban
LP001313,Male,Yes,0,Graduate,No,7747.0,3758.0,122.0,377.0,1.0,Semiurban
LP002055,Male,Yes,3+,Not Graduate,Yes,7548.0,584.0,237.0,340.0,1.0,Urban
LP001514,Male,No,0,Graduate,Yes,0.0,7330.0,64.0,339.0,1.0,Semiurban
LP002870,Male,Yes,3+,Not Graduate,No,2300.0,4948.0,75.0,312.0,1.0,Rural
LP001940,Male,No,0,Not Graduate,No,4553.0,0.0,178.0,327.0,1.0,Urban
LP001284,Female,No,0,Not Graduate,Yes,6691.0,1387.0,47.0,348.0,0.0,Rural
LP002379,Male,No,0,Graduate,Yes,3834.0,3039.0,160.0,468.0,1.0,Rural
LP001475,Male,Yes,0,Graduate,Yes,11114.0,0.0,177.0,368.0,1.0,Urban
LP002849,Female,No,1,Not Graduate,Yes,5776.0,0.0,99.0,275.0,1.0,Urban
LP002965,Male,Yes,3+,Graduate,Yes,7717.0,6847.0,84.0,512.0,1.0,Urban
LP002911,Female,Yes,0,Not Graduate,Yes,1807.0,0.0,33.0,410.0,0.0,Rural
LP002284,Female,Yes,3+,Graduate,Yes,7800.0,3919.0,81.0,405.0,1.0,Urban
LP002111,Female,Yes,2,Not Graduate,Yes,16208.0,3506.0,186.0,328.0,1.0,Rural
LP002496,Male,Yes,0,Graduate,No,8179.0,0.0,207.0,394.0,0.0,Semiurban
LP002126,Male,No,3+,Not Graduate,Yes,11462.0,6930.0,147.0,362.0,1.0,Urban
LP002891,Female,No,1,Graduate,No,3519.0,1778.0,95.0,254.0,0.0,Rural
LP001493,Male,No,3+,Graduate,Yes,10443.0,1976.0,148.0,372.0,1.0,Urban
LP001641,Male,No,0,Graduate,Yes,10941.0,0.0,79.0,261.0,1.0,Rural
LP002062,Female,No,2,Graduate,Yes,6578.0,0.0,156.0,362.0,1.0,Rural
LP001205,Female,Yes,3+,Not Graduate,Yes,4754.0,942.0,200.0,368.0,1.0,Semiurban
LP002793,Male,Yes,2,Not Graduate,Yes,0.0,5129.0,106.0,283.0,1.0,Urban
LP002225,Female,No,1,Graduate,No,4995.0,0.0,80.0,350.0,-0.0,Rural
LP001499,Female,No,3+,Not Graduate,Yes,8399.0,1997.0,105.0,381.0,1.0,Urban
LP002069,Female,No,3+,Graduate,No,822.0,1824.0,227.0,309.0,2.0,Rural
LP002407,Male,Yes,1,Not Graduate,No,0.0,4976.0,359.0,372.0,-0.0,Semiurban
LP002043,Male,Yes,1,Graduate,Yes,5760.0,4365.0,193.0,425.0,1.0,Rural
LP001972,Male,Yes,1,Not Graduate,No,6493.0,1983.0,137.0,397.0,1.0,Rural
LP002126,Female,No,0,Not Graduate,Yes,0.0,1348.0,67.0,322.0,1.0,Urban
LP001024,Male,No,0,Graduate,Yes,5412.0,0.0,62.0,437.0,1.0,Semiurban
LP001206,Female,No,3+,Graduate,Yes,6831.0,0.0,176.0,391.0,1.0,Rural
LP002294,Male,No,3+,Graduate,No,12705.0,0.0,82.0,331.0,1.0,Urban
LP001751,Male,Yes,3+,Graduate,Yes,2466.0,0.0,222.0,302.0,1.0,Rural
LP001531,Female,No,2,Graduate,No,17062.0,1316.0,96.0,382.0,1.0,Urban
LP001500,Male,No,1,Not Graduate,Yes,5487.0,1507.0,253.0,413.0,1.0,Semiurban
LP002821,Female,No,3+,Graduate,Yes,0.0,855.0,111.0,416.0,0.0,Semiurban
LP001867,Male,Yes,1,Not Graduate,No,3299.0,1899.0,230.0,382.0,-0.0,Urban
LP002842,Male,Yes,0,Graduate,No,0.0,353.0,195.0,320.0,0.0,Semiurban
LP002898,Female,No,1,Not Graduate,No,4227.0,3890.0,208.0,379.0,2.0,Urban
LP001232,Female,Yes,2,Not Graduate,No,7848.0,2224.0,137.0,286.0,1.0,Urban
LP002358,Female,Yes,2,Graduate,No,6707.0,286.0,91.0,361.0,1.0,Semiurban
LP002863,Male,Yes,1,Graduate,No,0.0,0.0,221.0,459.0,1.0,Semiurban
LP001998,Male,Yes,2,Not Graduate,Yes,0.0,1380.0,281.0,277.0,1.0,Urban
LP002476,Male,Yes,2,Not Graduate,No,7568.0,4704.0,65.0,306.0,0.0,Urban
LP001806,Female,No,0,Graduate,Yes,8848.0,3204.0,179.0,404.0,1.0,Semiurban
LP002571,Female,No,3+,Not Graduate,Yes,2395.0,3663.0,179.0,285.0,0.0,Semiurban
LP002181,Female,No,2,Not Graduate,Yes,0.0,3570.0,155.0,442.0,1.0,Urban
LP002087,Male,Yes,3+,Not Graduate,Yes,0.0,4907.0,253.0,406.0,0.0,Urban
LP001369,Male,Yes,1,Not Graduate,Yes,10797.0,3946.0,82.0,408.0,1.0,Urban
LP001751,Female,Yes,1,Not Graduate,No,974.0,2007.0,228.0,416.0,1.0,Semiurban
LP002167,Male,Yes,2,Not Graduate,Yes,3202.0,495.0,121.0,258.0,-0.0,Rural
LP001726,Female,No,1,Graduate,Yes,8331.0,3983.0,0.0,272.0,1.0,Urban
LP002790,Male,No,0,Graduate,Yes,3436.0,0.0,30.0,428.0,1.0,Rural
LP001769,Male,No,2,Graduate,No,13138.0,5048.0,145.0,322.0,1.0,Semiurban
LP002622,Female,No,2,Graduate,No,3053.0,3478.0,237.0,337.0,1.0,Rural
LP001859,Male,No,2,Not Graduate,No,278.0,6057.0,226.0,388.0,1.0,Rural
LP002495,Male,No,1,Graduate,No,11913.0,0.0,151.0,352.0,0.0,Urban
LP001881,Female,Yes,1,Not Graduate,Yes,5452.0,4761.0,54.0,413.0,1.0,Rural
LP002670,Female,Yes,2,Not Graduate,No,0.0,3406.0,49.0,380.0,1.0,Semiurban
LP001878,Male,No,3+,Graduate,Yes,7867.0,0.0,175.0,329.0,1.0,Urban
LP001179,Female,Yes,1,Graduate,No,3504.0,1231.0,139.0,336.0,1.0,Rural
LP001138,Male,No,1,Not Graduate,No,0.0,1041.0,218.0,359.0,1.0,Rural
LP001589,Female,No,2,Graduate,No,5721.0,610.0,117.0,368.0,1.0,Rural
LP001386,Male,Yes,3+,Graduate,No,4279.0,0.0,83.0,395.0,1.0,Rural
LP002689,Male,No,2,Not Graduate,Yes,0.0,4795.0,121.0,353.0,1.0,Urban
LP001334,Female,No,1,Not Graduate,No,0.0,0.0,141.0,337.0,1.0,Urban
LP001041,Male,No,2,Not Graduate,Yes,15803.0,0.0,0.0,330.0,1.0,Urban
LP002523,Male,Yes,2,Not Graduate,Yes,5643.0,4862.0,179.0,314.0,1.0,Semiurban
LP001769,Female,Yes,2,Not Graduate,Yes,12849.0,0.0,154.0,447.0,0.0,Semiurban
LP002855,Female,Yes,3+,Not Graduate,Yes,6939.0,779.0,216.0,285.0,0.0,Urban
LP002542,Male,Yes,2,Graduate,Yes,12225.0,0.0,203.0,260.0,0.0,Urban
LP002556,Female,No,1,Graduate,Yes,8345.0,6052.0,226.0,400.0,1.0,Semiurban
LP002345,Female,Yes,2,Graduate,Yes,0.0,4712.0,273.0,374.0,0.0,Rural
LP001400,Male,Yes,3+,Not Graduate,No,8636.0,0.0,153.0,477.0,1.0,Urban
LP002316,Male,Yes,0,Not Graduate,Yes,0.0,0.0,0.0,337.0,1.0,Urban
LP001206,Female,No,3+,Graduate,No,10473.0,3688.0,209.0,340.0,1.0,Rural
LP001508,Female,Yes,2,Graduate,No,6420.0,2780.0,235.0,289.0,1.0,Semiurban
LP001720,Female,Yes,0,Graduate,Yes,5287.0,639.0,125.0,349.0,1.0,Semiurban
LP001005,Male,No,2,Not Graduate,Yes,2682.0,388.0,0.0,229.0,1.0,Urban
LP001552,Male,No,3+,Graduate,No,9727.0,966.0,223.0,219.0,0.0,Rural
LP001655,Male,No,0,Graduate,No,4282.0,4054.0,141.0,307.0,1.0,Semiurban
LP001933,Male,No,0,Graduate,Yes,0.0,5872.0,39.0,347.0,1.0,Rural
LP001422,Male,Yes,2,Not Graduate,Yes,0.0,6557.0,122.0,304.0,1.0,Rural
LP002551,Male,No,2,Graduate,No,0.0,0.0,142.0,305.0,1.0,Urban
LP001289,Male,Yes,3+,Graduate,No,9646.0,1760.0,122.0,244.0,1.0,Rural
LP002086,Female,Yes,2,Not Graduate,Yes,10079.0,5255.0,103.0,383.0,1.0,Rural
LP002888,Female,Yes,0,Not Graduate,No,7031.0,0.0,216.0,296.0,1.0,Rural
LP002612,Male,Yes,1,Not Graduate,No,6970.0,0.0,247.0,450.0,-0.0,Rural
LP002149,Male,Yes,1,Not Graduate,Yes,13416.0,3768.0,292.0,338.0,1.0,Rural
LP002978,Male,No,3+,Not Graduate,No,7132.0,328.0,65.0,274.0,0.0,Urban
LP001877,Female,Yes,2,Graduate,Yes,8814.0,0.0,243.0,192.0,1.0,Semiurban
LP001031,Male,Yes,3+,Graduate,Yes,5119.0,0.0,157.0,262.0,1.0,Semiurban
LP002856,Female,Yes,1,Not Graduate,Yes,2554.0,4294.0,172.0,338.0,1.0,Rural
LP002054,Female,No,1,Not Graduate,No,3584.0,2279.0,237.0,188.0,1.0,Urban
LP001121,Female,Yes,2,Not Graduate,Yes,16859.0,0.0,139.0,291.0,1.0,Urban
LP002741,Female,Yes,0,Not Graduate,No,0.0,0.0,128.0,308.0,1.0,Rural
LP001190,Female,No,2,Graduate,Yes,6970.0,6557.0,89.0,294.0,1.0,Rural
LP001664,Male,Yes,1,Graduate,Yes,0.0,1413.0,52.0,304.0,-0.0,Semiurban
LP002721,Male,Yes,0,Not Graduate,No,1703.0,940.0,94.0,312.0,1.0,Semiurban
LP001652,Female,No,3+,Not Graduate,No,9587.0,1624.0,156.0,291.0,1.0,Semiurban
LP002098,Male,Yes,1,Not Graduate,No,0.0,2160.0,139.0,438.0,1.0,Rural
LP001580,Female,Yes,3+,Not Graduate,Yes,10332.0,539.0,113.0,302.0,0.0,Semiurban
LP002689,Female,Yes,0,Graduate,No,16841.0,5247.0,115.0,171.0,1.0,Urban
LP002487,Male,Yes,3+,Not Graduate,Yes,7259.0,321.0,224.0,236.0,1.0,Urban
LP001116,Male,Yes,1,Not Graduate,No,12367.0,4304.0,156.0,381.0,1.0,Rural
LP002734,Male,No,2,Graduate,Yes,6592.0,6557.0,66.0,372.0,0.0,Rural
LP001865,Male,No,3+,Not Graduate,Yes,9230.0,2629.0,147.0,308.0,1.0,Semiurban
LP002266,Male,No,1,Graduate,Yes,7764.0,0.0,190.0,250.0,1.0,Urban
LP002860,Female,Yes,1,Not Graduate,Yes,2275.0,2114.0,217.0,389.0,1.0,Semiurban
LP001751,Male,Yes,0,Not Graduate,No,1765.0,69.0,186.0,239.0,0.0,Urban
LP001432,Male,Yes,1,Graduate,No,11908.0,4044.0,208.0,367.0,2.0,Semiurban
LP002965,Male,No,2,Not Graduate,Yes,4939.0,2165.0,182.0,314.0,-0.0,Rural
LP001112,Female,Yes,2,Graduate,Yes,4372.0,1278.0,0.0,375.0,1.0,Urban
LP002082,Male,Yes,3+,Graduate,No,4254.0,0.0,130.0,309.0,1.0,Urban
LP001835,Female,Yes,3+,Graduate,No,6925.0,0.0,136.0,437.0,2.0,Urban
LP002581,Male,No,3+,Not Graduate,No,0.0,0.0,300.0,222.0,1.0,Semiurban
LP001606,Male,No,3+,Not Graduate,No,4142.0,3372.0,201.0,380.0,1.0,Semiurban
LP002950,Female,Yes,2,Graduate,No,6948.0,4818.0,120.0,320.0,1.0,Semiurban
LP002639,Male,Yes,0,Not Graduate,No,0.0,759.0,83.0,296.0,-0.0,Urban
LP002449,Male,Yes,3+,Not Graduate,Yes,6371.0,0.0,116.0,424.0,1.0,Rural
LP001109,Female,No,0,Not Graduate,No,68.0,2118.0,80.0,276.0,1.0,Semiurban
LP002031,Male,No,1,Graduate,No,6959.0,3474.0,311.0,357.0,1.0,Urban
LP001380,Female,No,1,Graduate,Yes,17473.0,3715.0,141.0,350.0,1.0,Semiurban
LP002954,Female,Yes,3+,Not Graduate,No,4491.0,2131.0,206.0,262.0,1.0,Urban
LP002027,Female,No,1,Graduate,No,0.0,7231.0,182.0,396.0,1.0,Urban
LP002899,Female,Yes,0,Not Graduate,No,6530.0,5052.0,193.0,474.0,1.0,Semiurban
LP002954,Female,Yes,0,Not Graduate,Yes,7880.0,0.0,74.0,448.0,0.0,Urban
LP002933,Male,No,1,Not Graduate,No,0.0,0.0,246.0,368.0,0.0,Semiurban
LP001392,Male,Yes,3+,Graduate,Yes,0.0,0.0,136.0,327.0,1.0,Urban
LP001116,Male,No,0,Graduate,No,0.0,4778.0,259.0,395.0,0.0,Rural
LP001964,Female,Yes,0,Not Graduate,Yes,4904.0,0.0,175.0,405.0,0.0,Rural
LP001749,Female,Yes,2,Graduate,No,2587.0,2846.0,278.0,348.0,0.0,Rural
LP002036,Female,No,3+,Not Graduate,No,11316.0,1140.0,189.0,187.0,1.0,Rural
LP002137,Female,Yes,2,Graduate,No,8125.0,0.0,128.0,241.0,0.0,Semiurban
LP001398,Male,Yes,1,Graduate,Yes,5761.0,2278.0,251.0,372.0,2.0,Urban
LP001446,Male,Yes,1,Graduate,No,0.0,1122.0,153.0,363.0,0.0,Urban
LP002054,Female,Yes,2,Not Graduate,No,8770.0,3796.0,184.0,312.0,1.0,Rural
LP002837,Female,Yes,3+,Not Graduate,Yes,16451.0,0.0,149.0,360.0,1.0,Rural
LP001116,Male,Yes,0,Not Graduate,Yes,10091.0,0.0,101.0,247.0,1.0,Urban
LP002385,Female,Yes,1,Graduate,Yes,1434.0,0.0,130.0,331.0,1.0,Urban
LP001116,Female,Yes,3+,Not Graduate,No,4403.0,3401.0,198.0,320.0,1.0,Urban
LP002354,Female,No,3+,Not Graduate,Yes,7794.0,956.0,218.0,214.0,1.0,Rural
LP002954,Male,No,1,Not Graduate,No,13077.0,4812.0,0.0,348.0,1.0,Urban
LP001737,Male,Yes,1,Not Graduate,Yes,1160.0,518.0,167.0,243.0,0.0,Rural
LP001931,Female,Yes,3+,Graduate,Yes,2529.0,2202.0,136.0,399.0,0.0,Rural
LP001868,Male,No,0,Graduate,No,4934.0,5637.0,36.0,364.0,0.0,Rural
LP001720,Female,Yes,2,Not Graduate,No,4436.0,0.0,209.0,299.0,1.0,Urban
LP001516,Female,No,1,Graduate,No,9692.0,1681.0,282.0,276.0,1.0,Rural
LP002106,Male,No,2,Graduate,No,6674.0,1516.0,257.0,252.0,1.0,Semiurban
LP001578,Female,No,3+,Graduate,Yes,0.0,0.0,0.0,311.0,1.0,Urban
LP001318,Female,Yes,2,Graduate,Yes,1439.0,1156.0,168.0,392.0,0.0,Urban
LP002141,Male,Yes,0,Graduate,Yes,1603.0,2451.0,92.0,320.0,1.0,Urban
LP002842,Female,Yes,3+,Not Graduate,No,0.0,0.0,108.0,331.0,1.0,Urban
LP002842,Female,No,0,Graduate,No,10474.0,1753.0,123.0,270.0,1.0,Rural
LP002107,Female,No,3+,Not Graduate,Yes,5934.0,0.0,0.0,309.0,1.0,Semiurban
LP001352,Male,No,0,Not Graduate,Yes,2101.0,1046.0,0.0,328.0,1.0,Rural
LP001933,Female,Yes,3+,Not Graduate,No,10320.0,4127.0,149.0,350.0,0.0,Semiurban
LP002175,Male,No,0,Graduate,Yes,6896.0,4254.0,162.0,331.0,1.0,Urban
LP002794,Female,No,3+,Graduate,Yes,0.0,4790.0,127.0,371.0,1.0,Rural
LP002128,Female,Yes,0,Graduate,Yes,8651.0,1326.0,46.0,385.0,1.0,Rural
LP001415,Female,No,3+,Graduate,No,12999.0,714.0,111.0,442.0,1.0,Rural
LP001580,Female,No,0,Not Graduate,Yes,4383.0,3608.0,254.0,357.0,0.0,Semiurban
LP002144,Male,Yes,1,Not Graduate,No,4798.0,4774.0,114.0,370.0,0.0,Semiurban
LP001653,Male,Yes,2,Not Graduate,Yes,5794.0,1829.0,104.0,308.0,1.0,Urban
LP001291,Female,No,3+,Graduate,No,0.0,5713.0,238.0,442.0,1.0,Rural
LP002357,Female,Yes,0,Not Graduate,Yes,5985.0,3534.0,126.0,312.0,1.0,Urban
LP001452,Female,No,1,Not Graduate,Yes,103.0,49.0,195.0,381.0,1.0,Semiurban
LP001013,Female,Yes,3+,Not Graduate,Yes,5143.0,379.0,178.0,310.0,1.0,Urban
LP001478,Female,No,3+,Graduate,No,6125.0,1492.0,73.0,333.0,1.0,Rural
LP001728,Female,Yes,3+,Not Graduate,Yes,8203.0,0.0,66.0,344.0,2.0,Rural
LP002794,Female,No,2,Not Graduate,Yes,8412.0,97.0,38.0,215.0,1.0,Semiurban
LP002168,Female,Yes,0,Graduate,No,0.0,4704.0,64.0,355.0,0.0,Semiurban
LP001815,Male,Yes,0,Not Graduate,No,6248.0,5259.0,207.0,337.0,0.0,Urban
LP001091,Male,Yes,3+,Graduate,Yes,10625.0,2380.0,79.0,298.0,1.0,Rural
LP002731,Male,Yes,3+,Not Graduate,Yes,0.0,2837.0,132.0,277.0,1.0,Urban
LP002366,Female,Yes,3+,Graduate,Yes,15118.0,759.0,121.0,300.0,0.0,Semiurban
LP002265,Female,Yes,1,Graduate,Yes,0.0,0.0,172.0,273.0,1.0,Semiurban
LP001321,Female,Yes,3+,Graduate,Yes,14448.0,3152.0,37.0,310.0,1.0,Urban
LP002175,Male,No,2,Not Graduate,No,0.0,406.0,228.0,299.0,1.0,Rural
LP002398,Female,No,0,Not Graduate,Yes,4860.0,6198.0,254.0,320.0,1.0,Semiurban
LP001313,Male,Yes,2,Graduate,No,4081.0,2713.0,141.0,392.0,1.0,Urban
LP002778,Female,Yes,3+,Graduate,No,0.0,2813.0,0.0,283.0,1.0,Rural
LP002754,Male,No,1,Graduate,Yes,9156.0,0.0,76.0,304.0,1.0,Urban
LP001266,Male,No,3+,Graduate,No,9448.0,0.0,167.0,350.0,1.0,Semiurban
LP002144,Male,Yes,3+,Graduate,Yes,8709.0,2812.0,171.0,278.0,1.0,Rural
LP001854,Female,No,3+,Graduate,No,3765.0,251.0,123.0,392.0,1.0,Semiurban
LP001548,Male,No,3+,Graduate,No,1183.0,4277.0,228.0,279.0,1.0,Semiurban
LP002925,Female,Yes,3+,Graduate,Yes,11440.0,0.0,98.0,351.0,1.0,Semiurban
LP002693,Female,Yes,0,Graduate,Yes,6395.0,158.0,219.0,411.0,1.0,Semiurban
LP001947,Female,Yes,2,Graduate,No,873.0,4645.0,143.0,278.0,0.0,Semiurban
LP002885,Female,No,1,Graduate,Yes,6402.0,2789.0,99.0,290.0,0.0,Urban
LP001749,Female,Yes,3+,Graduate,Yes,0.0,0.0,199.0,313.0,1.0,Semiurban
LP002697,Male,Yes,1,Not Graduate,No,5794.0,1694.0,139.0,343.0,0.0,Semiurban
LP001137,Female,No,0,Graduate,No,8914.0,6778.0,211.0,334.0,1.0,Semiurban
LP001291,Female,Yes,2,Not Graduate,No,4158.0,1992.0,368.0,341.0,0.0,Rural
LP001391,Female,No,3+,Not Graduate,Yes,9228.0,1199.0,70.0,375.0,2.0,Semiurban
LP001770,Female,No,0,Not Graduate,Yes,9811.0,4036.0,211.0,330.0,0.0,Rural
LP001034,Female,No,0,Graduate,Yes,6748.0,2560.0,192.0,247.0,1.0,Urban
LP002160,Male,No,2,Not Graduate,No,15249.0,5527.0,280.0,425.0,1.0,Semiurban
LP001744,Male,No,3+,Graduate,Yes,12891.0,3655.0,213.0,370.0,1.0,Urban
LP002385,Female,No,2,Not Graduate,No,8753.0,4067.0,264.0,259.0,1.0,Urban
LP001452,Male,Yes,2,Graduate,No,7202.0,5659.0,66.0,330.0,0.0,Semiurban
LP002435,Male,Yes,1,Graduate,No,3720.0,789.0,44.0,393.0,1.0,Urban
LP002339,Female,Yes,1,Not Graduate,No,1494.0,0.0,70.0,283.0,1.0,Semiurban
LP002180,Male,No,2,Not Graduate,No,9722.0,0.0,130.0,402.0,1.0,Urban
LP001332,Female,Yes,1,Graduate,No,4046.0,1029.0,250.0,279.0,0.0,Rural
LP002067,Male,No,0,Not Graduate,No,0.0,0.0,267.0,370.0,1.0,Rural
LP002500,Male,Yes,2,Graduate,Yes,611.0,2596.0,114.0,175.0,1.0,Rural
LP002332,Male,No,3+,Graduate,No,1363.0,0.0,134.0,404.0,1.0,Semiurban
LP002453,Female,Yes,3+,Graduate,Yes,15166.0,4218.0,52.0,219.0,1.0,Urban
LP002912,Male,No,0,Not Graduate,Yes,10008.0,3719.0,148.0,420.0,1.0,Rural
LP001770,Male,Yes,3+,Graduate,Yes,5375.0,543.0,127.0,266.0,1.0,Semiurban
LP001749,Female,No,3+,Graduate,Yes,7537.0,4256.0,127.0,465.0,1.0,Rural
LP002186,Female,Yes,2,Graduate,Yes,8198.0,2008.0,234.0,349.0,1.0,Rural
LP002319,Male,No,0,Graduate,No,233.0,0.0,174.0,408.0,1.0,Semiurban
LP002847,Female,Yes,2,Not Graduate,Yes,0.0,0.0,41.0,330.0,2.0,Rural
LP002103,Male,Yes,0,Not Graduate,Yes,11168.0,0.0,0.0,243.0,1.0,Semiurban
LP001743,Male,Yes,2,Not Graduate,Yes,0.0,1630.0,185.0,281.0,1.0,Rural
LP001109,Female,No,2,Not Graduate,No,5081.0,435.0,161.0,373.0,1.0,Semiurban
LP001904,Female,No,1,Graduate,Yes,1069.0,164.0,172.0,531.0,1.0,Rural
LP001665,Female,No,3+,Graduate,Yes,6438.0,3181.0,161.0,436.0,0.0,Urban
LP002651,Male,No,0,Graduate,Yes,3739.0,3741.0,54.0,348.0,1.0,Urban
LP002376,Female,No,3+,Graduate,Yes,8221.0,0.0,128.0,404.0,2.0,Semiurban
LP002541,Male,Yes,1,Graduate,No,0.0,0.0,119.0,356.0,0.0,Semiurban
LP001800,Female,No,0,Graduate,Yes,11562.0,5039.0,136.0,327.0,1.0,Urban
LP002055,Male,Yes,1,Not Graduate,No,9368.0,9014.0,211.0,346.0,1.0,Semiurban
LP001607,Female,Yes,3+,Graduate,No,10941.0,0.0,98.0,305.0,0.0,Rural
LP001656,Male,No,2,Graduate,Yes,10285.0,4025.0,53.0,347.0,1.0,Rural
LP001034,Female,Yes,1,Graduate,Yes,6967.0,1224.0,246.0,366.0,0.0,Rural
LP002693,Male,No,1,Not Graduate,No,1527.0,3440.0,86.0,338.0,1.0,Rural
LP002657,Female,No,2,Graduate,Yes,7677.0,0.0,232.0,311.0,1.0,Rural
LP002288,Female,No,3+,Graduate,Yes,6829.0,0.0,309.0,308.0,1.0,Rural
LP002604,Male,Yes,1,Graduate,Yes,10172.0,0.0,259.0,324.0,1.0,Rural
LP002482,Female,No,3+,Not Graduate,No,8720.0,68.0,194.0,349.0,1.0,Semiurban
LP001475,Male,No,2,Graduate,No,5716.0,964.0,127.0,310.0,1.0,Urban
LP001046,Male,No,0,Graduate,Yes,7647.0,4172.0,213.0,376.0,1.0,Rural
LP002522,Female,Yes,1,Not Graduate,Yes,8151.0,0.0,141.0,236.0,0.0,Rural
LP001422,Male,No,3+,Graduate,No,11378.0,0.0,252.0,356.0,1.0,Semiurban
LP001702,Female,Yes,2,Not Graduate,No,15066.0,7258.0,192.0,405.0,2.0,Semiurban
LP001990,Female,Yes,2,Graduate,No,8580.0,1747.0,172.0,457.0,1.0,Urban
LP001884,Male,No,1,Not Graduate,No,8178.0,2378.0,146.0,337.0,0.0,Urban
LP001472,Female,Yes,0,Graduate,No,3910.0,3628.0,104.0,384.0,1.0,Semiurban
LP001375,Male,Yes,1,Graduate,No,3225.0,178.0,142.0,356.0,0.0,Rural
LP001922,Male,No,3+,Not Graduate,No,1046.0,1552.0,165.0,408.0,1.0,Rural
LP001542,Female,No,2,Graduate,Yes,0.0,725.0,123.0,326.0,0.0,Rural
LP001335,Female,No,0,Graduate,No,400.0,1376.0,166.0,374.0,1.0,Rural
LP001818,Male,Yes,3+,Not Graduate,No,4196.0,3895.0,219.0,201.0,1.0,Rural
LP001754,Male,No,1,Graduate,Yes,3436.0,3436.0,164.0,406.0,1.0,Semiurban
LP002843,Female,Yes,2,Not Graduate,Yes,7780.0,0.0,101.0,350.0,1.0,Urban
LP002226,Female,Yes,1,Graduate,Yes,601.0,4315.0,0.0,296.0,1.0,Urban
LP002473,Female,Yes,0,Not Graduate,No,851.0,662.0,236.0,360.0,0.0,Semiurban
LP001013,Female,Yes,0,Graduate,No,0.0,2675.0,134.0,434.0,1.0,Rural
LP001086,Male,Yes,0,Graduate,Yes,7865.0,494.0,158.0,279.0,1.0,Semiurban
LP002605,Female,No,0,Not Graduate,Yes,123.0,1461.0,185.0,283.0,1.0,Urban
LP001097,Male,No,0,Graduate,Yes,1102.0,5178.0,185.0,236.0,1.0,Urban
LP001183,Male,Yes,1,Not Graduate,No,8396.0,2516.0,201.0,284.0,1.0,Urban
LP002440,Female,Yes,0,Not Graduate,Yes,153.0,5039.0,221.0,280.0,1.0,Urban
LP001263,Male,No,0,Not Graduate,No,7346.0,1463.0,201.0,329.0,1.0,Semiurban
LP002759,Female,No,2,Graduate,No,0.0,1181.0,0.0,345.0,1.0,Rural
LP002826,Male,Yes,0,Graduate,No,5059.0,1635.0,173.0,250.0,2.0,Rural
LP002472,Female,Yes,2,Graduate,No,1708.0,0.0,162.0,362.0,1.0,Semiurban
LP002841,Male,No,2,Not Graduate,Yes,3663.0,0.0,123.0,358.0,1.0,Rural
LP002738,Male,No,2,Not Graduate,Yes,13789.0,0.0,180.0,357.0,1.0,Rural
LP002536,Female,Yes,1,Not Graduate,Yes,0.0,4395.0,144.0,285.0,1.0,Rural
LP002370,Female,No,1,Graduate,No,13281.0,5464.0,99.0,467.0,1.0,Rural
LP001652,Male,No,3+,Not Graduate,Yes,0.0,0.0,238.0,383.0,1.0,Urban
LP001922,Male,Yes,3+,Graduate,No,10129.0,5100.0,169.0,255.0,1.0,Rural
LP002659,Female,Yes,2,Graduate,No,11258.0,0.0,156.0,238.0,0.0,Semiurban
LP002971,Male,Yes,1,Graduate,No,7631.0,0.0,0.0,289.0,1.0,Urban
LP001334,Female,No,0,Graduate,Yes,0.0,4482.0,307.0,348.0,1.0,Urban
LP002277,Male,Yes,3+,Graduate,No,6731.0,228.0,0.0,436.0,1.0,Semiurban
LP002555,Female,No,1,Graduate,No,19757.0,8713.0,183.0,298.0,1.0,Rural
LP001114,Male,Yes,0,Graduate,Yes,5244.0,0.0,198.0,241.0,1.0,Urban
LP001888,Female,Yes,0,Graduate,Yes,4606.0,851.0,270.0,361.0,1.0,Semiurban
LP002485,Female,No,1,Not Graduate,Yes,4058.0,0.0,68.0,311.0,1.0,Semiurban
LP002028,Male,No,3+,Graduate,No,8116.0,2009.0,80.0,349.0,1.0,Rural
LP001541,Female,Yes,1,Graduate,No,4683.0,3769.0,204.0,331.0,1.0,Rural
LP001253,Male,Yes,3+,Not Graduate,Yes,6801.0,0.0,193.0,324.0,0.0,Semiurban
LP002471,Female,No,2,Not Graduate,No,3515.0,3385.0,274.0,409.0,1.0,Rural
LP002046,Female,Yes,1,Not Graduate,No,0.0,491.0,227.0,380.0,1.0,Semiurban
LP001465,Female,No,1,Not Graduate,Yes,18404.0,0.0,116.0,356.0,1.0,Rural
LP001375,Male,No,3+,Graduate,Yes,4629.0,0.0,134.0,202.0,1.0,Rural
LP002962,Female,Yes,3+,Not Graduate,Yes,23395.0,4263.0,183.0,326.0,1.0,Semiurban
LP001273,Male,No,1,Not Graduate,Yes,7600.0,2381.0,24.0,398.0,1.0,Semiurban
LP001046,Female,No,0,Not Graduate,Yes,8597.0,19.0,186.0,279.0,1.0,Rural
LP002472,Male,No,0,Not Graduate,Yes,3418.0,3721.0,192.0,327.0,1.0,Semiurban
LP002739,Male,Yes,0,Graduate,Yes,1803.0,3042.0,80.0,339.0,1.0,Urban
LP001486,Male,No,2,Not Graduate,Yes,3547.0,3961.0,126.0,357.0,1.0,Rural
LP002311,Female,Yes,2,Not Graduate,No,440.0,6062.0,0.0,315.0,0.0,Urban
LP002229,Male,Yes,3+,Not Graduate,No,0.0,2193.0,214.0,369.0,1.0,Urban
LP001735,Female,Yes,2,Not Graduate,No,15343.0,6856.0,175.0,367.0,1.0,Urban
LP002407,Male,No,0,Graduate,No,9734.0,5483.0,41.0,282.0,0.0,Semiurban
LP002958,Male,No,1,Not Graduate,No,13712.0,3732.0,60.0,291.0,1.0,Rural
LP001043,Male,Yes,2,Not Graduate,No,11586.0,0.0,109.0,353.0,1.0,Rural
LP001974,Male,Yes,2,Not Graduate,No,1755.0,1900.0,208.0,437.0,1.0,Urban
LP002969,Female,No,0,Graduate,No,0.0,2272.0,182.0,407.0,0.0,Semiurban
LP002397,Male,Yes,2,Not Graduate,No,2559.0,2188.0,79.0,305.0,1.0,Rural
LP002860,Male,Yes,3+,Not Graduate,No,5703.0,1303.0,97.0,290.0,1.0,Rural
LP001273,Female,No,1,Graduate,No,11697.0,3358.0,147.0,317.0,1.0,Rural
LP001881,Male,Yes,0,Not Graduate,Yes,4869.0,3720.0,81.0,442.0,1.0,Urban
LP001231,Male,No,3+,Graduate,No,22074.0,0.0,102.0,341.0,0.0,Urban
LP002857,Male,No,0,Graduate,Yes,2716.0,5285.0,196.0,354.0,2.0,Urban
LP002448,Male,Yes,3+,Not Graduate,No,8546.0,0.0,48.0,288.0,0.0,Urban
LP002239,Female,No,1,Not Graduate,Yes,1771.0,498.0,131.0,344.0,1.0,Urban
LP002624,Female,No,1,Graduate,No,7494.0,0.0,126.0,243.0,1.0,Rural
LP001849,Male,No,3+,Graduate,Yes,4465.0,0.0,139.0,252.0,2.0,Urban
LP002841,Female,Yes,3+,Not Graduate,No,3764.0,4556.0,163.0,347.0,1.0,Semiurban
LP002550,Female,Yes,3+,Graduate,Yes,1656.0,1933.0,190.0,357.0,1.0,Urban
LP002781,Male,Yes,3+,Graduate,No,6020.0,3458.0,203.0,315.0,0.0,Urban
LP002705,Female,No,3+,Not Graduate,Yes,9942.0,3320.0,116.0,363.0,1.0,Urban
LP001562,Male,No,3+,Graduate,No,0.0,0.0,131.0,258.0,1.0,Rural
LP002869,Female,Yes,1,Graduate,Yes,4903.0,86.0,170.0,320.0,1.0,Rural
LP001565,Female,Yes,3+,Graduate,Yes,7988.0,3637.0,156.0,301.0,1.0,Semiurban
LP002192,Female,No,2,Graduate,Yes,9069.0,3388.0,187.0,336.0,0.0,Rural
LP002016,Male,Yes,1,Graduate,Yes,15790.0,0.0,177.0,322.0,0.0,Urban
LP002009,Female,Yes,0,Graduate,Yes,8475.0,4402.0,79.0,490.0,1.0,Semiurban
LP002693,Male,Yes,1,Not Graduate,Yes,2902.0,3277.0,288.0,280.0,1.0,Semiurban
LP001973,Male,Yes,0,Graduate,Yes,1945.0,0.0,143.0,342.0,1.0,Semiurban
LP001888,Female,Yes,0,Not Graduate,Yes,1875.0,2713.0,197.0,524.0,1.0,Urban
LP002562,Male,No,2,Not Graduate,No,1558.0,979.0,190.0,382.0,0.0,Rural
LP001698,Female,Yes,3+,Not Graduate,No,6408.0,2939.0,164.0,340.0,1.0,Rural
LP002739,Male,Yes,3+,Not Graduate,No,7575.0,0.0,163.0,395.0,1.0,Urban
LP002898,Male,No,1,Not Graduate,Yes,9876.0,643.0,214.0,383.0,0.0,Rural
LP001199,Female,No,3+,Not Graduate,Yes,8967.0,4812.0,126.0,270.0,1.0,Urban
LP002370,Female,No,2,Not Graduate,No,12277.0,3067.0,203.0,241.0,1.0,Urban
LP001226,Female,No,1,Not Graduate,No,1370.0,3754.0,181.0,348.0,1.0,Semiurban
LP002959,Female,Yes,1,Graduate,Yes,14500.0,967.0,234.0,311.0,1.0,Rural
LP001996,Male,Yes,1,Not Graduate,Yes,1594.0,3136.0,104.0,490.0,1.0,Semiurban
LP002684,Male,Yes,3+,Not Graduate,No,7161.0,1159.0,149.0,415.0,1.0,Rural
LP002928,Male,Yes,3+,Not Graduate,Yes,4071.0,0.0,76.0,415.0,1.0,Urban
LP001068,Female,No,3+,Graduate,No,5044.0,916.0,228.0,188.0,1.0,Semiurban
LP001368,Male,No,1,Not Graduate,Yes,9009.0,5555.0,85.0,304.0,1.0,Urban
LP002813,Female,Yes,1,Graduate,No,0.0,4680.0,168.0,342.0,0.0,Urban
LP001671,Male,Yes,0,Not Graduate,No,449.0,0.0,107.0,294.0,1.0,Semiurban
LP002239,Female,Yes,0,Not Graduate,Yes,9447.0,467.0,231.0,302.0,2.0,Semiurban
LP002137,Male,Yes,3+,Graduate,No,5168.0,0.0,138.0,325.0,1.0,Rural
LP002878,Male,No,1,Not Graduate,Yes,3718.0,2090.0,193.0,350.0,1.0,Rural
LP002802,Female,Yes,3+,Graduate,Yes,0.0,4313.0,59.0,518.0,1.0,Semiurban
LP001415,Male,No,3+,Graduate,Yes,3758.0,7126.0,94.0,298.0,0.0,Rural
LP002732,Female,No,0,Not Graduate,Yes,9058.0,0.0,190.0,397.0,-0.0,Urban
LP002176,Male,No,2,Not Graduate,Yes,1971.0,3936.0,242.0,437.0,2.0,Urban
LP002223,Male,No,3+,Graduate,No,12948.0,1581.0,183.0,277.0,1.0,Urban
LP002570,Female,Yes,2,Graduate,Yes,11313.0,604.0,327.0,473.0,1.0,Urban
LP002651,Female,Yes,2,Not Graduate,Yes,3186.0,0.0,204.0,358.0,1.0,Urban
LP002795,Male,Yes,1,Not Graduate,No,1795.0,6441.0,144.0,180.0,1.0,Urban
LP002705,Male,Yes,1,Not Graduate,Yes,0.0,0.0,118.0,422.0,1.0,Rural
LP001531,Male,No,3+,Graduate,No,0.0,270.0,283.0,237.0,-0.0,Semiurban
LP001622,Male,No,0,Not Graduate,Yes,0.0,2601.0,205.0,437.0,1.0,Semiurban
LP001692,Male,No,0,Graduate,No,0.0,2834.0,103.0,406.0,1.0,Rural
LP002453,Male,Yes,3+,Not Graduate,Yes,4975.0,4992.0,91.0,274.0,1.0,Rural
LP001892,Female,No,3+,Graduate,Yes,6957.0,0.0,91.0,317.0,1.0,Rural
LP002553,Female,No,0,Graduate,Yes,15514.0,3299.0,182.0,387.0,1.0,Semiurban
LP001784,Female,No,2,Not Graduate,Yes,5558.0,1431.0,25.0,306.0,1.0,Rural
LP002325,Male,No,3+,Graduate,Yes,0.0,1711.0,103.0,455.0,1.0,Rural
LP001660,Male,Yes,2,Graduate,No,921.0,352.0,166.0,402.0,1.0,Semiurban
LP002689,Male,No,3+,Graduate,No,8657.0,2042.0,145.0,245.0,2.0,Rural
LP001347,Female,No,3+,Graduate,Yes,4716.0,1215.0,107.0,331.0,1.0,Urban
LP002816,Female,Yes,2,Graduate,No,10060.0,633.0,196.0,376.0,1.0,Semiurban
LP002867,Male,Yes,2,Not Graduate,Yes,2254.0,174.0,196.0,291.0,1.0,Semiurban
LP002186,Male,Yes,0,Not Graduate,Yes,11741.0,2615.0,126.0,413.0,2.0,Semiurban
LP001587,Female,No,3+,Graduate,Yes,6581.0,0.0,101.0,382.0,1.0,Rural
LP002603,Female,No,1,Not Graduate,No,6726.0,1079.0,209.0,389.0,1.0,Semiurban
LP001404,Female,No,1,Graduate,Yes,6034.0,0.0,130.0,322.0,0.0,Urban
LP002237,Male,No,3+,Graduate,No,822.0,1268.0,144.0,276.0,1.0,Urban
LP002126,Male,Yes,3+,Not Graduate,Yes,4854.0,1302.0,203.0,421.0,1.0,Semiurban
LP002898,Male,No,3+,Graduate,Yes,6853.0,3959.0,57.0,457.0,1.0,Urban
LP002266,Female,No,2,Graduate,No,0.0,3394.0,102.0,409.0,1.0,Rural
LP001213,Female,Yes,1,Graduate,Yes,5633.0,2395.0,122.0,400.0,1.0,Semiurban
LP001547,Male,Yes,1,Not Graduate,No,12099.0,2072.0,290.0,346.0,0.0,Urban
LP001563,Male,Yes,1,Not Graduate,Yes,7650.0,1083.0,46.0,296.0,1.0,Rural
LP001245,Female,No,3+,Graduate,Yes,12967.0,1033.0,146.0,390.0,1.0,Semiurban
LP001995,Male,No,2,Graduate,Yes,7502.0,0.0,74.0,301.0,0.0,Semiurban
LP001894,Female,No,3+,Graduate,No,68.0,3597.0,321.0,407.0,1.0,Semiurban
LP002050,Female,No,0,Graduate,Yes,9683.0,2327.0,163.0,360.0,1.0,Urban
LP002112,Male,No,0,Graduate,No,0.0,4865.0,69.0,246.0,1.0,Semiurban
LP002181,Female,Yes,1,Not Graduate,Yes,3993.0,94.0,15.0,346.0,1.0,Urban
LP002585,Male,Yes,3+,Not Graduate,Yes,3608.0,5029.0,190.0,261.0,1.0,Rural
LP002961,Female,No,0,Not Graduate,No,1317.0,1080.0,157.0,252.0,1.0,Rural
LP001574,Female,No,0,Not Graduate,Yes,18728.0,44.0,192.0,198.0,1.0,Rural
LP002755,Male,No,3+,Graduate,Yes,4766.0,5804.0,65.0,254.0,1.0,Semiurban
LP001024,Female,No,2,Graduate,No,15488.0,2591.0,287.0,265.0,1.0,Rural
LP001964,Male,No,3+,Not Graduate,No,7137.0,6145.0,149.0,425.0,1.0,Urban
LP001599,Male,Yes,3+,Not Graduate,No,505.0,2065.0,175.0,380.0,0.0,Urban
LP002047,Female,Yes,2,Graduate,Yes,2847.0,3797.0,191.0,472.0,1.0,Urban
LP001349,Male,Yes,1,Not Graduate,No,4961.0,4399.0,150.0,330.0,1.0,Urban
LP002364,Male,No,1,Graduate,No,3233.0,837.0,244.0,258.0,1.0,Urban
LP002262,Male,No,1,Graduate,Yes,3620.0,2543.0,101.0,342.0,1.0,Urban
LP001921,Male,Yes,2,Graduate,No,8447.0,2021.0,222.0,315.0,1.0,Rural
LP001715,Male,Yes,0,Not Graduate,No,7261.0,3865.0,246.0,370.0,1.0,Semiurban
LP001407,Male,No,2,Not Graduate,Yes,9109.0,0.0,223.0,250.0,1.0,Urban
LP001282,Female,Yes,3+,Not Graduate,No,13874.0,3236.0,254.0,345.0,1.0,Rural
LP002785,Male,Yes,2,Not Graduate,Yes,2495.0,4104.0,86.0,430.0,1.0,Rural
LP002288,Female,No,0,Not Graduate,No,11524.0,0.0,181.0,431.0,1.0,Urban
LP002917,Female,Yes,0,Graduate,No,13117.0,0.0,175.0,420.0,1.0,Rural
LP002496,Male,Yes,3+,Not Graduate,Yes,12549.0,0.0,148.0,378.0,1.0,Urban
LP001137,Female,Yes,1,Graduate,No,0.0,7253.0,191.0,403.0,1.0,Semiurban
LP001321,Female,No,0,Graduate,Yes,15418.0,0.0,236.0,340.0,1.0,Urban
LP002487,Male,Yes,0,Graduate,No,1555.0,5457.0,87.0,370.0,1.0,Semiurban
LP002931,Male,Yes,0,Not Graduate,No,0.0,1036.0,49.0,334.0,1.0,Rural
LP001998,Male,Yes,3+,Not Graduate,Yes,15278.0,4588.0,127.0,307.0,1.0,Rural
LP001279,Female,No,0,Not Graduate,Yes,8104.0,3181.0,0.0,359.0,0.0,Urban
LP001318,Female,No,1,Not Graduate,No,8339.0,7317.0,137.0,453.0,1.0,Rural
LP001232,Male,Yes,3+,Not Graduate,No,3289.0,5533.0,253.0,360.0,0.0,Rural
LP001323,Male,No,1,Not Graduate,No,6217.0,2181.0,32.0,374.0,1.0,Semiurban
LP001527,Female,Yes,0,Not Graduate,Yes,4386.0,2444.0,110.0,393.0,1.0,Urban
LP002786,Female,No,0,Not Graduate,Yes,1625.0,3448.0,55.0,363.0,0.0,Urban
LP002759,Female,No,1,Graduate,No,5311.0,8892.0,173.0,328.0,1.0,Semiurban
LP001800,Female,Yes,3+,Not Graduate,No,5824.0,1786.0,192.0,393.0,1.0,Semiurban
LP002383,Male,Yes,3+,Graduate,No,0.0,0.0,144.0,295.0,1.0,Semiurban
LP001003,Female,Yes,1,Graduate,Yes,5497.0,2267.0,89.0,419.0,1.0,Urban
LP001750,Female,No,0,Graduate,No,0.0,0.0,157.0,424.0,1.0,Semiurban
LP002047,Female,Yes,2,Graduate,Yes,16116.0,2176.0,238.0,339.0,1.0,Urban
LP001703,Female,No,1,Not Graduate,Yes,4596.0,4732.0,211.0,299.0,2.0,Semiurban
LP002954,Male,No,1,Not Graduate,No,0.0,2972.0,111.0,481.0,0.0,Rural
LP002747,Male,Yes,1,Graduate,Yes,8103.0,0.0,117.0,297.0,1.0,Urban
LP002760,Female,No,0,Graduate,Yes,927.0,1050.0,115.0,323.0,0.0,Urban
LP002925,Female,Yes,3+,Graduate,No,5013.0,0.0,180.0,211.0,1.0,Urban
LP001401,Male,No,0,Not Graduate,No,7774.0,5070.0,36.0,432.0,1.0,Rural
LP001287,Male,Yes,1,Graduate,No,0.0,3833.0,185.0,249.0,1.0,Rural
LP002657,Female,No,0,Graduate,No,16284.0,0.0,101.0,374.0,1.0,Urban
LP001350,Female,No,0,Not Graduate,No,16826.0,8456.0,122.0,362.0,1.0,Semiurban
LP001658,Male,Yes,1,Graduate,No,2187.0,1012.0,86.0,337.0,1.0,Urban
LP001574,Male,No,0,Not Graduate,No,0.0,2405.0,199.0,307.0,1.0,Urban
LP002400,Male,Yes,2,Not Graduate,Yes,2161.0,684.0,97.0,371.0,0.0,Rural
LP001310,Male,No,0,Graduate,No,2466.0,2744.0,68.0,456.0,1.0,Rural
LP001368,Male,No,0,Graduate,No,11503.0,1858.0,98.0,326.0,1.0,Semiurban
LP001430,Male,No,3+,Graduate,No,2260.0,0.0,59.0,234.0,1.0,Semiurban
LP001504,Female,Yes,3+,Not Graduate,No,0.0,4792.0,209.0,224.0,1.0,Urban
LP001367,Male,Yes,1,Not Graduate,No,5758.0,0.0,57.0,330.0,1.0,Urban
LP002485,Male,Yes,1,Not Graduate,No,0.0,4095.0,139.0,312.0,1.0,Semiurban
LP002368,Male,Yes,3+,Graduate,Yes,11262.0,972.0,92.0,331.0,2.0,Urban
LP001978,Male,Yes,2,Graduate,No,8597.0,1774.0,264.0,361.0,1.0,Urban
LP002402,Female,No,0,Graduate,Yes,1763.0,2913.0,175.0,311.0,1.0,Semiurban
LP002935,Female,No,2,Graduate,No,2385.0,1975.0,94.0,522.0,1.0,Semiurban
LP002035,Male,Yes,2,Graduate,Yes,6596.0,3624.0,156.0,367.0,1.0,Semiurban
LP002890,Female,No,3+,Graduate,Yes,0.0,0.0,72.0,401.0,1.0,Rural
LP001121,Female,No,1,Not Graduate,Yes,693.0,4421.0,194.0,332.0,1.0,Semiurban
LP002584,Female,No,0,Not Graduate,No,3896.0,0.0,155.0,332.0,1.0,Rural
LP001018,Female,No,1,Not Graduate,No,0.0,0.0,175.0,304.0,1.0,Semiurban
LP001881,Female,Yes,2,Graduate,No,2592.0,3176.0,69.0,347.0,1.0,Semiurban
LP001248,Female,No,2,Not Graduate,No,0.0,4455.0,35.0,243.0,0.0,Rural
LP002158,Male,Yes,1,Not Graduate,No,13302.0,2374.0,14.0,238.0,1.0,Rural
LP001744,Male,Yes,1,Not Graduate,No,2882.0,5659.0,20.0,302.0,1.0,Urban
LP002337,Male,No,3+,Graduate,Yes,0.0,0.0,143.0,281.0,1.0,Urban
LP002785,Male,Yes,1,Graduate,Yes,9021.0,0.0,291.0,302.0,0.0,Urban
LP002191,Male,No,1,Not Graduate,Yes,1601.0,3881.0,112.0,320.0,1.0,Rural
LP001542,Female,No,3+,Graduate,No,0.0,1934.0,98.0,323.0,2.0,Semiurban
LP001871,Male,No,1,Graduate,No,10234.0,3794.0,138.0,395.0,1.0,Rural
LP002257,Male,Yes,2,Graduate,Yes,3339.0,0.0,82.0,393.0,1.0,Semiurban
LP001400,Female,Yes,1,Graduate,No,9969.0,397.0,43.0,340.0,1.0,Semiurban
LP002355,Female,Yes,0,Not Graduate,No,5094.0,6340.0,92.0,471.0,1.0,Semiurban
LP002036,Male,No,2,Graduate,No,5916.0,1055.0,125.0,312.0,1.0,Urban
LP001273,Female,No,3+,Not Graduate,Yes,8387.0,5480.0,286.0,396.0,1.0,Rural
LP002036,Female,No,2,Not Graduate,Yes,1564.0,3714.0,105.0,375.0,1.0,Rural
LP001385,Female,Yes,3+,Graduate,No,566.0,826.0,158.0,328.0,1.0,Urban
LP001835,Female,No,0,Graduate,Yes,12024.0,5440.0,36.0,334.0,1.0,Semiurban
LP002231,Male,No,0,Graduate,Yes,8477.0,2489.0,196.0,313.0,1.0,Urban
LP001013,Female,Yes,2,Not Graduate,No,4795.0,1639.0,85.0,392.0,1.0,Semiurban
LP002472,Male,Yes,1,Not Graduate,No,9711.0,1385.0,55.0,423.0,1.0,Urban
LP001273,Male,Yes,2,Not Graduate,Yes,8256.0,2795.0,63.0,345.0,1.0,Rural
LP001698,Female,No,2,Not Graduate,Yes,10552.0,0.0,93.0,221.0,1.0,Urban
LP002572,Female,No,0,Not Graduate,No,0.0,4046.0,53.0,378.0,0.0,Rural
LP002250,Female,No,3+,Not Graduate,No,4814.0,2802.0,165.0,331.0,1.0,Semiurban
LP002008,Male,Yes,2,Not Graduate,No,11614.0,49.0,59.0,274.0,1.0,Urban
LP001046,Female,Yes,1,Graduate,Yes,14732.0,0.0,193.0,347.0,1.0,Urban
LP002317,Female,Yes,0,Not Graduate,Yes,2128.0,920.0,103.0,320.0,1.0,Urban
LP002554,Female,Yes,2,Not Graduate,No,6086.0,2282.0,72.0,271.0,1.0,Urban
LP002652,Female,No,2,Not Graduate,No,5290.0,2026.0,90.0,328.0,0.0,Rural
LP001448,Female,No,1,Not Graduate,No,0.0,2009.0,64.0,434.0,1.0,Rural
LP002077,Male,No,2,Graduate,No,3542.0,3434.0,144.0,351.0,1.0,Urban
LP001452,Female,No,2,Not Graduate,Yes,0.0,0.0,100.0,344.0,1.0,Rural
LP002415,Female,No,2,Not Graduate,No,4227.0,1424.0,229.0,371.0,1.0,Urban
LP001029,Female,No,2,Graduate,No,0.0,2412.0,0.0,358.0,1.0,Rural
LP002935,Male,No,1,Graduate,Yes,6147.0,2854.0,233.0,324.0,2.0,Rural
LP002975,Female,No,2,Not Graduate,No,3415.0,4046.0,90.0,355.0,1.0,Rural
LP001027,Male,Yes,2,Not Graduate,Yes,3324.0,1049.0,266.0,348.0,1.0,Urban
LP001280,Male,Yes,2,Not Graduate,Yes,14027.0,1747.0,152.0,202.0,1.0,Urban
LP002693,Female,No,0,Not Graduate,Yes,5583.0,0.0,235.0,377.0,1.0,Rural
LP002610,Female,Yes,1,Not Graduate,No,15876.0,2657.0,137.0,345.0,1.0,Semiurban
LP002734,Female,No,0,Not Graduate,Yes,7722.0,0.0,132.0,377.0,1.0,Rural
LP001964,Male,No,0,Graduate,No,9824.0,3162.0,69.0,341.0,0.0,Urban
LP001806,Male,Yes,1,Graduate,Yes,228.0,4813.0,135.0,319.0,1.0,Semiurban
LP001430,Male,No,0,Not Graduate,Yes,1229.0,2875.0,65.0,280.0,1.0,Urban
LP001516,Male,No,0,Not Graduate,Yes,5278.0,5091.0,157.0,353.0,1.0,Semiurban
LP002836,Male,No,0,Not Graduate,No,12088.0,369.0,155.0,352.0,0.0,Semiurban
LP001739,Male,No,1,Graduate,No,3113.0,0.0,133.0,430.0,1.0,Urban
LP002144,Female,No,2,Not Graduate,Yes,0.0,1162.0,238.0,311.0,1.0,Rural
LP001366,Female,No,3+,Graduate,No,7446.0,0.0,181.0,412.0,0.0,Urban
LP002593,Male,No,3+,Graduate,Yes,5544.0,260.0,71.0,394.0,2.0,Urban
LP001613,Female,Yes,1,Not Graduate,Yes,2042.0,0.0,187.0,292.0,1.0,Rural
LP001105,Female,Yes,3+,Graduate,Yes,3055.0,2079.0,216.0,252.0,1.0,Rural
LP001996,Male,No,1,Not Graduate,Yes,219.0,1660.0,0.0,408.0,1.0,Semiurban
LP001420,Male,Yes,1,Graduate,No,10442.0,3894.0,59.0,372.0,1.0,Semiurban
LP001926,Female,No,3+,Not Graduate,Yes,5313.0,3106.0,106.0,396.0,1.0,Rural
LP001993,Male,No,0,Not Graduate,No,6549.0,1125.0,79.0,352.0,2.0,Urban
LP002096,Male,No,2,Graduate,Yes,1783.0,4084.0,192.0,276.0,1.0,Rural
LP002936,Female,No,3+,Graduate,Yes,12790.0,4012.0,74.0,354.0,1.0,Rural
LP002901,Male,Yes,3+,Graduate,Yes,6437.0,278.0,66.0,385.0,1.0,Rural
LP002639,Female,Yes,3+,Not Graduate,Yes,0.0,2135.0,161.0,197.0,0.0,Urban
LP001568,Female,Yes,3+,Graduate,Yes,7799.0,5709.0,125.0,373.0,1.0,Urban
LP001242,Female,Yes,1,Graduate,No,3674.0,2490.0,229.0,396.0,1.0,Semiurban
LP002776,Female,No,1,Not Graduate,No,4246.0,0.0,171.0,403.0,1.0,Rural
LP002140,Female,Yes,2,Not Graduate,Yes,10839.0,0.0,406.0,372.0,1.0,Rural
LP002004,Male,No,2,Graduate,No,5684.0,0.0,58.0,315.0,1.0,Urban
LP002412,Male,No,3+,Graduate,No,14932.0,0.0,24.0,338.0,0.0,Rural
LP001198,Male,Yes,3+,Graduate,Yes,5781.0,286.0,249.0,246.0,1.0,Urban
LP001174,Male,No,3+,Not Graduate,Yes,2522.0,1127.0,380.0,411.0,1.0,Semiurban
LP002745,Female,Yes,2,Not Graduate,Yes,0.0,0.0,125.0,394.0,0.0,Semiurban
LP001527,Female,Yes,3+,Graduate,Yes,1091.0,0.0,118.0,320.0,1.0,Semiurban
LP001785,Male,Yes,0,Not Graduate,No,3345.0,0.0,152.0,381.0,0.0,Urban
LP001100,Female,Yes,2,Graduate,No,13530.0,0.0,77.0,383.0,1.0,Urban
LP002424,Male,Yes,0,Graduate,No,2557.0,1140.0,0.0,271.0,1.0,Rural
LP001319,Male,No,3+,Not Graduate,No,14531.0,3420.0,161.0,475.0,1.0,Semiurban
LP002850,Male,Yes,1,Graduate,Yes,0.0,215.0,143.0,288.0,1.0,Urban
LP002876,Female,Yes,0,Graduate,Yes,781.0,4691.0,35.0,204.0,1.0,Semiurban
LP001693,Female,No,2,Not Graduate,Yes,11598.0,2018.0,95.0,368.0,0.0,Semiurban
LP002141,Female,Yes,0,Graduate,Yes,1791.0,4030.0,34.0,364.0,1.0,Semiurban
LP002592,Female,Yes,2,Graduate,No,11440.0,1688.0,171.0,316.0,1.0,Rural
LP002098,Male,No,3+,Not Graduate,No,474.0,3427.0,140.0,356.0,1.0,Urban
LP002111,Female,No,0,Graduate,Yes,1045.0,0.0,155.0,291.0,1.0,Urban
LP002360,Female,Yes,1,Graduate,No,8835.0,3892.0,183.0,231.0,1.0,Urban
LP001584,Female,No,0,Not Graduate,No,554.0,1620.0,227.0,406.0,1.0,Rural
LP001546,Male,Yes,1,Not Graduate,Yes,3617.0,4587.0,156.0,362.0,0.0,Rural
LP002858,Male,No,2,Not Graduate,No,7428.0,916.0,190.0,318.0,1.0,Rural
LP002869,Female,Yes,3+,Graduate,Yes,3741.0,6337.0,283.0,456.0,1.0,Rural
LP001050,Female,Yes,3+,Not Graduate,No,1976.0,3053.0,217.0,323.0,2.0,Urban
LP002300,Female,Yes,1,Graduate,No,0.0,0.0,159.0,381.0,1.0,Rural
LP002062,Female,No,2,Not Graduate,Yes,13434.0,4669.0,155.0,278.0,1.0,Urban
LP002659,Male,Yes,3+,Graduate,Yes,14498.0,0.0,78.0,199.0,1.0,Semiurban
LP001611,Female,No,2,Graduate,Yes,7055.0,0.0,92.0,382.0,1.0,Urban
LP002178,Female,Yes,1,Not Graduate,No,3858.0,5106.0,135.0,380.0,0.0,Semiurban
LP002229,Female,Yes,1,Graduate,Yes,4171.0,2514.0,115.0,467.0,1.0,Rural
LP002720,Male,Yes,0,Graduate,No,9919.0,1799.0,288.0,269.0,1.0,Semiurban
LP002867,Male,Yes,3+,Not Graduate,Yes,11056.0,232.0,171.0,233.0,1.0,Rural
LP001529,Female,Yes,3+,Graduate,No,2104.0,3863.0,165.0,302.0,1.0,Urban
LP002813,Female,No,0,Graduate,Yes,11300.0,863.0,233.0,378.0,1.0,Urban
LP001386,Female,No,1,Graduate,Yes,8683.0,2150.0,157.0,200.0,2.0,Rural
LP002826,Female,No,1,Not Graduate,No,11201.0,0.0,121.0,347.0,1.0,Urban
LP002964,Female,Yes,1,Not Graduate,No,0.0,1445.0,163.0,312.0,0.0,Semiurban
LP001031,Male,Yes,1,Not Graduate,Yes,2792.0,2078.0,174.0,316.0,2.0,Semiurban
LP002347,Male,No,2,Not Graduate,No,4195.0,3055.0,251.0,285.0,1.0,Semiurban
LP001825,Male,Yes,3+,Not Graduate,Yes,2509.0,2520.0,37.0,414.0,0.0,Rural
LP001404,Female,Yes,3+,Not Graduate,No,16099.0,695.0,85.0,238.0,1.0,Semiurban
LP002385,Male,Yes,1,Not Graduate,No,2846.0,2376.0,137.0,404.0,1.0,Semiurban
LP002640,Male,No,1,Not Graduate,Yes,7847.0,4268.0,215.0,374.0,1.0,Semiurban
LP001660,Male,No,1,Graduate,Yes,6050.0,0.0,203.0,311.0,1.0,Semiurban
LP002874,Female,No,3+,Graduate,No,3527.0,1152.0,151.0,443.0,1.0,Semiurban
LP002103,Female,No,3+,Graduate,No,1144.0,2169.0,221.0,219.0,1.0,Semiurban
LP002342,Male,No,1,Graduate,No,16888.0,0.0,90.0,407.0,1.0,Rural
LP002774,Female,Yes,2,Not Graduate,No,3916.0,4130.0,288.0,271.0,1.0,Semiurban
LP001881,Male,Yes,0,Graduate,Yes,10166.0,3232.0,78.0,312.0,1.0,Rural
LP001947,Male,Yes,0,Graduate,Yes,5125.0,4316.0,10.0,362.0,1.0,Rural
LP002791,Male,Yes,0,Graduate,No,2567.0,7474.0,189.0,410.0,1.0,Rural
LP001785,Male,No,3+,Graduate,Yes,5797.0,2499.0,32.0,280.0,1.0,Semiurban
LP002194,Female,No,3+,Graduate,No,6935.0,832.0,103.0,379.0,1.0,Semiurban
LP001640,Female,Yes,0,Not Graduate,No,2505.0,4154.0,131.0,314.0,1.0,Rural
LP001813,Female,No,0,Not Graduate,No,825.0,3.0,175.0,287.0,1.0,Rural
LP001128,Female,Yes,2,Graduate,Yes,7892.0,2864.0,221.0,235.0,1.0,Semiurban
LP001882,Male,Yes,3+,Graduate,No,5843.0,4421.0,38.0,317.0,1.0,Urban
LP001174,Female,Yes,3+,Graduate,Yes,1466.0,3864.0,55.0,259.0,1.0,Urban
LP001786,Male,Yes,0,Graduate,Yes,0.0,5428.0,407.0,263.0,1.0,Urban
LP002716,Female,No,2,Not Graduate,No,7169.0,859.0,126.0,310.0,1.0,Semiurban
LP002784,Female,Yes,2,Graduate,Yes,0.0,3530.0,15.0,327.0,1.0,Rural
LP001043,Female,No,0,Not Graduate,No,3696.0,1854.0,64.0,306.0,1.0,Urban
LP002614,Male,Yes,0,Graduate,No,5949.0,2290.0,102.0,347.0,1.0,Rural
LP001651,Male,Yes,3+,Not Graduate,Yes,15076.0,2291.0,143.0,452.0,1.0,Semiurban
LP002389,Male,Yes,0,Not Graduate,No,5239.0,3067.0,235.0,299.0,0.0,Rural
LP002017,Male,Yes,1,Not Graduate,Yes,3464.0,1511.0,269.0,284.0,1.0,Urban
LP002684,Female,No,2,Graduate,Yes,6800.0,0.0,79.0,281.0,1.0,Semiurban
LP001343,Male,Yes,0,Graduate,Yes,1099.0,2021.0,99.0,161.0,1.0,Rural
LP001757,Male,No,1,Not Graduate,No,3933.0,2585.0,154.0,301.0,1.0,Semiurban
LP002530,Female,Yes,2,Graduate,Yes,5347.0,1488.0,86.0,458.0,0.0,Urban
LP002945,Female,Yes,1,Graduate,No,8765.0,2786.0,235.0,347.0,1.0,Urban
LP001954,Male,Yes,1,Not Graduate,No,1347.0,1266.0,333.0,316.0,1.0,Urban
LP002802,Female,No,0,Graduate,Yes,5147.0,865.0,144.0,376.0,1.0,Semiurban
LP002699,Male,Yes,2,Not Graduate,Yes,0.0,5384.0,168.0,314.0,1.0,Semiurban
LP002101,Female,Yes,1,Graduate,No,8122.0,7738.0,97.0,423.0,1.0,Urban
LP001003,Male,Yes,3+,Graduate,Yes,3867.0,3993.0,169.0,334.0,1.0,Semiurban
LP002209,Male,Yes,2,Not Graduate,Yes,15911.0,40.0,60.0,433.0,1.0,Semiurban
LP001940,Male,Yes,3+,Not Graduate,Yes,7181.0,2214.0,69.0,359.0,2.0,Urban
LP002245,Male,No,0,Not Graduate,No,242.0,2010.0,2.0,377.0,1.0,Urban
LP002781,Male,No,3+,Not Graduate,Yes,0.0,3425.0,206.0,332.0,1.0,Rural
LP002785,Female,Yes,2,Graduate,No,8948.0,2113.0,250.0,405.0,1.0,Urban
LP002036,Male,Yes,1,Graduate,No,15411.0,3274.0,222.0,453.0,2.0,Semiurban
LP002606,Male,No,1,Graduate,Yes,13666.0,6464.0,150.0,377.0,1.0,Rural
LP002176,Male,Yes,2,Not Graduate,Yes,0.0,0.0,118.0,330.0,1.0,Semiurban
LP002226,Male,No,1,Graduate,No,6338.0,225.0,135.0,406.0,1.0,Rural
LP001059,Male,Yes,3+,Graduate,No,11598.0,4210.0,64.0,312.0,1.0,Semiurban
LP001029,Female,Yes,1,Graduate,Yes,0.0,1482.0,215.0,434.0,1.0,Rural
LP002618,Female,No,1,Not Graduate,No,11088.0,3214.0,224.0,309.0,1.0,Rural
LP001765,Male,Yes,3+,Not Graduate,Yes,1177.0,1086.0,60.0,337.0,1.0,Semiurban
LP001273,Female,No,3+,Graduate,No,3953.0,5844.0,70.0,399.0,1.0,Rural
LP001465,Male,No,3+,Graduate,Yes,6755.0,4759.0,40.0,209.0,1.0,Semiurban
LP001667,Female,No,0,Not Graduate,No,11264.0,2414.0,123.0,363.0,1.0,Semiurban
LP002253,Female,Yes,3+,Not Graduate,Yes,13904.0,6154.0,141.0,353.0,-0.0,Rural
LP001508,Male,No,3+,Not Graduate,Yes,3341.0,2444.0,148.0,312.0,1.0,Urban
LP002542,Female,No,0,Not Graduate,No,2448.0,1782.0,39.0,321.0,1.0,Urban
LP002344,Female,Yes,1,Graduate,Yes,2069.0,5599.0,86.0,287.0,1.0,Urban
LP001073,Male,Yes,3+,Not Graduate,No,9620.0,0.0,86.0,280.0,1.0,Semiurban
LP001225,Male,Yes,2,Graduate,No,10850.0,2058.0,199.0,315.0,0.0,Semiurban
LP001565,Female,Yes,3+,Not Graduate,No,10274.0,2562.0,65.0,277.0,1.0,Urban
LP001760,Female,Yes,3+,Graduate,No,6716.0,997.0,147.0,375.0,1.0,Semiurban
LP001865,Female,Yes,0,Graduate,Yes,7278.0,0.0,88.0,295.0,1.0,Urban
LP002443,Male,No,2,Not Graduate,No,3868.0,1406.0,128.0,394.0,1.0,Semiurban
LP002362,Female,Yes,1,Graduate,No,4399.0,0.0,216.0,281.0,1.0,Semiurban
LP002473,Female,No,1,Graduate,No,10043.0,5825.0,47.0,258.0,1.0,Semiurban
LP002856,Female,Yes,2,Graduate,Yes,6685.0,5961.0,0.0,328.0,2.0,Urban
LP001335,Male,No,3+,Not Graduate,No,2485.0,1801.0,39.0,267.0,1.0,Rural
LP001964,Male,No,0,Not Graduate,Yes,11441.0,756.0,175.0,333.0,1.0,Semiurban
LP002711,Male,Yes,2,Not Graduate,Yes,1718.0,0.0,50.0,291.0,1.0,Semiurban
LP001974,Male,Yes,2,Graduate,No,6010.0,0.0,87.0,260.0,1.0,Urban
LP001925,Female,No,1,Graduate,Yes,0.0,5634.0,178.0,261.0,1.0,Urban
LP002266,Male,Yes,0,Graduate,No,0.0,1624.0,205.0,419.0,1.0,Semiurban
LP001020,Female,Yes,2,Graduate,Yes,5289.0,205.0,222.0,388.0,1.0,Semiurban
LP001486,Female,No,0,Not Graduate,Yes,1215.0,1728.0,185.0,257.0,0.0,Rural
LP001099,Female,No,3+,Graduate,No,3875.0,135.0,55.0,291.0,1.0,Semiurban
LP001884,Female,No,1,Graduate,Yes,12089.0,0.0,267.0,439.0,1.0,Semiurban
LP002931,Male,Yes,3+,Graduate,No,4469.0,769.0,70.0,340.0,0.0,Semiurban
LP002932,Male,Yes,0,Not Graduate,Yes,10305.0,0.0,93.0,320.0,1.0,Rural
LP002959,Male,Yes,3+,Graduate,No,734.0,2766.0,142.0,349.0,1.0,Semiurban
LP001911,Male,Yes,1,Not Graduate,No,8306.0,4126.0,164.0,359.0,1.0,Rural
LP002286,Male,No,0,Not Graduate,No,0.0,0.0,254.0,342.0,1.0,Urban
LP002360,Female,Yes,2,Graduate,No,3757.0,2131.0,94.0,290.0,1.0,Semiurban
LP002161,Male,No,3+,Graduate,Yes,8537.0,1559.0,172.0,213.0,1.0,Semiurban
LP001849,Male,Yes,1,Graduate,No,5252.0,0.0,94.0,341.0,1.0,Semiurban
LP001478,Male,Yes,2,Graduate,No,10546.0,0.0,267.0,222.0,1.0,Semiurban
LP001900,Male,No,1,Not Graduate,No,8981.0,0.0,176.0,310.0,1.0,Rural
LP001906,Female,Yes,0,Not Graduate,No,3423.0,0.0,242.0,300.0,1.0,Urban
LP001359,Female,Yes,0,Not Graduate,Yes,12566.0,1992.0,53.0,295.0,1.0,Urban
LP002952,Female,No,3+,Not Graduate,No,7665.0,2263.0,99.0,370.0,1.0,Rural
LP002643,Female,Yes,1,Not Graduate,Yes,3792.0,4977.0,162.0,328.0,1.0,Rural
LP002006,Female,No,1,Not Graduate,No,6010.0,0.0,244.0,373.0,0.0,Rural
LP002868,Male,No,1,Not Graduate,No,5698.0,0.0,219.0,225.0,1.0,Rural
LP002482,Female,No,0,Not Graduate,No,6328.0,0.0,259.0,391.0,1.0,Semiurban
LP002986,Female,No,3+,Not Graduate,No,4372.0,1084.0,246.0,402.0,1.0,Semiurban
LP001917,Female,Yes,1,Not Graduate,No,7301.0,2199.0,203.0,339.0,0.0,Rural
LP001426,Male,Yes,1,Graduate,No,9678.0,2771.0,154.0,468.0,0.0,Semiurban
LP001369,Male,Yes,2,Graduate,Yes,7603.0,0.0,56.0,386.0,0.0,Semiurban
LP002775,Female,No,1,Graduate,Yes,7410.0,4851.0,0.0,340.0,1.0,Urban
LP001375,Male,Yes,3+,Not Graduate,No,4606.0,2879.0,152.0,435.0,0.0,Semiurban
LP001688,Male,Yes,2,Graduate,No,133.0,4002.0,205.0,348.0,1.0,Urban
LP001572,Female,Yes,2,Not Graduate,No,0.0,0.0,0.0,282.0,1.0,Semiurban
LP001978,Male,Yes,2,Not Graduate,Yes,1150.0,3864.0,52.0,395.0,0.0,Urban
LP002587,Male,No,0,Graduate,No,2799.0,0.0,64.0,441.0,1.0,Urban
LP001107,Male,No,2,Not Graduate,Yes,14701.0,377.0,128.0,242.0,1.0,Urban
LP002792,Female,Yes,1,Graduate,Yes,12308.0,5501.0,151.0,312.0,1.0,Urban
LP002165,Female,No,0,Not Graduate,Yes,1801.0,3390.0,226.0,309.0,1.0,Rural
LP001536,Female,Yes,0,Not Graduate,Yes,7741.0,0.0,41.0,259.0,1.0,Semiurban
LP002187,Male,Yes,0,Graduate,Yes,4795.0,3767.0,169.0,324.0,1.0,Rural
LP001558,Female,Yes,0,Graduate,No,6524.0,2583.0,35.0,291.0,0.0,Semiurban
LP002584,Male,No,0,Graduate,Yes,2055.0,494.0,207.0,370.0,1.0,Rural
LP001054,Male,Yes,0,Graduate,Yes,17947.0,2895.0,105.0,374.0,1.0,Semiurban
LP001835,Male,No,0,Graduate,No,15798.0,574.0,49.0,351.0,0.0,Rural
LP002869,Female,No,2,Graduate,No,3513.0,2654.0,90.0,356.0,1.0,Rural
LP002651,Female,Yes,3+,Not Graduate,Yes,1784.0,2619.0,56.0,440.0,1.0,Urban
LP002445,Female,No,1,Not Graduate,No,10450.0,2971.0,150.0,473.0,1.0,Rural
LP002101,Female,No,1,Not Graduate,No,0.0,6834.0,191.0,382.0,0.0,Urban
LP001169,Male,Yes,2,Not Graduate,No,9998.0,4172.0,222.0,309.0,0.0,Urban
LP002921,Female,No,2,Graduate,Yes,5894.0,4321.0,102.0,360.0,1.0,Rural
LP002637,Male,No,0,Not Graduate,Yes,0.0,169.0,250.0,344.0,1.0,Semiurban
LP001940,Female,Yes,3+,Not Graduate,No,4315.0,0.0,141.0,387.0,1.0,Rural
LP001041,Female,Yes,0,Graduate,No,1445.0,1092.0,240.0,285.0,0.0,Urban
LP001914,Female,No,2,Not Graduate,Yes,6101.0,280.0,130.0,391.0,1.0,Urban
LP002028,Male,Yes,0,Graduate,Yes,5507.0,3232.0,125.0,348.0,1.0,Rural
LP001002,Male,Yes,1,Graduate,No,0.0,1065.0,187.0,337.0,1.0,Rural
LP001421,Male,No,1,Graduate,Yes,3277.0,5208.0,166.0,339.0,2.0,Rural
LP001100,Male,No,0,Not Graduate,Yes,8453.0,0.0,100.0,430.0,-0.0,Rural
LP001669,Male,Yes,3+,Graduate,No,9434.0,842.0,232.0,520.0,0.0,Semiurban
LP002543,Female,No,0,Not Graduate,No,3112.0,2615.0,68.0,350.0,1.0,Urban
LP001789,Male,Yes,0,Not Graduate,Yes,7787.0,0.0,187.0,295.0,0.0,Rural
LP001198,Male,Yes,3+,Not Graduate,Yes,6697.0,4063.0,184.0,341.0,1.0,Rural
LP002245,Male,No,3+,Graduate,Yes,4880.0,3974.0,225.0,362.0,0.0,Rural
LP001560,Male,No,3+,Graduate,No,7822.0,429.0,226.0,353.0,1.0,Urban
LP001407,Female,Yes,1,Graduate,No,0.0,8804.0,128.0,353.0,1.0,Urban
LP001692,Male,Yes,0,Not Graduate,No,5185.0,0.0,145.0,331.0,2.0,Urban
LP001027,Female,Yes,2,Not Graduate,No,0.0,0.0,140.0,430.0,1.0,Rural
LP002556,Female,Yes,3+,Graduate,Yes,4872.0,313.0,278.0,325.0,1.0,Urban
LP001900,Female,No,3+,Not Graduate,No,13295.0,2119.0,193.0,395.0,1.0,Rural
LP001415,Male,Yes,0,Graduate,No,3360.0,0.0,223.0,244.0,0.0,Rural
LP001800,Female,No,2,Graduate,Yes,12726.0,3286.0,123.0,305.0,1.0,Semiurban
LP001720,Male,No,0,Not Graduate,No,3451.0,8291.0,55.0,361.0,1.0,Semiurban
LP001835,Male,Yes,0,Not Graduate,Yes,0.0,0.0,70.0,340.0,1.0,Semiurban
LP002090,Male,No,3+,Graduate,No,8969.0,2136.0,221.0,421.0,1.0,Urban
LP001443,Male,No,3+,Not Graduate,Yes,7822.0,4206.0,86.0,360.0,2.0,Semiurban
LP001722,Male,Yes,1,Graduate,Yes,18387.0,3684.0,390.0,428.0,1.0,Urban
LP001990,Female,No,2,Graduate,Yes,0.0,7470.0,111.0,374.0,1.0,Rural
LP002028,Female,No,2,Not Graduate,No,7210.0,326.0,170.0,289.0,1.0,Semiurban
LP001639,Male,Yes,3+,Graduate,Yes,7413.0,7001.0,170.0,330.0,1.0,Semiurban
LP001114,Female,Yes,3+,Not Graduate,No,11206.0,1438.0,156.0,334.0,1.0,Urban
LP001744,Male,Yes,3+,Graduate,No,8197.0,215.0,48.0,425.0,1.0,Urban
LP001637,Female,Yes,2,Not Graduate,No,3539.0,6711.0,162.0,326.0,1.0,Semiurban
LP002585,Female,Yes,1,Not Graduate,No,0.0,602.0,161.0,333.0,1.0,Urban
LP002367,Female,Yes,2,Graduate,No,7154.0,4514.0,119.0,316.0,1.0,Urban
LP001610,Female,Yes,3+,Not Graduate,No,7312.0,262.0,286.0,350.0,2.0,Urban
LP002711,Female,No,3+,Not Graduate,Yes,8776.0,0.0,14.0,385.0,1.0,Rural
LP002368,Male,No,1,Graduate,Yes,3531.0,0.0,26.0,388.0,1.0,Semiurban
LP001945,Male,Yes,0,Not Graduate,No,6764.0,3520.0,201.0,322.0,1.0,Urban
LP002325,Female,No,0,Graduate,No,0.0,0.0,136.0,212.0,1.0,Urban
LP001528,Male,No,2,Not Graduate,No,0.0,1031.0,74.0,360.0,0.0,Rural
LP002234,Female,Yes,0,Graduate,No,10508.0,0.0,158.0,349.0,1.0,Rural
LP001135,Male,No,0,Graduate,No,6204.0,0.0,217.0,352.0,1.0,Rural
LP002099,Female,Yes,2,Graduate,Yes,7890.0,0.0,16.0,343.0,1.0,Rural
LP001994,Female,No,3+,Graduate,Yes,1772.0,2165.0,198.0,362.0,0.0,Semiurban
LP002106,Female,Yes,0,Not Graduate,No,1048.0,0.0,168.0,211.0,0.0,Semiurban
LP002825,Male,No,3+,Graduate,No,2768.0,3897.0,125.0,352.0,1.0,Urban
LP001718,Male,No,2,Not Graduate,Yes,6533.0,0.0,162.0,277.0,1.0,Semiurban
LP002550,Female,No,3+,Graduate,No,9086.0,0.0,163.0,419.0,1.0,Urban
LP002209,Female,Yes,3+,Not Graduate,No,3761.0,0.0,185.0,350.0,0.0,Semiurban
LP001014,Male,No,2,Graduate,No,0.0,2334.0,66.0,295.0,1.0,Semiurban
LP002115,Male,No,3+,Not Graduate,Yes,7464.0,5582.0,227.0,265.0,2.0,Semiurban
LP001451,Male,Yes,0,Not Graduate,Yes,6701.0,1233.0,219.0,286.0,2.0,Urban
LP001906,Male,Yes,0,Graduate,No,7909.0,2790.0,222.0,300.0,1.0,Urban
LP001312,Male,No,0,Graduate,Yes,10058.0,3067.0,9.0,345.0,1.0,Rural
LP002140,Female,No,0,Graduate,Yes,9608.0,3617.0,231.0,265.0,1.0,Urban
LP002151,Male,No,3+,Not Graduate,No,12930.0,0.0,114.0,358.0,0.0,Rural
LP002670,Female,No,0,Not Graduate,Yes,5342.0,5934.0,184.0,407.0,1.0,Urban
LP002585,Female,Yes,3+,Not Graduate,Yes,2720.0,694.0,0.0,414.0,0.0,Urban
LP001279,Male,No,1,Not Graduate,Yes,11107.0,2366.0,90.0,317.0,1.0,Semiurban
LP001603,Male,No,3+,Graduate,Yes,10353.0,1194.0,208.0,340.0,1.0,Urban
LP002056,Female,Yes,0,Graduate,Yes,3854.0,391.0,183.0,299.0,1.0,Semiurban
LP001657,Male,No,1,Graduate,Yes,11478.0,4156.0,59.0,264.0,2.0,Urban
LP002002,Female,No,2,Graduate,No,5604.0,3329.0,195.0,307.0,1.0,Rural
LP001421,Male,No,3+,Not Graduate,No,12449.0,0.0,79.0,225.0,1.0,Urban
LP001726,Male,Yes,0,Not Graduate,No,15028.0,2742.0,122.0,214.0,1.0,Semiurban
LP002367,Male,Yes,0,Graduate,Yes,20221.0,7305.0,52.0,362.0,1.0,Semiurban
LP002932,Female,No,0,Not Graduate,No,5534.0,2107.0,169.0,359.0,1.0,Semiurban
LP002332,Male,No,2,Graduate,Yes,13241.0,213.0,227.0,422.0,1.0,Semiurban
LP001392,Female,Yes,1,Not Graduate,Yes,10043.0,559.0,211.0,436.0,0.0,Urban
LP002975,Male,No,1,Not Graduate,No,10573.0,74.0,72.0,354.0,1.0,Semiurban
LP001508,Female,No,0,Not Graduate,Yes,7597.0,0.0,139.0,281.0,1.0,Semiurban
LP002738,Male,Yes,3+,Not Graduate,No,10596.0,1100.0,21.0,281.0,0.0,Urban
LP001187,Female,Yes,0,Not Graduate,Yes,0.0,1087.0,248.0,274.0,0.0,Semiurban
LP001974,Female,Yes,0,Not Graduate,No,5016.0,3234.0,144.0,359.0,1.0,Rural
LP001695,Female,No,3+,Graduate,No,1458.0,181.0,193.0,293.0,0.0,Rural
LP002442,Female,No,0,Not Graduate,No,982.0,7069.0,158.0,251.0,1.0,Semiurban
LP002917,Female,No,2,Graduate,No,0.0,0.0,94.0,370.0,1.0,Rural
LP002257,Female,No,0,Graduate,Yes,2180.0,2002.0,100.0,398.0,1.0,Semiurban
LP002128,Male,Yes,2,Graduate,No,4188.0,0.0,178.0,294.0,1.0,Urban
LP002102,Female,No,0,Graduate,Yes,6229.0,137.0,269.0,340.0,1.0,Rural
LP002891,Female,No,1,Graduate,No,5109.0,842.0,116.0,437.0,1.0,Rural
LP002047,Female,Yes,3+,Graduate,No,11173.0,2156.0,233.0,403.0,1.0,Urban
LP001002,Male,Yes,1,Not Graduate,No,77.0,3785.0,214.0,282.0,1.0,Rural
LP001516,Male,No,0,Not Graduate,Yes,0.0,336.0,118.0,443.0,1.0,Semiurban
LP001925,Male,Yes,0,Not Graduate,No,8206.0,0.0,228.0,389.0,1.0,Semiurban
LP002969,Female,Yes,2,Graduate,No,4914.0,5326.0,221.0,448.0,1.0,Rural
LP001219,Male,No,0,Graduate,Yes,4795.0,0.0,0.0,330.0,1.0,Urban
LP001164,Male,No,0,Graduate,No,1120.0,932.0,197.0,287.0,1.0,Semiurban
LP001977,Female,No,0,Not Graduate,Yes,10357.0,1752.0,242.0,340.0,1.0,Semiurban
LP001238,Female,No,1,Not Graduate,No,2793.0,1324.0,52.0,250.0,-0.0,Rural
LP002161,Male,Yes,2,Not Graduate,No,148.0,0.0,41.0,396.0,0.0,Urban
LP002950,Female,Yes,1,Graduate,No,14715.0,3946.0,159.0,306.0,1.0,Semiurban
LP002870,Female,No,2,Graduate,Yes,9118.0,0.0,265.0,368.0,1.0,Urban
LP001734,Female,No,1,Graduate,No,4951.0,4266.0,58.0,483.0,0.0,Rural
LP002885,Female,Yes,0,Not Graduate,No,0.0,4746.0,20.0,310.0,1.0,Rural
LP001472,Male,No,1,Graduate,No,3839.0,4058.0,107.0,342.0,1.0,Semiurban
LP002901,Female,No,1,Graduate,Yes,5057.0,775.0,97.0,312.0,0.0,Urban
LP002863,Male,No,2,Graduate,Yes,13516.0,1954.0,13.0,333.0,1.0,Urban
LP002911,Male,No,2,Graduate,Yes,0.0,0.0,97.0,327.0,1.0,Rural
LP001560,Male,Yes,1,Not Graduate,Yes,14066.0,1789.0,170.0,407.0,1.0,Rural
LP001352,Male,No,2,Not Graduate,Yes,7668.0,3312.0,286.0,400.0,1.0,Rural
LP001289,Female,Yes,2,Graduate,Yes,0.0,0.0,186.0,327.0,0.0,Rural
LP001380,Female,No,2,Graduate,No,10430.0,1237.0,205.0,350.0,1.0,Rural
LP001933,Female,No,3+,Not Graduate,No,3791.0,305.0,58.0,320.0,1.0,Semiurban
LP002911,Male,Yes,2,Not Graduate,No,0.0,4791.0,135.0,434.0,1.0,Semiurban
LP001789,Male,No,3+,Graduate,No,2649.0,0.0,125.0,176.0,-0.0,Urban
LP002925,Male,Yes,3+,Not Graduate,No,6632.0,3304.0,168.0,291.0,1.0,Semiurban
LP001546,Female,No,2,Not Graduate,Yes,5533.0,1458.0,189.0,370.0,1.0,Semiurban
LP002555,Male,No,1,Graduate,Yes,8844.0,1264.0,216.0,397.0,1.0,Semiurban
LP002935,Female,No,2,Not Graduate,Yes,11430.0,3386.0,145.0,425.0,1.0,Urban
LP002055,Female,No,0,Not Graduate,No,0.0,558.0,102.0,342.0,1.0,Semiurban
LP002978,Female,No,1,Not Graduate,Yes,5061.0,1883.0,237.0,304.0,1.0,Urban
LP002226,Female,Yes,3+,Not Graduate,No,1706.0,4623.0,199.0,340.0,1.0,Urban
LP001349,Male,Yes,3+,Graduate,Yes,0.0,0.0,190.0,405.0,1.0,Semiurban
LP002582,Female,No,1,Not Graduate,No,4885.0,2339.0,139.0,302.0,1.0,Semiurban
LP001176,Male,No,1,Not Graduate,Yes,7638.0,3998.0,237.0,338.0,1.0,Semiurban
LP002990,Female,Yes,2,Graduate,No,7974.0,2871.0,45.0,323.0,1.0,Rural
LP001038,Male,Yes,3+,Not Graduate,Yes,2929.0,5085.0,212.0,423.0,1.0,Urban
LP002449,Male,No,0,Graduate,No,0.0,1276.0,211.0,267.0,0.0,Urban
LP002536,Female,No,2,Graduate,Yes,1509.0,3427.0,73.0,178.0,1.0,Rural
LP002936,Female,Yes,1,Not Graduate,No,0.0,4600.0,90.0,334.0,1.0,Rural
LP002277,Female,No,3+,Not Graduate,No,0.0,0.0,43.0,383.0,0.0,Semiurban
LP001907,Male,Yes,1,Not Graduate,No,0.0,496.0,182.0,309.0,1.0,Rural
LP002321,Female,No,1,Not Graduate,No,9994.0,2633.0,0.0,223.0,1.0,Rural
LP002180,Female,Yes,1,Not Graduate,Yes,9989.0,4105.0,160.0,384.0,2.0,Rural
LP002097,Male,Yes,2,Graduate,Yes,17307.0,2264.0,83.0,313.0,0.0,Urban
LP001163,Female,No,0,Not Graduate,Yes,6548.0,5399.0,66.0,357.0,1.0,Rural
LP002126,Male,Yes,0,Graduate,No,2424.0,150.0,0.0,323.0,2.0,Semiurban
LP002148,Female,No,3+,Not Graduate,Yes,5248.0,0.0,74.0,198.0,1.0,Urban
LP002453,Male,No,1,Graduate,No,4216.0,3762.0,253.0,363.0,1.0,Urban
LP002949,Male,No,0,Not Graduate,Yes,1582.0,1295.0,87.0,379.0,1.0,Rural
LP001584,Female,No,1,Not Graduate,No,7002.0,0.0,175.0,330.0,1.0,Rural
LP001220,Male,Yes,3+,Not Graduate,Yes,6281.0,6247.0,58.0,269.0,1.0,Rural
LP001222,Female,No,1,Not Graduate,No,4709.0,3633.0,222.0,462.0,1.0,Rural
LP001255,Female,No,0,Not Graduate,No,3504.0,3372.0,189.0,368.0,1.0,Semiurban
LP001500,Male,No,1,Graduate,Yes,8779.0,5934.0,125.0,253.0,1.0,Rural
LP001504,Female,No,0,Not Graduate,Yes,2026.0,550.0,160.0,492.0,1.0,Semiurban
LP002654,Male,Yes,3+,Not Graduate,Yes,2884.0,5445.0,167.0,302.0,1.0,Rural
LP002644,Male,No,1,Not Graduate,No,7885.0,2740.0,65.0,429.0,1.0,Rural
LP002176,Male,Yes,0,Graduate,No,10940.0,0.0,80.0,385.0,1.0,Semiurban
LP002959,Male,Yes,3+,Not Graduate,No,10420.0,1583.0,214.0,365.0,1.0,Rural
LP002519,Male,Yes,1,Graduate,Yes,3701.0,2109.0,262.0,433.0,0.0,Urban
LP002341,Male,No,3+,Not Graduate,No,0.0,4627.0,154.0,224.0,1.0,Semiurban
LP001978,Male,No,0,Graduate,Yes,3531.0,0.0,196.0,379.0,1.0,Semiurban
LP001650,Male,No,1,Not Graduate,No,5598.0,0.0,236.0,320.0,1.0,Urban
LP002587,Female,No,1,Not Graduate,Yes,0.0,0.0,117.0,499.0,1.0,Semiurban
LP001936,Female,Yes,1,Graduate,No,3425.0,1418.0,137.0,217.0,1.0,Rural
LP002802,Male,Yes,3+,Not Graduate,No,12054.0,3544.0,198.0,363.0,1.0,Semiurban
LP001349,Female,No,3+,Graduate,Yes,6020.0,357.0,312.0,367.0,1.0,Semiurban
LP001877,Female,No,0,Not Graduate,No,2101.0,2736.0,201.0,303.0,1.0,Urban
LP002389,Female,No,2,Not Graduate,No,5344.0,5960.0,166.0,325.0,1.0,Semiurban
LP002920,Female,No,1,Graduate,Yes,5657.0,0.0,97.0,312.0,1.0,Rural
LP001056,Female,No,1,Not Graduate,No,3054.0,1232.0,138.0,279.0,1.0,Semiurban
LP002962,Female,No,0,Graduate,Yes,9579.0,8180.0,196.0,282.0,1.0,Semiurban
LP002270,Male,No,1,Graduate,Yes,0.0,0.0,187.0,332.0,1.0,Urban
LP002885,Female,Yes,3+,Not Graduate,No,7867.0,0.0,96.0,386.0,1.0,Urban
LP002805,Female,Yes,3+,Not Graduate,No,1916.0,3019.0,244.0,300.0,1.0,Semiurban
LP001909,Female,Yes,1,Not Graduate,No,11135.0,162.0,244.0,190.0,1.0,Rural
LP001005,Female,Yes,1,Graduate,Yes,0.0,4527.0,134.0,336.0,1.0,Urban
LP001275,Male,No,3+,Graduate,No,10525.0,8331.0,164.0,361.0,1.0,Urban
LP002017,Male,No,1,Not Graduate,Yes,685.0,1805.0,93.0,326.0,1.0,Rural
LP002082,Male,No,3+,Graduate,No,7014.0,9045.0,80.0,345.0,1.0,Urban
LP002107,Male,No,2,Graduate,No,2532.0,370.0,169.0,402.0,1.0,Semiurban
LP002444,Female,No,2,Graduate,Yes,11599.0,1146.0,82.0,338.0,1.0,Urban
LP002449,Male,Yes,1,Graduate,No,4092.0,0.0,193.0,395.0,1.0,Rural
LP002745,Male,No,1,Not Graduate,No,1062.0,378.0,112.0,362.0,1.0,Semiurban
LP001096,Male,Yes,1,Not Graduate,No,13148.0,953.0,224.0,281.0,1.0,Rural
LP001736,Male,No,3+,Not Graduate,No,3584.0,2727.0,136.0,415.0,1.0,Rural
LP001532,Female,Yes,2,Graduate,No,8151.0,0.0,0.0,254.0,1.0,Rural
LP001284,Male,No,2,Graduate,Yes,10528.0,195.0,114.0,206.0,1.0,Rural
LP001027,Female,Yes,0,Graduate,No,171.0,264.0,151.0,349.0,1.0,Urban
LP001478,Male,No,0,Graduate,Yes,7583.0,4031.0,8.0,381.0,1.0,Urban
LP001977,Female,No,1,Not Graduate,No,8353.0,1919.0,15.0,377.0,1.0,Urban
LP001940,Female,No,3+,Graduate,No,0.0,1920.0,128.0,264.0,1.0,Urban
LP002965,Male,No,1,Graduate,Yes,7020.0,1828.0,220.0,352.0,1.0,Semiurban
LP001963,Male,Yes,2,Not Graduate,No,3164.0,0.0,191.0,234.0,0.0,Urban
LP001660,Male,No,1,Not Graduate,No,14407.0,5972.0,141.0,365.0,1.0,Rural
LP001950,Male,Yes,1,Not Graduate,Yes,10112.0,0.0,76.0,348.0,1.0,Semiurban
LP001123,Female,No,2,Graduate,Yes,7680.0,4022.0,73.0,378.0,1.0,Urban
LP002816,Female,Yes,2,Graduate,No,0.0,990.0,193.0,394.0,1.0,Urban
LP002119,Male,No,2,Graduate,Yes,7714.0,0.0,158.0,377.0,1.0,Semiurban
LP002067,Male,No,2,Graduate,Yes,846.0,4440.0,209.0,256.0,1.0,Urban
LP002102,Female,Yes,0,Graduate,Yes,10155.0,0.0,236.0,309.0,1.0,Rural
LP002588,Male,No,3+,Graduate,Yes,4269.0,0.0,107.0,268.0,1.0,Rural
LP002178,Female,No,3+,Not Graduate,No,2224.0,2030.0,177.0,177.0,1.0,Rural
LP002542,Male,Yes,2,Graduate,No,2693.0,2111.0,187.0,391.0,1.0,Rural
LP002367,Female,No,3+,Not Graduate,Yes,3071.0,3830.0,89.0,384.0,0.0,Urban
LP001043,Female,Yes,3+,Not Graduate,No,0.0,3550.0,93.0,282.0,1.0,Rural
LP002308,Female,No,3+,Not Graduate,Yes,0.0,1413.0,198.0,291.0,0.0,Urban
LP001051,Female,Yes,3+,Graduate,No,3269.0,1886.0,143.0,340.0,1.0,Urban
LP002106,Female,Yes,2,Graduate,No,14036.0,1207.0,75.0,306.0,1.0,Urban
LP002105,Male,Yes,1,Not Graduate,Yes,9249.0,5457.0,79.0,414.0,1.0,Urban
LP001404,Female,Yes,1,Graduate,Yes,9759.0,0.0,43.0,317.0,1.0,Semiurban
LP001432,Male,No,1,Graduate,No,11998.0,1688.0,115.0,287.0,1.0,Semiurban
LP002284,Female,No,0,Not Graduate,No,6781.0,3694.0,63.0,370.0,1.0,Semiurban
LP002016,Female,Yes,3+,Graduate,No,2579.0,4620.0,150.0,283.0,1.0,Rural
LP002059,Male,No,2,Graduate,Yes,2839.0,0.0,319.0,388.0,0.0,Urban
LP001534,Male,No,2,Graduate,No,477.0,0.0,178.0,338.0,1.0,Urban
LP001155,Male,No,0,Graduate,Yes,9799.0,0.0,225.0,401.0,1.0,Rural
LP001950,Male,Yes,2,Not Graduate,Yes,0.0,669.0,174.0,407.0,1.0,Semiurban
LP002055,Female,No,1,Not Graduate,Yes,17085.0,2293.0,15.0,257.0,0.0,Urban
LP001995,Male,No,0,Graduate,No,38.0,318.0,152.0,346.0,0.0,Rural
LP001497,Female,Yes,2,Graduate,Yes,12144.0,3503.0,90.0,339.0,1.0,Semiurban
LP002505,Male,No,0,Graduate,No,12175.0,1424.0,79.0,335.0,1.0,Rural
LP001975,Male,Yes,0,Not Graduate,Yes,8736.0,3259.0,125.0,418.0,0.0,Rural
LP002056,Female,Yes,2,Graduate,No,14409.0,2002.0,191.0,341.0,1.0,Urban
LP002101,Female,Yes,1,Graduate,No,4062.0,0.0,119.0,252.0,1.0,Semiurban
LP002551,Male,No,2,Not Graduate,Yes,5910.0,0.0,209.0,312.0,0.0,Semiurban
LP002891,Female,No,3+,Graduate,Yes,6458.0,4748.0,157.0,297.0,0.0,Urban
LP002201,Female,Yes,3+,Not Graduate,No,8541.0,0.0,167.0,315.0,1.0,Semiurban
LP002821,Female,Yes,2,Graduate,No,0.0,3918.0,138.0,341.0,0.0,Rural
LP002582,Female,Yes,1,Not Graduate,Yes,4575.0,1945.0,242.0,297.0,1.0,Rural
LP002739,Female,Yes,3+,Graduate,Yes,10068.0,0.0,88.0,382.0,0.0,Rural
LP001312,Female,Yes,3+,Graduate,No,3062.0,3640.0,93.0,441.0,1.0,Urban
LP001742,Female,Yes,2,Not Graduate,No,16340.0,303.0,118.0,354.0,1.0,Semiurban
LP001536,Female,No,2,Not Graduate,Yes,5909.0,2014.0,181.0,393.0,1.0,Urban
LP001936,Male,Yes,2,Not Graduate,No,8110.0,1031.0,192.0,277.0,1.0,Urban
LP001187,Female,Yes,0,Not Graduate,Yes,14013.0,0.0,99.0,398.0,1.0,Urban
LP001507,Male,Yes,0,Not Graduate,Yes,5917.0,3434.0,212.0,431.0,1.0,Urban
LP001367,Female,No,0,Graduate,Yes,13920.0,3688.0,67.0,422.0,0.0,Semiurban
LP002347,Female,No,2,Not Graduate,Yes,8501.0,259.0,198.0,304.0,1.0,Rural
LP001313,Female,No,1,Not Graduate,No,8512.0,3348.0,170.0,423.0,1.0,Rural
LP001230,Female,No,3+,Not Graduate,Yes,116.0,0.0,144.0,457.0,0.0,Rural
LP001003,Male,Yes,0,Not Graduate,Yes,11481.0,0.0,179.0,306.0,1.0,Semiurban
LP002823,Male,No,1,Graduate,No,1726.0,2253.0,133.0,388.0,1.0,Semiurban
LP002925,Female,Yes,2,Graduate,No,4118.0,0.0,162.0,305.0,1.0,Semiurban
LP001176,Male,Yes,0,Graduate,Yes,12351.0,1251.0,329.0,254.0,1.0,Rural
LP001310,Female,Yes,2,Graduate,Yes,3091.0,0.0,212.0,328.0,1.0,Semiurban
LP002128,Female,Yes,1,Graduate,Yes,7160.0,0.0,101.0,306.0,1.0,Rural
LP002138,Male,Yes,0,Not Graduate,Yes,4873.0,2167.0,119.0,333.0,1.0,Rural
LP002472,Male,Yes,0,Graduate,Yes,5072.0,2192.0,236.0,174.0,1.0,Urban
LP001870,Female,No,0,Graduate,Yes,4329.0,1654.0,112.0,367.0,1.0,Semiurban
LP002139,Female,No,0,Not Graduate,No,0.0,812.0,274.0,327.0,1.0,Urban
LP001370,Male,No,1,Not Graduate,No,8284.0,0.0,202.0,391.0,1.0,Semiurban
LP002912,Female,No,0,Graduate,Yes,8791.0,0.0,38.0,312.0,2.0,Semiurban
LP001114,Male,No,3+,Graduate,No,1865.0,0.0,210.0,455.0,1.0,Urban
LP002610,Female,Yes,3+,Not Graduate,No,2661.0,0.0,0.0,314.0,0.0,Semiurban
LP001546,Female,No,2,Graduate,Yes,10379.0,4379.0,116.0,350.0,1.0,Semiurban
LP002894,Male,No,0,Not Graduate,No,3677.0,2230.0,209.0,278.0,1.0,Semiurban
LP002876,Male,No,3+,Not Graduate,No,5707.0,2581.0,0.0,349.0,1.0,Rural
LP002004,Male,Yes,3+,Graduate,Yes,159.0,0.0,300.0,360.0,1.0,Rural
LP001798,Female,Yes,3+,Graduate,Yes,4818.0,2107.0,217.0,305.0,1.0,Semiurban
LP002791,Female,Yes,1,Graduate,Yes,190.0,2518.0,67.0,392.0,1.0,Urban
LP002424,Female,No,0,Not Graduate,No,1734.0,5914.0,260.0,306.0,2.0,Rural
LP001954,Female,No,1,Not Graduate,Yes,828.0,1551.0,0.0,416.0,1.0,Rural
LP002856,Male,No,1,Graduate,No,10096.0,531.0,65.0,253.0,1.0,Semiurban
LP001106,Female,No,3+,Graduate,Yes,0.0,0.0,33.0,338.0,1.0,Rural
LP001273,Female,No,3+,Graduate,Yes,6699.0,1764.0,0.0,513.0,0.0,Urban
LP002447,Female,Yes,2,Not Graduate,Yes,3909.0,1072.0,117.0,186.0,1.0,Urban
LP002482,Male,No,0,Not Graduate,Yes,13132.0,4654.0,157.0,404.0,1.0,Urban
LP001886,Female,Yes,0,Not Graduate,No,9619.0,4054.0,155.0,363.0,0.0,Urban
LP002148,Female,No,3+,Graduate,No,0.0,0.0,153.0,322.0,1.0,Rural
LP002236,Male,Yes,3+,Not Graduate,Yes,1988.0,1542.0,147.0,414.0,1.0,Rural
LP001585,Female,Yes,0,Not Graduate,No,5101.0,8256.0,51.0,370.0,1.0,Urban
LP002211,Female,Yes,2,Graduate,Yes,1986.0,0.0,104.0,323.0,1.0,Rural
LP001366,Male,Yes,3+,Not Graduate,Yes,10353.0,1094.0,0.0,294.0,1.0,Semiurban
LP002170,Female,No,2,Graduate,No,6148.0,3648.0,226.0,315.0,1.0,Semiurban
LP002798,Female,No,1,Not Graduate,No,4079.0,956.0,150.0,326.0,0.0,Semiurban
LP002542,Female,No,3+,Graduate,Yes,10766.0,726.0,148.0,331.0,0.0,Semiurban
LP001497,Male,Yes,1,Graduate,Yes,0.0,325.0,203.0,290.0,0.0,Semiurban
LP002485,Female,No,3+,Not Graduate,Yes,3668.0,0.0,208.0,352.0,0.0,Urban
LP002657,Female,No,1,Graduate,No,6592.0,1142.0,115.0,300.0,1.0,Rural
LP001405,Male,No,3+,Not Graduate,Yes,4375.0,4391.0,133.0,351.0,1.0,Urban
LP001903,Male,No,2,Graduate,Yes,0.0,0.0,264.0,467.0,1.0,Urban
LP001587,Female,Yes,2,Graduate,Yes,7111.0,2327.0,97.0,398.0,1.0,Urban
LP001734,Female,Yes,2,Graduate,Yes,8043.0,4535.0,263.0,340.0,1.0,Rural
LP002599,Female,No,1,Not Graduate,Yes,0.0,1546.0,115.0,265.0,1.0,Semiurban
LP001066,Female,No,2,Graduate,Yes,0.0,457.0,0.0,351.0,1.0,Urban
LP002689,Male,No,1,Graduate,No,1320.0,3435.0,149.0,458.0,1.0,Rural
LP001950,Female,Yes,3+,Not Graduate,Yes,4021.0,0.0,115.0,277.0,1.0,Urban
LP001020,Male,Yes,1,Graduate,Yes,4550.0,2749.0,38.0,199.0,1.0,Rural
LP002223,Male,Yes,3+,Graduate,No,0.0,1149.0,136.0,363.0,2.0,Urban
LP001108,Female,No,0,Graduate,No,6337.0,1772.0,105.0,442.0,1.0,Semiurban
LP001128,Female,Yes,0,Graduate,Yes,11039.0,6160.0,288.0,421.0,0.0,Rural
LP001358,Male,Yes,0,Not Graduate,No,10629.0,4745.0,217.0,450.0,1.0,Urban
LP002898,Male,Yes,1,Graduate,Yes,12138.0,5630.0,68.0,258.0,1.0,Semiurban
LP001529,Female,Yes,0,Graduate,No,0.0,0.0,85.0,316.0,0.0,Semiurban
LP001561,Male,Yes,0,Not Graduate,No,10186.0,0.0,220.0,366.0,1.0,Rural
LP001146,Female,No,0,Graduate,Yes,0.0,2871.0,236.0,192.0,1.0,Semiurban
LP001532,Female,No,3+,Graduate,No,9675.0,2483.0,117.0,340.0,0.0,Rural
LP002354,Male,No,2,Not Graduate,Yes,981.0,0.0,105.0,308.0,0.0,Rural
LP001940,Male,No,1,Not Graduate,No,7185.0,2520.0,133.0,326.0,1.0,Semiurban
LP002888,Female,Yes,0,Not Graduate,Yes,13923.0,7168.0,165.0,360.0,1.0,Semiurban
LP001151,Male,No,3+,Not Graduate,No,10493.0,6760.0,199.0,320.0,1.0,Rural
LP001270,Female,No,2,Graduate,Yes,0.0,0.0,203.0,271.0,1.0,Semiurban
LP002717,Female,No,2,Not Graduate,Yes,0.0,3535.0,61.0,388.0,1.0,Rural
LP002983,Female,Yes,2,Graduate,Yes,9601.0,0.0,115.0,271.0,1.0,Semiurban
LP001199,Male,No,3+,Not Graduate,Yes,12694.0,1341.0,0.0,335.0,1.0,Rural
LP001577,Female,Yes,0,Graduate,No,7628.0,0.0,141.0,288.0,1.0,Semiurban
LP001677,Female,Yes,2,Not Graduate,Yes,2269.0,0.0,35.0,387.0,1.0,Semiurban
LP002344,Female,Yes,3+,Not Graduate,No,5418.0,4003.0,86.0,240.0,1.0,Urban
LP001514,Female,No,3+,Graduate,No,7643.0,2381.0,228.0,336.0,1.0,Urban
LP002644,Female,Yes,1,Not Graduate,Yes,4670.0,2809.0,173.0,362.0,1.0,Rural
LP001335,Female,No,3+,Not Graduate,Yes,0.0,3323.0,170.0,360.0,1.0,Urban
LP002932,Female,No,2,Not Graduate,No,11238.0,2138.0,143.0,412.0,1.0,Urban
LP002403,Female,No,2,Graduate,No,15877.0,0.0,251.0,396.0,1.0,Rural
LP001800,Female,Yes,3+,Not Graduate,No,13304.0,2174.0,94.0,372.0,1.0,Semiurban
LP002892,Female,Yes,2,Not Graduate,Yes,0.0,1010.0,155.0,213.0,1.0,Semiurban
LP001375,Female,No,3+,Graduate,Yes,11763.0,1082.0,151.0,380.0,1.0,Rural
LP002807,Male,Yes,2,Graduate,No,8473.0,0.0,116.0,421.0,1.0,Urban
LP002537,Female,Yes,1,Not Graduate,No,1437.0,0.0,308.0,292.0,1.0,Semiurban
LP001370,Female,Yes,0,Graduate,No,0.0,60.0,48.0,418.0,1.0,Urban
LP001751,Female,No,1,Graduate,Yes,4533.0,3085.0,0.0,401.0,1.0,Rural
LP001323,Male,Yes,1,Graduate,No,7251.0,1413.0,151.0,296.0,2.0,Urban
LP001105,Female,Yes,0,Not Graduate,No,0.0,6450.0,96.0,308.0,2.0,Rural
LP001237,Male,No,2,Not Graduate,No,12198.0,1424.0,0.0,280.0,1.0,Rural
LP002971,Female,Yes,0,Graduate,No,12060.0,2132.0,172.0,411.0,1.0,Semiurban
LP001242,Female,No,3+,Not Graduate,Yes,7845.0,1647.0,161.0,298.0,1.0,Rural
LP002379,Male,Yes,0,Graduate,No,0.0,0.0,229.0,299.0,1.0,Semiurban
LP002062,Female,Yes,1,Not Graduate,Yes,3687.0,1544.0,99.0,327.0,0.0,Rural
LP001220,Male,Yes,0,Graduate,Yes,9301.0,0.0,0.0,269.0,1.0,Semiurban
LP002345,Male,Yes,2,Not Graduate,No,8926.0,1416.0,70.0,374.0,1.0,Urban
LP002453,Female,Yes,1,Graduate,Yes,1199.0,0.0,0.0,323.0,1.0,Rural
LP001552,Female,Yes,3+,Not Graduate,No,2034.0,1413.0,258.0,414.0,1.0,Urban
LP002692,Female,No,2,Not Graduate,No,1052.0,2004.0,220.0,398.0,1.0,Rural
LP001203,Female,Yes,1,Graduate,No,3569.0,2200.0,242.0,448.0,1.0,Rural
LP002921,Male,Yes,3+,Not Graduate,No,2408.0,0.0,194.0,240.0,1.0,Rural
LP002926,Male,Yes,2,Not Graduate,No,1370.0,2909.0,34.0,259.0,1.0,Semiurban
LP001256,Female,No,3+,Not Graduate,Yes,4396.0,3394.0,111.0,342.0,1.0,Semiurban
LP002626,Male,No,0,Not Graduate,Yes,5408.0,0.0,204.0,350.0,0.0,Urban
LP002408,Male,No,0,Not Graduate,No,11371.0,4281.0,11.0,323.0,1.0,Urban
LP001843,Female,Yes,3+,Not Graduate,Yes,0.0,2115.0,177.0,449.0,1.0,Rural
LP002721,Male,Yes,0,Not Graduate,No,12124.0,1438.0,203.0,316.0,1.0,Urban
LP001857,Male,No,3+,Not Graduate,Yes,924.0,3146.0,318.0,373.0,1.0,Rural
LP002050,Female,No,2,Graduate,Yes,15776.0,6010.0,216.0,364.0,1.0,Rural
LP002057,Male,No,1,Not Graduate,No,9014.0,1219.0,179.0,303.0,0.0,Rural
LP001870,Female,Yes,3+,Graduate,Yes,8297.0,259.0,145.0,372.0,1.0,Semiurban
LP002941,Male,No,1,Not Graduate,Yes,4587.0,7259.0,185.0,342.0,1.0,Urban
LP001230,Female,Yes,1,Graduate,Yes,16929.0,1132.0,190.0,423.0,0.0,Semiurban
LP002212,Male,Yes,3+,Not Graduate,No,5005.0,2599.0,0.0,418.0,1.0,Rural
LP002788,Male,Yes,0,Graduate,Yes,13789.0,1131.0,159.0,178.0,1.0,Rural
LP002205,Female,No,2,Graduate,Yes,1908.0,0.0,0.0,242.0,1.0,Semiurban
LP001128,Female,Yes,1,Not Graduate,Yes,9261.0,766.0,0.0,333.0,1.0,Urban
LP001577,Female,No,2,Graduate,Yes,15990.0,4623.0,146.0,398.0,0.0,Semiurban
LP002790,Female,No,1,Not Graduate,Yes,350.0,0.0,180.0,350.0,1.0,Semiurban
LP001769,Male,No,3+,Not Graduate,Yes,7978.0,5186.0,40.0,369.0,1.0,Urban
LP002472,Male,No,0,Graduate,Yes,1157.0,3678.0,227.0,524.0,1.0,Rural
LP001908,Male,Yes,2,Not Graduate,Yes,7627.0,0.0,260.0,302.0,1.0,Urban
LP001452,Female,Yes,1,Graduate,Yes,15966.0,0.0,205.0,371.0,0.0,Urban
LP001972,Male,Yes,3+,Graduate,No,0.0,0.0,140.0,353.0,1.0,Semiurban
LP002717,Male,Yes,3+,Not Graduate,Yes,6068.0,491.0,166.0,398.0,0.0,Rural
LP002888,Female,No,1,Not Graduate,Yes,427.0,0.0,151.0,404.0,0.0,Rural
LP001726,Female,No,1,Not Graduate,Yes,4444.0,4918.0,159.0,378.0,1.0,Rural
LP001349,Male,No,1,Not Graduate,Yes,8718.0,0.0,63.0,433.0,1.0,Semiurban
LP002788,Female,No,0,Not Graduate,Yes,3482.0,0.0,114.0,429.0,1.0,Semiurban
LP001926,Male,Yes,1,Graduate,No,14143.0,5731.0,147.0,369.0,1.0,Urban
LP001577,Male,No,1,Graduate,No,7932.0,886.0,169.0,335.0,1.0,Urban
LP001055,Female,Yes,0,Not Graduate,No,0.0,2748.0,188.0,361.0,1.0,Semiurban
LP001106,Male,No,3+,Not Graduate,No,7001.0,2865.0,65.0,234.0,2.0,Urban
LP001695,Female,No,1,Not Graduate,Yes,13501.0,0.0,129.0,308.0,1.0,Semiurban
LP001662,Female,No,2,Graduate,Yes,8269.0,3784.0,122.0,279.0,1.0,Urban
LP002141,Male,No,3+,Graduate,Yes,6665.0,3269.0,294.0,400.0,0.0,Rural
LP001335,Male,Yes,2,Graduate,No,3485.0,3376.0,162.0,430.0,1.0,Semiurban
LP002570,Male,Yes,1,Not Graduate,No,4627.0,0.0,195.0,385.0,0.0,Urban
LP001248,Female,Yes,0,Not Graduate,No,5242.0,2382.0,220.0,334.0,1.0,Semiurban
LP001187,Male,Yes,0,Graduate,No,0.0,1132.0,209.0,294.0,1.0,Semiurban
LP002141,Female,No,0,Not Graduate,Yes,7821.0,1855.0,0.0,399.0,1.0,Urban
LP002542,Female,No,1,Not Graduate,Yes,10856.0,0.0,129.0,410.0,1.0,Urban
LP001241,Male,Yes,1,Graduate,No,920.0,1085.0,195.0,336.0,1.0,Semiurban
LP002364,Female,Yes,2,Graduate,Yes,6504.0,4258.0,153.0,346.0,1.0,Semiurban
LP001490,Male,No,0,Not Graduate,No,7194.0,0.0,13.0,319.0,1.0,Urban
LP001933,Male,No,1,Graduate,No,9795.0,607.0,62.0,369.0,1.0,Rural
LP002807,Male,Yes,3+,Not Graduate,No,5250.0,3339.0,74.0,317.0,1.0,Rural
LP002176,Male,Yes,1,Graduate,No,8253.0,0.0,168.0,337.0,1.0,Rural
LP001169,Male,Yes,1,Graduate,Yes,0.0,2690.0,161.0,266.0,1.0,Semiurban
LP002867,Male,No,3+,Not Graduate,Yes,0.0,2877.0,260.0,359.0,1.0,Rural
LP002670,Male,Yes,0,Not Graduate,No,7635.0,1186.0,143.0,456.0,0.0,Semiurban
LP002368,Female,Yes,3+,Graduate,No,3872.0,2421.0,158.0,365.0,1.0,Urban
LP002739,Male,Yes,0,Not Graduate,Yes,0.0,6030.0,39.0,410.0,1.0,Rural
LP001552,Female,Yes,3+,Graduate,Yes,7159.0,0.0,130.0,392.0,1.0,Urban
LP001519,Female,Yes,2,Not Graduate,No,0.0,0.0,319.0,334.0,1.0,Rural
LP001906,Female,No,0,Graduate,No,20571.0,448.0,169.0,341.0,1.0,Rural
LP001761,Male,Yes,1,Graduate,No,0.0,0.0,99.0,307.0,1.0,Urban
LP001501,Female,No,2,Graduate,No,5480.0,2649.0,175.0,406.0,1.0,Urban
LP002813,Female,Yes,0,Not Graduate,No,0.0,363.0,223.0,373.0,0.0,Semiurban
LP001228,Male,Yes,0,Graduate,Yes,10396.0,3269.0,181.0,407.0,1.0,Urban
LP002096,Male,Yes,0,Graduate,Yes,2885.0,2394.0,207.0,349.0,1.0,Semiurban
LP002226,Female,No,3+,Graduate,No,10948.0,0.0,217.0,226.0,1.0,Semiurban
LP001197,Male,No,0,Graduate,No,9550.0,0.0,155.0,295.0,1.0,Urban
LP001859,Male,No,1,Not Graduate,No,0.0,0.0,168.0,407.0,1.0,Rural
LP002116,Male,Yes,0,Not Graduate,No,1038.0,4460.0,96.0,329.0,1.0,Rural
LP002253,Male,Yes,1,Graduate,Yes,3218.0,3028.0,95.0,411.0,1.0,Rural
LP001465,Female,No,1,Graduate,Yes,4795.0,485.0,136.0,434.0,1.0,Urban
LP001589,Male,No,1,Not Graduate,No,4061.0,3250.0,40.0,403.0,1.0,Rural
LP001585,Male,Yes,2,Graduate,Yes,9326.0,0.0,171.0,400.0,1.0,Semiurban
LP001857,Male,No,1,Not Graduate,No,6512.0,0.0,81.0,167.0,1.0,Urban
LP002990,Female,Yes,3+,Graduate,No,1691.0,0.0,156.0,327.0,1.0,Semiurban
LP001699,Female,No,0,Not Graduate,Yes,0.0,2354.0,183.0,342.0,1.0,Rural
LP002057,Male,No,3+,Graduate,No,533.0,0.0,41.0,400.0,2.0,Rural
LP002142,Male,No,2,Not Graduate,Yes,7059.0,0.0,174.0,350.0,1.0,Rural
LP002515,Female,Yes,0,Not Graduate,No,4080.0,1850.0,0.0,245.0,0.0,Semiurban
LP002042,Male,Yes,1,Not Graduate,No,17027.0,3160.0,188.0,246.0,2.0,Rural
LP001401,Male,No,0,Graduate,No,5178.0,1232.0,189.0,311.0,1.0,Semiurban
LP001871,Female,Yes,2,Not Graduate,No,6255.0,4701.0,194.0,517.0,0.0,Urban
LP001242,Male,Yes,2,Not Graduate,Yes,0.0,3785.0,169.0,360.0,1.0,Urban
LP002096,Male,Yes,3+,Graduate,No,0.0,4643.0,102.0,376.0,1.0,Urban
LP002409,Female,Yes,0,Graduate,Yes,0.0,3733.0,105.0,246.0,1.0,Rural
LP002772,Female,No,0,Graduate,Yes,2144.0,2243.0,95.0,414.0,0.0,Semiurban
LP002448,Male,Yes,0,Graduate,No,0.0,0.0,222.0,322.0,1.0,Rural
LP002294,Female,Yes,3+,Not Graduate,Yes,0.0,661.0,273.0,440.0,0.0,Urban
LP002529,Male,No,2,Graduate,No,8967.0,209.0,149.0,261.0,1.0,Urban
LP001925,Male,Yes,1,Graduate,Yes,283.0,0.0,66.0,336.0,1.0,Rural
LP001974,Male,Yes,0,Graduate,Yes,4946.0,39.0,121.0,309.0,0.0,Rural
LP002002,Female,Yes,3+,Graduate,No,8552.0,0.0,218.0,384.0,1.0,Rural
LP001698,Female,No,3+,Graduate,No,10571.0,4005.0,185.0,406.0,1.0,Semiurban
LP001035,Male,No,1,Graduate,Yes,6846.0,0.0,145.0,301.0,-0.0,Rural
LP002429,Male,Yes,2,Graduate,No,7189.0,3813.0,122.0,395.0,1.0,Urban
LP001313,Female,Yes,0,Not Graduate,No,10745.0,5209.0,12.0,435.0,1.0,Urban
LP001108,Female,No,0,Not Graduate,Yes,7539.0,0.0,126.0,406.0,1.0,Semiurban
LP001186,Female,No,3+,Not Graduate,Yes,11077.0,94.0,113.0,305.0,1.0,Rural
LP002630,Male,No,2,Not Graduate,No,0.0,2957.0,110.0,315.0,0.0,Semiurban
LP001027,Female,Yes,0,Not Graduate,Yes,4703.0,415.0,164.0,328.0,1.0,Rural
LP001226,Female,Yes,1,Graduate,No,5497.0,0.0,278.0,404.0,1.0,Urban
LP002287,Male,No,2,Graduate,No,4508.0,2801.0,144.0,370.0,1.0,Rural
LP002609,Male,Yes,2,Graduate,Yes,5881.0,0.0,189.0,260.0,1.0,Rural
LP001187,Male,Yes,3+,Graduate,No,2854.0,7414.0,138.0,341.0,1.0,Urban
LP002986,Female,Yes,3+,Not Graduate,Yes,9673.0,3129.0,138.0,449.0,0.0,Urban
LP002652,Male,Yes,0,Not Graduate,No,2130.0,3422.0,231.0,406.0,0.0,Urban
LP001221,Male,Yes,3+,Graduate,No,3940.0,1358.0,171.0,303.0,1.0,Rural
LP002743,Male,Yes,2,Graduate,No,13404.0,6667.0,203.0,242.0,1.0,Semiurban
LP001786,Male,Yes,0,Not Graduate,Yes,12609.0,0.0,239.0,310.0,1.0,Rural
LP001907,Female,No,0,Not Graduate,Yes,6078.0,3670.0,171.0,342.0,1.0,Semiurban
LP002131,Male,No,2,Not Graduate,No,1553.0,0.0,161.0,315.0,1.0,Rural
LP001083,Female,No,0,Graduate,Yes,0.0,7838.0,200.0,278.0,1.0,Rural
LP001356,Female,No,1,Graduate,Yes,4432.0,3831.0,92.0,380.0,0.0,Rural
LP001099,Female,No,1,Not Graduate,No,8074.0,0.0,94.0,187.0,1.0,Rural
LP002670,Male,No,0,Not Graduate,Yes,1073.0,3031.0,84.0,415.0,1.0,Semiurban
LP002986,Female,No,3+,Graduate,Yes,5214.0,4491.0,105.0,391.0,1.0,Rural
LP002402,Male,No,1,Graduate,Yes,3195.0,0.0,51.0,370.0,1.0,Urban
LP001819,Male,No,0,Graduate,No,0.0,350.0,14.0,381.0,1.0,Urban
LP002178,Male,Yes,1,Graduate,No,5847.0,0.0,79.0,324.0,1.0,Rural
LP002051,Female,Yes,3+,Not Graduate,Yes,7658.0,2904.0,0.0,340.0,1.0,Semiurban
LP001108,Male,No,2,Not Graduate,No,6088.0,2097.0,164.0,438.0,1.0,Urban
LP001924,Male,Yes,0,Not Graduate,Yes,14363.0,1687.0,150.0,332.0,1.0,Urban
LP001519,Male,Yes,0,Graduate,No,3347.0,0.0,200.0,367.0,1.0,Urban
LP001273,Female,No,0,Graduate,Yes,2894.0,1039.0,70.0,377.0,1.0,Rural
LP002901,Female,No,0,Graduate,No,17518.0,0.0,181.0,349.0,0.0,Urban
LP002305,Female,No,0,Not Graduate,Yes,0.0,2920.0,80.0,328.0,1.0,Semiurban
LP002975,Male,Yes,0,Not Graduate,No,1650.0,0.0,202.0,228.0,1.0,Semiurban
LP002455,Female,Yes,3+,Not Graduate,Yes,7236.0,0.0,1.0,395.0,1.0,Semiurban
LP001667,Male,No,2,Graduate,No,11588.0,3819.0,124.0,412.0,2.0,Urban
LP002046,Male,Yes,3+,Graduate,No,10504.0,406.0,112.0,347.0,1.0,Urban
LP001560,Female,Yes,3+,Not Graduate,No,0.0,6389.0,204.0,423.0,1.0,Semiurban
LP001959,Male,Yes,2,Graduate,Yes,14449.0,2135.0,203.0,367.0,1.0,Urban
LP002473,Female,No,3+,Not Graduate,Yes,7823.0,0.0,237.0,215.0,1.0,Semiurban
LP002777,Male,Yes,1,Not Graduate,Yes,513.0,0.0,0.0,274.0,1.0,Rural
LP002602,Female,Yes,3+,Not Graduate,No,993.0,0.0,258.0,310.0,0.0,Rural
LP001652,Male,Yes,0,Not Graduate,Yes,5587.0,3621.0,71.0,302.0,0.0,Rural
LP002626,Male,Yes,1,Graduate,No,17438.0,3345.0,275.0,347.0,1.0,Urban
LP001219,Male,Yes,1,Graduate,No,6390.0,287.0,315.0,282.0,1.0,Rural
LP002059,Male,Yes,2,Graduate,No,17385.0,4952.0,235.0,453.0,1.0,Rural
LP002534,Male,Yes,3+,Graduate,Yes,10181.0,2496.0,76.0,202.0,1.0,Semiurban
LP001268,Female,No,3+,Graduate,No,0.0,734.0,46.0,337.0,0.0,Semiurban
LP001392,Male,No,1,Graduate,Yes,13196.0,4791.0,88.0,293.0,1.0,Semiurban
LP001737,Female,Yes,3+,Not Graduate,Yes,0.0,0.0,187.0,257.0,1.0,Rural
LP002874,Female,No,3+,Graduate,No,1677.0,3111.0,60.0,381.0,1.0,Semiurban
LP002161,Female,Yes,2,Graduate,Yes,6750.0,3389.0,0.0,276.0,1.0,Rural
LP002115,Male,Yes,1,Graduate,No,5018.0,3283.0,226.0,345.0,1.0,Urban
LP001857,Male,Yes,0,Not Graduate,No,10268.0,1179.0,96.0,280.0,0.0,Rural
LP001815,Male,No,1,Graduate,Yes,8037.0,3970.0,213.0,218.0,0.0,Semiurban
LP002921,Female,Yes,2,Not Graduate,No,4508.0,6609.0,202.0,328.0,1.0,Semiurban
LP002443,Male,Yes,2,Graduate,No,14855.0,1180.0,158.0,362.0,1.0,Semiurban
LP002279,Male,No,2,Graduate,No,2477.0,1785.0,207.0,303.0,1.0,Semiurban
LP002212,Female,No,3+,Graduate,Yes,0.0,4117.0,257.0,428.0,1.0,Urban
LP001630,Female,Yes,1,Not Graduate,Yes,7818.0,880.0,202.0,361.0,1.0,Urban
LP001466,Female,No,3+,Not Graduate,Yes,5076.0,805.0,204.0,389.0,1.0,Rural
LP002308,Female,No,3+,Graduate,No,6577.0,0.0,173.0,299.0,1.0,Semiurban
LP001287,Female,Yes,1,Graduate,No,9384.0,0.0,109.0,301.0,1.0,Urban
LP001665,Female,Yes,2,Graduate,Yes,4126.0,0.0,166.0,320.0,1.0,Urban
LP002494,Male,Yes,0,Not Graduate,Yes,15765.0,3947.0,159.0,319.0,1.0,Urban
LP002002,Female,No,0,Not Graduate,Yes,6689.0,0.0,180.0,312.0,1.0,Semiurban
LP001868,Male,No,1,Graduate,Yes,2615.0,2925.0,168.0,270.0,1.0,Urban
LP002345,Male,No,1,Not Graduate,Yes,8538.0,5640.0,107.0,394.0,1.0,Semiurban
LP002305,Male,Yes,2,Not Graduate,No,4693.0,2033.0,231.0,247.0,1.0,Urban
LP002793,Female,No,1,Not Graduate,Yes,5825.0,0.0,102.0,383.0,1.0,Urban
LP001504,Male,No,1,Not Graduate,No,0.0,1242.0,173.0,396.0,-0.0,Semiurban
LP002116,Female,Yes,2,Graduate,No,0.0,2635.0,182.0,324.0,1.0,Semiurban
LP002031,Female,Yes,2,Graduate,No,11226.0,2649.0,61.0,507.0,1.0,Semiurban
LP001345,Male,Yes,3+,Not Graduate,No,0.0,1920.0,263.0,343.0,1.0,Urban
LP001807,Female,No,1,Not Graduate,Yes,4483.0,3319.0,139.0,323.0,1.0,Rural
LP002556,Male,Yes,0,Not Graduate,No,7036.0,4320.0,66.0,326.0,1.0,Rural
LP001027,Male,No,1,Graduate,Yes,13227.0,297.0,143.0,413.0,1.0,Semiurban
LP001790,Female,No,0,Graduate,No,2439.0,5421.0,67.0,325.0,1.0,Semiurban
LP002807,Male,Yes,0,Not Graduate,Yes,9502.0,2498.0,98.0,384.0,0.0,Rural
LP001120,Male,Yes,0,Not Graduate,Yes,4493.0,0.0,96.0,254.0,0.0,Rural
LP001347,Male,Yes,3+,Not Graduate,No,0.0,1091.0,132.0,352.0,1.0,Semiurban
LP002936,Female,Yes,2,Not Graduate,Yes,5442.0,1130.0,248.0,406.0,1.0,Semiurban
LP002369,Male,Yes,2,Graduate,No,4799.0,4539.0,151.0,340.0,1.0,Semiurban
LP002057,Female,No,3+,Graduate,Yes,7601.0,22.0,155.0,293.0,0.0,Rural
LP001543,Female,No,2,Graduate,No,1520.0,2007.0,106.0,324.0,1.0,Rural
LP001720,Male,No,3+,Graduate,No,2127.0,0.0,164.0,249.0,0.0,Rural
LP001313,Male,Yes,1,Graduate,Yes,12020.0,0.0,140.0,402.0,1.0,Semiurban
LP002484,Female,No,3+,Graduate,Yes,3265.0,3769.0,136.0,422.0,1.0,Urban
LP001482,Female,Yes,2,Not Graduate,No,0.0,0.0,197.0,334.0,1.0,Rural
LP001228,Male,Yes,2,Not Graduate,No,7973.0,4228.0,70.0,441.0,1.0,Urban
LP002310,Male,No,1,Graduate,Yes,10092.0,4701.0,241.0,390.0,0.0,Urban
LP001013,Female,No,3+,Graduate,No,10042.0,4977.0,0.0,343.0,1.0,Rural
LP002843,Female,Yes,1,Graduate,No,1675.0,5803.0,135.0,430.0,1.0,Rural
LP002699,Female,No,0,Not Graduate,No,5181.0,3709.0,248.0,389.0,1.0,Rural
LP001248,Female,Yes,3+,Not Graduate,Yes,8205.0,2759.0,236.0,420.0,1.0,Semiurban
LP002284,Female,No,1,Not Graduate,No,10669.0,3287.0,155.0,433.0,2.0,Urban
LP002301,Male,No,1,Not Graduate,No,8039.0,1796.0,80.0,327.0,1.0,Urban
LP001332,Female,No,2,Graduate,Yes,9597.0,586.0,132.0,387.0,1.0,Urban
LP002874,Female,No,3+,Not Graduate,No,1010.0,3696.0,343.0,216.0,0.0,Urban
LP002354,Male,No,0,Graduate,No,0.0,2823.0,197.0,267.0,1.0,Semiurban
LP001465,Male,Yes,0,Not Graduate,No,11181.0,3995.0,11.0,375.0,1.0,Rural
LP002769,Female,No,3+,Not Graduate,No,0.0,1035.0,149.0,366.0,1.0,Rural
LP002494,Female,No,3+,Not Graduate,Yes,4204.0,1274.0,96.0,280.0,1.0,Semiurban
LP001692,Male,No,1,Not Graduate,No,9781.0,2177.0,44.0,318.0,1.0,Rural
LP001979,Female,Yes,2,Graduate,No,5332.0,1258.0,180.0,365.0,1.0,Urban
LP002975,Female,Yes,2,Graduate,No,9182.0,9328.0,67.0,342.0,0.0,Semiurban
LP001853,Male,Yes,2,Graduate,No,19160.0,6861.0,262.0,327.0,1.0,Semiurban
LP001875,Female,Yes,3+,Graduate,No,8321.0,1614.0,246.0,250.0,0.0,Urban
LP002734,Male,Yes,2,Graduate,Yes,1030.0,1246.0,86.0,365.0,1.0,Semiurban
LP002885,Male,No,1,Graduate,Yes,0.0,2815.0,81.0,330.0,0.0,Urban
LP002016,Male,No,3+,Graduate,No,9034.0,434.0,195.0,484.0,1.0,Semiurban
LP001841,Male,No,3+,Not Graduate,No,5644.0,389.0,221.0,434.0,1.0,Rural
LP002148,Female,Yes,2,Graduate,Yes,0.0,1719.0,123.0,351.0,1.0,Urban
LP001931,Male,Yes,0,Not Graduate,Yes,11895.0,592.0,218.0,216.0,1.0,Rural
LP001570,Female,No,0,Graduate,Yes,9304.0,2102.0,271.0,500.0,1.0,Semiurban
LP001325,Female,Yes,1,Not Graduate,No,5114.0,2608.0,168.0,395.0,1.0,Semiurban
LP001943,Female,Yes,2,Graduate,No,17634.0,0.0,63.0,306.0,0.0,Semiurban
LP002195,Female,Yes,2,Not Graduate,No,11007.0,0.0,203.0,400.0,1.0,Semiurban
LP001384,Female,No,3+,Graduate,No,0.0,0.0,154.0,394.0,1.0,Semiurban
LP002106,Male,No,3+,Graduate,No,11858.0,2362.0,118.0,300.0,1.0,Rural
LP002148,Male,Yes,2,Graduate,No,6632.0,0.0,201.0,282.0,1.0,Urban
LP001788,Male,Yes,3+,Graduate,Yes,15962.0,7883.0,236.0,390.0,1.0,Semiurban
LP002226,Male,Yes,2,Not Graduate,Yes,10550.0,4034.0,157.0,412.0,1.0,Semiurban
LP002393,Female,Yes,1,Graduate,No,7938.0,6926.0,0.0,363.0,1.0,Semiurban
LP002570,Male,No,3+,Graduate,No,7614.0,4049.0,152.0,359.0,1.0,Rural
LP002537,Female,Yes,2,Not Graduate,No,0.0,0.0,160.0,430.0,1.0,Semiurban
LP002790,Female,No,3+,Graduate,Yes,2264.0,0.0,343.0,332.0,1.0,Semiurban
LP002584,Male,No,1,Not Graduate,Yes,6366.0,212.0,153.0,154.0,1.0,Semiurban
LP001052,Male,No,3+,Not Graduate,Yes,0.0,0.0,129.0,377.0,0.0,Urban
LP001211,Male,Yes,2,Graduate,Yes,7840.0,4542.0,196.0,417.0,1.0,Urban
LP001404,Male,No,3+,Graduate,No,947.0,1171.0,119.0,373.0,1.0,Semiurban
LP002536,Female,No,3+,Not Graduate,Yes,2941.0,2160.0,89.0,259.0,1.0,Urban
LP002262,Female,Yes,2,Graduate,Yes,9227.0,5344.0,19.0,300.0,1.0,Semiurban
LP002654,Male,Yes,0,Not Graduate,No,2014.0,6840.0,96.0,333.0,1.0,Semiurban
LP002891,Female,Yes,3+,Graduate,No,7854.0,864.0,0.0,256.0,1.0,Urban
LP002734,Female,No,3+,Graduate,No,6005.0,0.0,164.0,305.0,1.0,Urban
LP001263,Female,Yes,1,Not Graduate,Yes,0.0,0.0,159.0,433.0,1.0,Semiurban
LP002888,Male,No,0,Graduate,No,10199.0,4727.0,196.0,277.0,1.0,Urban
LP001586,Female,No,1,Graduate,Yes,10492.0,2324.0,63.0,323.0,1.0,Urban
LP002867,Male,Yes,2,Graduate,Yes,10801.0,0.0,31.0,389.0,1.0,Urban
LP001027,Male,No,2,Not Graduate,Yes,16044.0,3527.0,302.0,237.0,1.0,Rural
LP002046,Female,No,1,Graduate,Yes,2838.0,0.0,136.0,430.0,0.0,Rural
LP001449,Female,No,3+,Not Graduate,No,0.0,0.0,197.0,302.0,1.0,Rural
LP002964,Male,No,0,Graduate,No,1438.0,0.0,153.0,274.0,1.0,Rural
LP001318,Female,Yes,1,Not Graduate,Yes,10644.0,0.0,200.0,433.0,1.0,Rural
LP001211,Female,No,1,Graduate,No,4716.0,4748.0,160.0,399.0,1.0,Semiurban
LP002753,Male,Yes,2,Graduate,Yes,0.0,1051.0,80.0,275.0,1.0,Urban
LP002298,Male,No,3+,Not Graduate,Yes,0.0,1510.0,184.0,317.0,1.0,Rural
LP002720,Male,No,0,Graduate,No,13269.0,2110.0,166.0,361.0,1.0,Urban
LP001230,Male,Yes,1,Not Graduate,No,8646.0,0.0,12.0,321.0,0.0,Semiurban
LP002176,Female,No,0,Graduate,Yes,2351.0,298.0,165.0,426.0,1.0,Urban
LP002434,Female,No,0,Not Graduate,No,15901.0,559.0,113.0,398.0,0.0,Urban
LP002250,Male,No,1,Graduate,Yes,20266.0,0.0,91.0,147.0,1.0,Semiurban
LP001321,Male,No,0,Not Graduate,No,11073.0,281.0,218.0,288.0,1.0,Semiurban
LP002358,Male,No,2,Graduate,Yes,9482.0,1271.0,137.0,307.0,1.0,Urban
LP001123,Female,No,3+,Not Graduate,Yes,8188.0,928.0,139.0,312.0,1.0,Urban
LP001843,Male,Yes,3+,Not Graduate,No,10053.0,2780.0,149.0,371.0,1.0,Semiurban
LP001465,Female,Yes,3+,Graduate,No,16333.0,282.0,140.0,416.0,1.0,Rural
LP001199,Male,Yes,2,Not Graduate,Yes,0.0,5802.0,135.0,301.0,1.0,Rural
LP001268,Male,No,2,Not Graduate,No,3249.0,0.0,255.0,269.0,0.0,Rural
LP002500,Male,No,2,Graduate,No,4908.0,160.0,90.0,321.0,1.0,Rural
LP001925,Female,No,3+,Graduate,Yes,8451.0,2673.0,8.0,201.0,0.0,Urban
LP002670,Female,Yes,0,Graduate,Yes,14095.0,3281.0,146.0,388.0,1.0,Rural
LP002500,Female,No,2,Graduate,No,7531.0,0.0,70.0,334.0,1.0,Rural
LP002766,Male,Yes,1,Graduate,No,8741.0,1323.0,58.0,315.0,1.0,Semiurban
LP001911,Female,No,2,Graduate,Yes,9034.0,3776.0,141.0,356.0,1.0,Semiurban
LP002128,Female,No,1,Not Graduate,Yes,5311.0,0.0,164.0,282.0,1.0,Semiurban
LP001169,Male,No,3+,Not Graduate,Yes,2810.0,1363.0,129.0,319.0,0.0,Semiurban
LP002229,Male,Yes,1,Not Graduate,Yes,5605.0,0.0,107.0,298.0,1.0,Urban
LP001921,Female,No,2,Graduate,Yes,1454.0,0.0,127.0,219.0,1.0,Urban
LP001400,Female,Yes,2,Graduate,Yes,1551.0,1835.0,139.0,342.0,1.0,Urban
LP001841,Female,No,0,Not Graduate,Yes,7276.0,1011.0,142.0,506.0,2.0,Rural
LP002754,Female,No,3+,Not Graduate,Yes,2456.0,0.0,4.0,344.0,0.0,Rural
LP001194,Male,Yes,1,Graduate,No,15697.0,4923.0,210.0,292.0,2.0,Urban
LP002487,Male,No,3+,Not Graduate,No,6014.0,695.0,30.0,346.0,2.0,Rural
LP002459,Male,No,2,Graduate,No,12921.0,3097.0,91.0,271.0,1.0,Rural
LP001267,Female,No,0,Graduate,Yes,0.0,5685.0,22.0,303.0,1.0,Rural
LP002599,Female,No,2,Not Graduate,No,0.0,0.0,155.0,314.0,1.0,Rural
LP001334,Male,Yes,2,Graduate,Yes,4547.0,3276.0,87.0,306.0,1.0,Rural
LP001519,Male,Yes,2,Graduate,No,10515.0,2731.0,128.0,323.0,1.0,Semiurban
LP002086,Female,No,1,Graduate,Yes,2389.0,0.0,85.0,387.0,1.0,Urban
LP001536,Female,No,2,Graduate,Yes,4608.0,4884.0,61.0,316.0,1.0,Urban
LP001647,Male,Yes,3+,Not Graduate,No,10874.0,1876.0,0.0,323.0,1.0,Rural
LP002582,Male,No,3+,Graduate,Yes,2970.0,153.0,97.0,217.0,1.0,Rural
LP002450,Male,Yes,0,Graduate,No,866.0,0.0,49.0,256.0,0.0,Semiurban
LP001870,Female,No,3+,Not Graduate,No,9214.0,0.0,183.0,348.0,1.0,Urban
LP001264,Female,Yes,2,Graduate,No,0.0,1307.0,304.0,417.0,1.0,Semiurban
LP002287,Female,Yes,2,Graduate,No,3052.0,0.0,284.0,330.0,1.0,Semiurban
LP001822,Female,Yes,3+,Not Graduate,No,5831.0,3322.0,136.0,337.0,1.0,Urban
LP002974,Female,Yes,0,Not Graduate,No,8193.0,571.0,81.0,250.0,1.0,Semiurban
LP001864,Female,No,0,Graduate,No,9865.0,0.0,0.0,289.0,1.0,Semiurban
LP001867,Male,No,3+,Graduate,No,10753.0,0.0,110.0,358.0,1.0,Urban
LP001015,Male,Yes,1,Not Graduate,No,3457.0,0.0,72.0,421.0,1.0,Urban
LP002784,Female,Yes,1,Graduate,Yes,10633.0,0.0,85.0,355.0,1.0,Urban
LP001961,Male,Yes,1,Graduate,Yes,8062.0,0.0,16.0,334.0,1.0,Semiurban
LP001345,Female,Yes,1,Graduate,No,9287.0,1872.0,197.0,359.0,2.0,Rural
LP002158,Male,No,3+,Not Graduate,Yes,1570.0,0.0,182.0,276.0,0.0,Rural
LP002225,Female,Yes,0,Graduate,Yes,8968.0,6704.0,72.0,282.0,1.0,Rural
LP002123,Male,Yes,2,Not Graduate,No,4310.0,4301.0,209.0,327.0,1.0,Semiurban
LP001736,Male,Yes,2,Not Graduate,No,5452.0,6038.0,147.0,267.0,0.0,Semiurban
LP002123,Female,Yes,3+,Not Graduate,Yes,6120.0,3547.0,184.0,388.0,1.0,Rural
LP002347,Female,Yes,2,Not Graduate,No,17215.0,12.0,202.0,403.0,1.0,Urban
LP001432,Male,Yes,1,Graduate,No,0.0,2483.0,171.0,324.0,1.0,Urban
LP002357,Male,Yes,0,Not Graduate,No,11953.0,779.0,79.0,391.0,1.0,Semiurban
LP001765,Female,No,3+,Graduate,Yes,13326.0,2528.0,224.0,439.0,0.0,Rural
LP001400,Male,Yes,0,Not Graduate,No,9882.0,4025.0,202.0,368.0,1.0,Semiurban
LP001207,Female,Yes,3+,Not Graduate,Yes,2130.0,3226.0,203.0,401.0,1.0,Semiurban
LP002543,Female,Yes,3+,Graduate,No,14842.0,1625.0,40.0,337.0,1.0,Rural
LP001094,Male,No,3+,Not Graduate,No,3289.0,1781.0,29.0,401.0,1.0,Semiurban
LP001471,Female,No,3+,Not Graduate,Yes,9093.0,2199.0,260.0,334.0,1.0,Urban
LP002862,Male,No,0,Graduate,No,5868.0,4608.0,93.0,297.0,1.0,Urban
LP001853,Male,Yes,2,Not Graduate,Yes,3077.0,271.0,162.0,387.0,1.0,Rural
LP002537,Female,Yes,3+,Not Graduate,Yes,8293.0,899.0,236.0,357.0,1.0,Semiurban
LP002683,Male,Yes,1,Not Graduate,No,15883.0,222.0,269.0,393.0,1.0,Urban
LP001535,Female,No,3+,Graduate,No,6640.0,1975.0,187.0,294.0,1.0,Rural
LP001318,Female,Yes,0,Not Graduate,Yes,16447.0,3333.0,102.0,363.0,1.0,Rural
LP002699,Female,No,3+,Graduate,Yes,4136.0,2417.0,120.0,404.0,1.0,Rural
LP002453,Male,No,1,Graduate,No,5621.0,1445.0,171.0,313.0,1.0,Semiurban
LP001662,Female,No,0,Graduate,No,0.0,4519.0,156.0,394.0,1.0,Rural
LP002943,Male,No,3+,Not Graduate,No,2003.0,0.0,87.0,445.0,1.0,Semiurban
LP001177,Female,No,1,Not Graduate,No,3936.0,0.0,0.0,304.0,1.0,Rural
LP002634,Female,Yes,0,Not Graduate,No,3306.0,2476.0,86.0,359.0,1.0,Semiurban
LP001636,Female,Yes,3+,Not Graduate,Yes,0.0,1492.0,126.0,456.0,1.0,Urban
LP002237,Male,No,1,Graduate,Yes,841.0,1148.0,142.0,249.0,1.0,Semiurban
LP002862,Male,Yes,0,Graduate,Yes,3548.0,0.0,275.0,369.0,1.0,Urban
LP001607,Female,Yes,3+,Not Graduate,Yes,11937.0,2142.0,225.0,387.0,1.0,Urban
LP002301,Female,No,0,Not Graduate,No,0.0,6482.0,107.0,344.0,1.0,Rural
LP001813,Male,No,1,Graduate,Yes,0.0,0.0,182.0,488.0,1.0,Urban
LP001663,Male,Yes,3+,Not Graduate,No,0.0,1175.0,0.0,374.0,1.0,Semiurban
LP002928,Male,Yes,3+,Not Graduate,No,354.0,1807.0,237.0,430.0,1.0,Urban
LP001237,Female,Yes,3+,Not Graduate,No,8807.0,395.0,104.0,396.0,1.0,Semiurban
LP001203,Male,Yes,1,Not Graduate,No,3151.0,2049.0,157.0,439.0,1.0,Semiurban
LP002515,Female,No,2,Not Graduate,No,3073.0,387.0,145.0,354.0,0.0,Semiurban
LP002168,Male,Yes,3+,Not Graduate,Yes,2945.0,2020.0,222.0,257.0,1.0,Rural
LP002495,Female,No,1,Graduate,No,0.0,909.0,116.0,378.0,1.0,Semiurban
LP002361,Female,No,0,Graduate,No,10086.0,140.0,206.0,232.0,1.0,Rural
LP002581,Female,Yes,0,Graduate,No,12643.0,1392.0,171.0,320.0,1.0,Urban
LP001222,Male,Yes,1,Graduate,Yes,3269.0,2910.0,152.0,312.0,1.0,Urban
LP001028,Male,Yes,2,Not Graduate,No,5667.0,0.0,134.0,317.0,1.0,Rural
LP001713,Male,No,1,Not Graduate,No,5856.0,3488.0,103.0,425.0,1.0,Urban
LP001800,Female,No,0,Graduate,No,0.0,0.0,130.0,341.0,1.0,Urban
LP002571,Female,No,0,Graduate,Yes,2665.0,3283.0,113.0,476.0,1.0,Urban
LP001713,Male,No,3+,Graduate,No,15350.0,0.0,175.0,338.0,1.0,Urban
LP001415,Female,Yes,2,Graduate,Yes,5157.0,3541.0,55.0,203.0,1.0,Semiurban
LP002112,Female,No,1,Graduate,Yes,6453.0,1469.0,148.0,304.0,1.0,Urban
LP001586,Female,No,0,Not Graduate,No,1229.0,0.0,260.0,398.0,0.0,Semiurban
LP001321,Male,Yes,0,Not Graduate,Yes,2731.0,409.0,108.0,254.0,0.0,Urban
LP001570,Female,No,0,Graduate,Yes,8860.0,4847.0,176.0,319.0,1.0,Rural
LP002493,Male,No,1,Graduate,No,398.0,1743.0,0.0,395.0,1.0,Rural
LP002587,Male,Yes,1,Not Graduate,No,14406.0,357.0,20.0,322.0,1.0,Semiurban
LP001452,Male,No,2,Not Graduate,No,0.0,4703.0,132.0,306.0,1.0,Rural
LP002266,Male,No,3+,Not Graduate,No,1574.0,3927.0,137.0,424.0,1.0,Semiurban
LP001471,Male,No,3+,Graduate,Yes,0.0,0.0,146.0,327.0,1.0,Urban
LP002654,Female,No,3+,Not Graduate,Yes,12722.0,1046.0,312.0,274.0,1.0,Rural
LP001994,Male,Yes,0,Graduate,No,4973.0,0.0,97.0,396.0,1.0,Semiurban
LP001853,Male,No,3+,Graduate,No,3549.0,3973.0,149.0,416.0,0.0,Semiurban
LP001636,Male,Yes,0,Not Graduate,No,7444.0,1613.0,87.0,354.0,0.0,Urban
LP001096,Female,No,2,Not Graduate,Yes,13147.0,3424.0,200.0,304.0,1.0,Urban
LP002017,Female,Yes,0,Not Graduate,No,6410.0,0.0,53.0,284.0,1.0,Rural
LP002634,Female,Yes,2,Graduate,Yes,11687.0,838.0,88.0,306.0,1.0,Semiurban
LP001490,Female,Yes,2,Not Graduate,Yes,3508.0,2058.0,73.0,260.0,1.0,Urban
LP002767,Male,No,3+,Not Graduate,Yes,0.0,0.0,206.0,310.0,1.0,Rural
LP002821,Male,No,3+,Graduate,Yes,6502.0,3386.0,152.0,378.0,1.0,Semiurban
LP001067,Female,No,0,Not Graduate,No,1208.0,722.0,164.0,390.0,1.0,Urban
LP001822,Female,Yes,1,Not Graduate,No,9102.0,0.0,127.0,344.0,1.0,Rural
LP002936,Female,No,3+,Graduate,No,2849.0,203.0,236.0,367.0,0.0,Rural
LP001695,Female,No,3+,Graduate,Yes,4698.0,2844.0,131.0,327.0,1.0,Urban
LP001754,Male,No,1,Graduate,Yes,0.0,0.0,295.0,295.0,1.0,Urban
LP001703,Female,No,1,Graduate,No,4469.0,1478.0,241.0,320.0,1.0,Semiurban
LP001613,Female,Yes,3+,Graduate,Yes,3798.0,424.0,28.0,415.0,1.0,Semiurban
LP002393,Female,Yes,1,Not Graduate,Yes,11803.0,0.0,192.0,194.0,1.0,Urban
LP002746,Female,No,0,Not Graduate,Yes,10135.0,3298.0,241.0,268.0,1.0,Rural
LP002357,Female,No,2,Graduate,No,5318.0,3798.0,111.0,311.0,0.0,Urban
LP002788,Female,No,2,Not Graduate,No,0.0,4725.0,174.0,270.0,-0.0,Semiurban
LP001043,Female,Yes,3+,Not Graduate,No,2673.0,1626.0,28.0,371.0,1.0,Semiurban
LP002788,Male,No,3+,Graduate,Yes,11809.0,2919.0,65.0,242.0,1.0,Urban
LP002277,Male,Yes,0,Graduate,No,4050.0,0.0,123.0,421.0,1.0,Semiurban
LP001078,Male,Yes,1,Graduate,No,0.0,2255.0,38.0,470.0,1.0,Rural
LP001357,Male,No,3+,Not Graduate,No,11740.0,737.0,147.0,358.0,1.0,Semiurban
LP001656,Male,No,2,Graduate,Yes,0.0,1393.0,193.0,302.0,1.0,Rural
LP001034,Male,No,0,Not Graduate,Yes,4537.0,0.0,72.0,403.0,1.0,Semiurban
LP001422,Female,Yes,0,Not Graduate,Yes,8358.0,4654.0,39.0,324.0,1.0,Rural
LP002263,Female,Yes,1,Not Graduate,Yes,5898.0,0.0,20.0,287.0,1.0,Urban
LP002364,Male,No,3+,Not Graduate,Yes,0.0,2341.0,236.0,346.0,1.0,Rural
LP001451,Female,Yes,3+,Graduate,No,0.0,0.0,8.0,240.0,1.0,Urban
LP001465,Male,No,0,Not Graduate,No,1205.0,7362.0,165.0,294.0,-0.0,Semiurban
LP002847,Female,No,2,Graduate,Yes,9647.0,3492.0,244.0,292.0,1.0,Rural
LP002804,Female,Yes,3+,Not Graduate,Yes,6151.0,1524.0,67.0,336.0,1.0,Rural
LP001086,Female,Yes,2,Graduate,No,2973.0,0.0,77.0,239.0,0.0,Semiurban
LP001327,Female,Yes,0,Graduate,Yes,7509.0,4022.0,156.0,282.0,0.0,Semiurban
LP001020,Female,Yes,3+,Graduate,Yes,907.0,0.0,161.0,309.0,1.0,Rural
LP001800,Female,No,2,Not Graduate,Yes,9385.0,2646.0,104.0,373.0,1.0,Urban
LP002168,Male,No,0,Not Graduate,Yes,7746.0,2990.0,120.0,342.0,1.0,Semiurban
LP002867,Male,No,2,Not Graduate,Yes,3901.0,2830.0,150.0,449.0,1.0,Rural
LP001768,Female,Yes,3+,Graduate,No,4256.0,3880.0,111.0,283.0,1.0,Semiurban
LP001995,Male,No,1,Not Graduate,No,3233.0,66.0,114.0,400.0,1.0,Semiurban
LP001917,Female,Yes,2,Not Graduate,Yes,10852.0,3095.0,293.0,400.0,1.0,Urban
LP001534,Male,Yes,1,Not Graduate,Yes,6410.0,0.0,221.0,354.0,1.0,Urban
LP001794,Female,Yes,3+,Graduate,No,3947.0,0.0,227.0,351.0,0.0,Urban
LP002056,Male,No,1,Not Graduate,Yes,0.0,0.0,116.0,359.0,1.0,Rural
LP001906,Female,Yes,0,Not Graduate,No,8537.0,917.0,9.0,281.0,1.0,Semiurban
LP002860,Male,Yes,1,Graduate,Yes,8271.0,4623.0,334.0,405.0,1.0,Urban
LP001587,Female,Yes,2,Graduate,No,2186.0,6265.0,95.0,347.0,1.0,Rural
LP001673,Male,Yes,2,Graduate,No,2787.0,867.0,166.0,264.0,0.0,Urban
LP002823,Female,Yes,1,Graduate,Yes,4513.0,0.0,203.0,420.0,1.0,Urban
LP001263,Female,Yes,0,Graduate,Yes,0.0,5216.0,98.0,335.0,1.0,Semiurban
LP002635,Female,Yes,3+,Graduate,No,5600.0,2780.0,212.0,346.0,1.0,Rural
LP002867,Male,Yes,1,Not Graduate,Yes,0.0,1681.0,143.0,179.0,1.0,Semiurban
LP002333,Male,Yes,2,Not Graduate,No,0.0,0.0,122.0,337.0,1.0,Urban
LP002339,Male,Yes,2,Graduate,Yes,2278.0,5494.0,98.0,425.0,1.0,Semiurban
LP001586,Female,Yes,1,Not Graduate,Yes,1602.0,1857.0,65.0,301.0,1.0,Rural
LP002500,Male,Yes,1,Graduate,Yes,7751.0,1602.0,0.0,258.0,1.0,Urban
LP002892,Female,No,1,Not Graduate,No,6791.0,3075.0,360.0,372.0,1.0,Urban
LP002337,Male,No,3+,Graduate,No,13020.0,1661.0,255.0,229.0,1.0,Urban
LP002802,Male,Yes,2,Graduate,Yes,5709.0,5611.0,150.0,381.0,1.0,Urban
LP002443,Male,Yes,2,Not Graduate,No,6354.0,4353.0,263.0,329.0,1.0,Rural
LP001280,Male,Yes,2,Not Graduate,Yes,0.0,76.0,253.0,348.0,2.0,Semiurban
LP001345,Female,No,3+,Not Graduate,No,0.0,1838.0,189.0,496.0,1.0,Rural
LP001014,Male,No,0,Not Graduate,Yes,5547.0,10.0,116.0,359.0,1.0,Urban
LP002294,Male,No,2,Not Graduate,No,5645.0,6739.0,226.0,255.0,1.0,Rural
LP001673,Female,Yes,2,Not Graduate,No,6829.0,0.0,213.0,350.0,0.0,Urban
LP002619,Female,Yes,0,Not Graduate,No,12410.0,1278.0,204.0,391.0,1.0,Urban
LP001280,Male,Yes,3+,Not Graduate,No,0.0,2591.0,116.0,211.0,0.0,Semiurban
LP001123,Male,Yes,0,Graduate,No,14804.0,2977.0,172.0,341.0,1.0,Urban
LP002236,Female,No,0,Not Graduate,No,0.0,3436.0,164.0,230.0,1.0,Rural
LP001055,Female,Yes,0,Not Graduate,Yes,7304.0,3780.0,113.0,344.0,1.0,Rural
LP002390,Female,No,0,Graduate,Yes,0.0,3486.0,171.0,443.0,1.0,Semiurban
LP002314,Male,No,3+,Graduate,No,9304.0,425.0,240.0,314.0,0.0,Semiurban
LP002537,Male,Yes,3+,Graduate,Yes,0.0,116.0,261.0,347.0,1.0,Urban
LP001270,Male,No,0,Graduate,No,0.0,1706.0,181.0,360.0,1.0,Urban
LP001034,Female,No,1,Not Graduate,Yes,6011.0,102.0,130.0,365.0,1.0,Urban
LP001177,Female,No,1,Not Graduate,Yes,4468.0,0.0,209.0,352.0,1.0,Urban
LP001518,Female,No,1,Graduate,Yes,11479.0,455.0,75.0,211.0,1.0,Rural
LP001903,Male,Yes,1,Graduate,Yes,5623.0,7317.0,113.0,354.0,0.0,Urban
LP001768,Female,Yes,2,Not Graduate,No,938.0,5799.0,241.0,301.0,1.0,Semiurban
LP002168,Male,No,3+,Not Graduate,Yes,2106.0,952.0,287.0,268.0,0.0,Rural
LP002754,Female,Yes,3+,Not Graduate,Yes,23495.0,0.0,231.0,355.0,1.0,Rural
LP002181,Male,No,0,Not Graduate,Yes,199.0,0.0,136.0,351.0,-0.0,Urban
LP001758,Male,Yes,2,Graduate,No,8167.0,3994.0,0.0,227.0,1.0,Urban
LP001208,Female,Yes,0,Not Graduate,Yes,7470.0,0.0,203.0,316.0,2.0,Rural
LP002393,Male,Yes,0,Graduate,No,8300.0,3244.0,183.0,430.0,1.0,Semiurban
LP002284,Female,Yes,3+,Graduate,No,7835.0,3069.0,185.0,260.0,1.0,Urban
LP001708,Male,Yes,2,Graduate,Yes,3656.0,1649.0,31.0,353.0,2.0,Rural
LP002255,Female,No,1,Not Graduate,No,0.0,1500.0,117.0,264.0,1.0,Rural
LP002600,Female,Yes,3+,Graduate,Yes,6066.0,0.0,287.0,449.0,2.0,Urban
LP002740,Male,No,2,Not Graduate,Yes,5107.0,3496.0,63.0,388.0,1.0,Semiurban
LP002820,Female,No,2,Graduate,Yes,5886.0,2445.0,187.0,288.0,1.0,Rural
LP002560,Male,Yes,3+,Not Graduate,Yes,8399.0,295.0,92.0,356.0,2.0,Rural
LP002409,Female,No,3+,Graduate,Yes,2824.0,0.0,182.0,253.0,1.0,Rural
LP001865,Female,Yes,0,Graduate,Yes,1647.0,0.0,127.0,224.0,1.0,Urban
LP001878,Female,No,0,Not Graduate,Yes,10310.0,2612.0,236.0,336.0,1.0,Rural
LP002138,Female,No,0,Not Graduate,No,3307.0,1052.0,146.0,293.0,0.0,Rural
LP002140,Male,Yes,1,Graduate,No,2368.0,1087.0,220.0,355.0,1.0,Urban
LP002684,Female,Yes,3+,Graduate,Yes,1875.0,0.0,306.0,233.0,1.0,Semiurban
LP002050,Female,Yes,2,Not Graduate,Yes,8566.0,0.0,219.0,306.0,0.0,Rural
LP001491,Male,Yes,3+,Graduate,No,3985.0,0.0,187.0,442.0,1.0,Urban
LP002777,Male,No,2,Not Graduate,Yes,17782.0,3692.0,232.0,435.0,1.0,Semiurban
LP001059,Male,Yes,1,Not Graduate,No,5507.0,2069.0,186.0,451.0,-0.0,Urban
LP002188,Male,No,3+,Graduate,No,0.0,833.0,95.0,489.0,1.0,Semiurban
LP001734,Male,No,2,Not Graduate,Yes,2692.0,4608.0,77.0,316.0,0.0,Urban
LP002110,Male,No,2,Graduate,Yes,8912.0,4223.0,196.0,161.0,1.0,Semiurban
LP001744,Female,No,0,Not Graduate,No,1762.0,4607.0,94.0,414.0,0.0,Semiurban
LP001187,Male,No,1,Not Graduate,No,5082.0,944.0,87.0,270.0,1.0,Urban
LP001853,Female,No,3+,Graduate,Yes,10752.0,0.0,128.0,476.0,1.0,Rural
LP002160,Male,Yes,0,Not Graduate,Yes,11609.0,6241.0,9.0,348.0,0.0,Semiurban
LP002721,Female,No,1,Graduate,No,2193.0,3027.0,92.0,449.0,1.0,Urban
LP002086,Female,No,0,Not Graduate,No,3717.0,3083.0,86.0,332.0,1.0,Rural
LP002885,Female,No,3+,Not Graduate,No,5731.0,3439.0,333.0,298.0,1.0,Rural
LP002487,Male,Yes,2,Not Graduate,Yes,12824.0,9115.0,201.0,390.0,1.0,Urban
LP002825,Male,Yes,3+,Not Graduate,Yes,0.0,1329.0,110.0,374.0,1.0,Urban
LP002890,Male,No,1,Graduate,Yes,7228.0,5507.0,83.0,268.0,0.0,Semiurban
LP002807,Male,Yes,3+,Not Graduate,No,5496.0,0.0,0.0,340.0,1.0,Urban
LP002059,Female,No,1,Not Graduate,No,71.0,3818.0,29.0,305.0,1.0,Rural
LP002229,Male,Yes,0,Not Graduate,Yes,12227.0,6451.0,14.0,355.0,1.0,Urban
LP002240,Female,No,1,Graduate,No,10820.0,1474.0,67.0,340.0,1.0,Rural
LP002926,Female,Yes,2,Graduate,No,13940.0,0.0,142.0,351.0,1.0,Rural
LP001031,Male,Yes,2,Graduate,No,11901.0,3143.0,128.0,343.0,1.0,Urban
LP001579,Male,Yes,2,Graduate,No,5238.0,1012.0,73.0,319.0,1.0,Rural
LP001722,Male,No,0,Not Graduate,No,8707.0,3897.0,139.0,366.0,1.0,Rural
LP002223,Female,No,1,Not Graduate,Yes,7070.0,334.0,32.0,293.0,1.0,Semiurban
LP001421,Male,No,0,Not Graduate,Yes,14.0,8093.0,177.0,450.0,1.0,Rural
LP001647,Female,Yes,3+,Graduate,Yes,0.0,1891.0,202.0,341.0,1.0,Semiurban
LP001842,Male,Yes,3+,Graduate,Yes,7281.0,3753.0,181.0,397.0,1.0,Semiurban
LP002191,Female,No,3+,Not Graduate,Yes,5729.0,0.0,227.0,307.0,1.0,Semiurban
LP001911,Male,Yes,3+,Not Graduate,No,3264.0,0.0,25.0,315.0,1.0,Semiurban
LP001519,Male,No,2,Not Graduate,No,4654.0,0.0,146.0,402.0,1.0,Rural
LP001335,Female,No,1,Graduate,No,15257.0,0.0,69.0,392.0,0.0,Rural
LP001210,Male,No,2,Not Graduate,Yes,0.0,3447.0,53.0,334.0,1.0,Urban
LP002354,Male,No,1,Not Graduate,No,8824.0,0.0,33.0,226.0,1.0,Semiurban
LP002547,Male,Yes,1,Graduate,No,9978.0,0.0,334.0,308.0,1.0,Rural
LP001857,Male,Yes,0,Graduate,No,10691.0,0.0,213.0,336.0,1.0,Semiurban
LP002205,Male,Yes,3+,Not Graduate,Yes,0.0,3515.0,268.0,298.0,1.0,Semiurban
LP001933,Male,No,1,Graduate,No,3510.0,3447.0,170.0,259.0,1.0,Urban
LP001415,Male,Yes,3+,Not Graduate,No,3226.0,4312.0,78.0,398.0,1.0,Semiurban
LP001552,Female,No,3+,Not Graduate,Yes,6843.0,837.0,195.0,330.0,1.0,Rural
LP002139,Female,No,3+,Not Graduate,Yes,0.0,7032.0,324.0,460.0,0.0,Rural
LP002630,Male,No,2,Not Graduate,No,7335.0,4544.0,183.0,331.0,1.0,Rural
LP001926,Male,No,3+,Graduate,Yes,141.0,0.0,134.0,354.0,1.0,Rural
LP001926,Male,No,1,Graduate,No,3485.0,3810.0,164.0,304.0,1.0,Semiurban
LP002550,Female,No,2,Graduate,Yes,12840.0,1654.0,229.0,441.0,1.0,Rural
LP001751,Female,Yes,3+,Not Graduate,No,9976.0,1153.0,141.0,323.0,0.0,Urban
LP002692,Male,Yes,0,Not Graduate,No,5885.0,1629.0,133.0,329.0,1.0,Semiurban
LP002690,Female,Yes,3+,Not Graduate,Yes,0.0,0.0,90.0,280.0,1.0,Rural
LP001950,Male,Yes,3+,Graduate,Yes,7073.0,4345.0,170.0,367.0,1.0,Rural
LP001892,Male,No,2,Graduate,Yes,7456.0,30.0,44.0,321.0,1.0,Urban
LP002786,Male,No,1,Not Graduate,Yes,0.0,79.0,113.0,279.0,0.0,Semiurban
LP002296,Male,Yes,3+,Graduate,No,7178.0,3669.0,133.0,339.0,0.0,Urban
LP001636,Female,Yes,2,Graduate,Yes,0.0,7503.0,60.0,389.0,1.0,Urban
LP002921,Female,Yes,2,Graduate,No,0.0,251.0,141.0,449.0,1.0,Rural
LP001284,Male,Yes,1,Graduate,No,0.0,0.0,216.0,358.0,1.0,Rural
LP002547,Female,Yes,2,Not Graduate,No,0.0,4701.0,255.0,306.0,1.0,Urban
LP002172,Female,Yes,1,Graduate,Yes,2859.0,2132.0,124.0,372.0,0.0,Semiurban
LP002298,Male,Yes,0,Not Graduate,No,0.0,2968.0,107.0,333.0,1.0,Semiurban
LP001432,Female,Yes,3+,Graduate,No,11676.0,1695.0,122.0,346.0,1.0,Semiurban
LP001082,Male,No,2,Not Graduate,Yes,3135.0,3216.0,191.0,342.0,1.0,Urban
LP001999,Male,No,0,Not Graduate,No,1080.0,2591.0,94.0,372.0,0.0,Semiurban
LP002332,Male,No,2,Graduate,No,0.0,179.0,94.0,381.0,1.0,Rural
LP002986,Male,No,2,Not Graduate,No,2743.0,3516.0,163.0,339.0,1.0,Urban
LP001584,Female,Yes,0,Not Graduate,Yes,12888.0,2962.0,183.0,571.0,1.0,Urban
LP001585,Male,No,2,Graduate,No,13992.0,593.0,158.0,402.0,1.0,Urban
LP001926,Female,Yes,2,Not Graduate,No,3103.0,1132.0,152.0,207.0,1.0,Semiurban
LP002390,Male,No,0,Graduate,No,4784.0,0.0,105.0,320.0,1.0,Semiurban
LP001368,Male,Yes,2,Not Graduate,Yes,9183.0,2858.0,144.0,341.0,0.0,Rural
LP001391,Female,Yes,1,Graduate,Yes,0.0,2887.0,0.0,382.0,1.0,Semiurban
LP002495,Male,No,2,Graduate,Yes,7282.0,1497.0,262.0,462.0,0.0,Semiurban
LP002654,Female,No,3+,Graduate,No,18659.0,0.0,155.0,295.0,1.0,Semiurban
LP001430,Female,Yes,2,Graduate,No,9537.0,0.0,305.0,417.0,0.0,Semiurban
LP002755,Male,Yes,3+,Graduate,No,9356.0,973.0,242.0,355.0,1.0,Rural
LP001743,Male,Yes,3+,Not Graduate,No,12833.0,2245.0,79.0,364.0,1.0,Rural
LP001105,Male,No,2,Not Graduate,No,10327.0,3355.0,114.0,420.0,1.0,Rural
LP001114,Male,No,0,Graduate,Yes,3740.0,4682.0,57.0,234.0,1.0,Semiurban
LP002587,Male,Yes,1,Not Graduate,No,0.0,631.0,91.0,377.0,1.0,Semiurban
LP001923,Male,No,1,Not Graduate,No,4420.0,0.0,21.0,450.0,1.0,Urban
LP001770,Female,Yes,2,Not Graduate,Yes,0.0,205.0,71.0,273.0,1.0,Urban
LP002806,Female,No,0,Graduate,Yes,3574.0,7538.0,62.0,342.0,1.0,Semiurban
LP002716,Male,No,0,Graduate,No,218.0,6072.0,211.0,386.0,1.0,Urban
LP001519,Female,No,1,Not Graduate,Yes,2959.0,2766.0,17.0,215.0,1.0,Rural
LP002277,Female,No,0,Graduate,Yes,0.0,428.0,315.0,364.0,1.0,Rural
LP001237,Male,No,2,Graduate,Yes,1231.0,1354.0,118.0,325.0,0.0,Rural
LP001135,Male,Yes,2,Not Graduate,No,7489.0,6264.0,247.0,433.0,1.0,Urban
LP002593,Female,Yes,0,Graduate,Yes,8927.0,2173.0,68.0,294.0,1.0,Rural
LP001972,Male,No,2,Graduate,No,7691.0,567.0,203.0,339.0,1.0,Rural
LP002160,Female,Yes,3+,Graduate,Yes,3039.0,5208.0,29.0,290.0,1.0,Rural
LP001788,Male,Yes,1,Graduate,No,5891.0,0.0,28.0,334.0,0.0,Semiurban
LP001185,Female,No,2,Graduate,No,16251.0,0.0,227.0,295.0,1.0,Semiurban
LP001268,Female,Yes,0,Not Graduate,No,1075.0,0.0,133.0,317.0,1.0,Rural
LP001784,Female,No,1,Graduate,Yes,14320.0,4325.0,127.0,268.0,1.0,Rural
LP001650,Female,Yes,2,Graduate,Yes,0.0,77.0,65.0,297.0,1.0,Semiurban
LP001682,Male,Yes,1,Not Graduate,Yes,0.0,0.0,75.0,293.0,1.0,Semiurban
LP001846,Male,Yes,0,Not Graduate,No,4341.0,0.0,19.0,312.0,1.0,Urban
LP002943,Female,Yes,3+,Graduate,Yes,4967.0,321.0,102.0,335.0,1.0,Semiurban
LP001242,Female,Yes,3+,Not Graduate,Yes,0.0,1418.0,162.0,153.0,1.0,Rural
LP001778,Male,Yes,2,Graduate,No,3305.0,1951.0,149.0,352.0,1.0,Semiurban
LP002128,Male,Yes,3+,Not Graduate,Yes,7473.0,4233.0,149.0,423.0,1.0,Rural
LP002729,Female,No,2,Graduate,No,0.0,754.0,0.0,391.0,1.0,Urban
LP002355,Female,No,1,Not Graduate,Yes,10966.0,18.0,158.0,286.0,1.0,Semiurban
LP002028,Female,No,2,Graduate,No,11588.0,1729.0,118.0,409.0,1.0,Urban
LP001933,Female,No,2,Not Graduate,No,12270.0,2262.0,82.0,290.0,1.0,Rural
LP002494,Female,Yes,2,Graduate,Yes,9.0,0.0,47.0,361.0,-0.0,Rural
LP001857,Male,Yes,3+,Graduate,No,750.0,0.0,194.0,185.0,1.0,Rural
LP002741,Female,Yes,2,Graduate,Yes,4195.0,270.0,0.0,382.0,1.0,Rural
LP001713,Male,No,0,Not Graduate,Yes,3629.0,3797.0,47.0,343.0,1.0,Urban
LP002487,Male,No,2,Not Graduate,Yes,3325.0,1388.0,154.0,351.0,1.0,Semiurban
LP002393,Male,No,1,Graduate,Yes,9484.0,4984.0,103.0,343.0,1.0,Semiurban
LP001915,Female,Yes,0,Graduate,No,8663.0,2968.0,172.0,464.0,1.0,Rural
LP002813,Male,No,1,Graduate,No,199.0,167.0,150.0,399.0,2.0,Rural
LP002961,Male,Yes,1,Graduate,No,0.0,5596.0,90.0,389.0,1.0,Urban
LP002487,Male,No,1,Not Graduate,Yes,0.0,0.0,11.0,378.0,1.0,Urban
LP002308,Male,Yes,0,Not Graduate,Yes,173.0,0.0,201.0,473.0,0.0,Rural
LP001282,Female,No,0,Not Graduate,No,9997.0,2537.0,129.0,326.0,1.0,Rural
LP001131,Female,Yes,3+,Graduate,No,5996.0,0.0,41.0,252.0,1.0,Semiurban
LP002478,Male,No,0,Graduate,Yes,10453.0,1448.0,0.0,454.0,1.0,Semiurban
LP001904,Male,No,2,Not Graduate,Yes,0.0,0.0,168.0,311.0,0.0,Semiurban
LP001359,Female,Yes,1,Not Graduate,Yes,6737.0,1614.0,93.0,374.0,1.0,Rural
LP002348,Female,Yes,3+,Not Graduate,No,6664.0,2920.0,54.0,376.0,1.0,Urban
LP001455,Female,No,0,Not Graduate,Yes,12016.0,3322.0,234.0,294.0,0.0,Urban
LP002141,Male,Yes,1,Graduate,No,2850.0,0.0,0.0,250.0,1.0,Urban
LP001428,Female,No,0,Graduate,Yes,2447.0,0.0,123.0,412.0,1.0,Rural
LP002652,Male,Yes,3+,Graduate,No,13759.0,2683.0,199.0,425.0,1.0,Rural
LP001471,Male,No,0,Not Graduate,Yes,4206.0,570.0,180.0,383.0,1.0,Urban
LP001099,Female,Yes,0,Graduate,No,6189.0,88.0,42.0,368.0,1.0,Urban
LP001038,Male,No,1,Not Graduate,No,7892.0,1282.0,245.0,251.0,1.0,Urban
LP001047,Female,No,2,Not Graduate,No,0.0,1139.0,252.0,321.0,0.0,Rural
LP002328,Male,No,0,Not Graduate,Yes,5414.0,2619.0,222.0,421.0,1.0,Semiurban
LP001087,Female,Yes,3+,Not Graduate,No,0.0,2927.0,75.0,291.0,1.0,Semiurban
LP002069,Male,No,0,Not Graduate,No,4681.0,4277.0,125.0,351.0,1.0,Rural
LP001370,Male,Yes,0,Graduate,Yes,3502.0,900.0,240.0,372.0,1.0,Semiurban
LP002187,Female,Yes,2,Graduate,No,2296.0,4309.0,177.0,376.0,1.0,Urban
LP001910,Female,Yes,1,Graduate,No,8749.0,3199.0,93.0,276.0,1.0,Semiurban
LP001449,Female,No,3+,Not Graduate,Yes,5734.0,3975.0,126.0,335.0,1.0,Urban
LP001760,Female,Yes,1,Graduate,No,0.0,0.0,24.0,397.0,1.0,Rural
LP001385,Male,Yes,1,Not Graduate,Yes,0.0,1322.0,231.0,463.0,1.0,Rural
LP001488,Female,Yes,1,Graduate,No,9965.0,6755.0,135.0,328.0,1.0,Urban
LP002170,Female,No,0,Not Graduate,Yes,4965.0,0.0,277.0,369.0,2.0,Urban
LP001640,Male,Yes,2,Not Graduate,No,0.0,6473.0,1.0,267.0,1.0,Semiurban
LP001221,Female,Yes,0,Graduate,No,2808.0,6352.0,67.0,326.0,1.0,Urban
LP002898,Female,Yes,3+,Not Graduate,No,4283.0,3592.0,138.0,310.0,1.0,Rural
LP001451,Male,Yes,2,Graduate,Yes,0.0,0.0,318.0,468.0,1.0,Rural
LP002420,Female,No,1,Graduate,No,1552.0,1013.0,149.0,390.0,0.0,Semiurban
LP001865,Female,No,2,Graduate,No,10407.0,3757.0,84.0,348.0,1.0,Urban
LP002652,Female,Yes,3+,Not Graduate,Yes,19358.0,0.0,144.0,218.0,1.0,Urban
LP002443,Female,Yes,0,Not Graduate,Yes,6903.0,3440.0,90.0,362.0,1.0,Semiurban
LP002572,Female,Yes,0,Not Graduate,Yes,0.0,1896.0,216.0,363.0,1.0,Rural
LP001356,Female,Yes,1,Not Graduate,No,3940.0,55.0,209.0,327.0,1.0,Urban
LP002537,Male,No,0,Graduate,No,5875.0,0.0,267.0,345.0,1.0,Semiurban
LP001749,Female,No,0,Not Graduate,No,9658.0,5569.0,15.0,459.0,1.0,Semiurban
LP002192,Male,No,3+,Graduate,Yes,9793.0,3714.0,3.0,404.0,1.0,Semiurban
LP002415,Male,No,2,Graduate,Yes,12949.0,1153.0,124.0,285.0,1.0,Semiurban
LP002385,Male,Yes,0,Not Graduate,No,5171.0,1697.0,206.0,469.0,1.0,Urban
LP002560,Male,Yes,3+,Not Graduate,No,5280.0,874.0,222.0,290.0,1.0,Semiurban
LP002519,Female,No,3+,Graduate,Yes,0.0,0.0,161.0,447.0,1.0,Urban
LP001020,Female,No,1,Not Graduate,Yes,0.0,5105.0,206.0,295.0,1.0,Rural
LP002301,Female,Yes,3+,Graduate,Yes,0.0,2197.0,260.0,332.0,1.0,Semiurban
LP002561,Male,Yes,1,Not Graduate,No,392.0,4197.0,82.0,205.0,1.0,Semiurban
LP001972,Female,Yes,0,Not Graduate,Yes,0.0,367.0,256.0,377.0,1.0,Rural
LP001765,Female,Yes,1,Graduate,Yes,0.0,1852.0,258.0,214.0,1.0,Semiurban
LP001607,Female,Yes,3+,Graduate,Yes,11383.0,2472.0,100.0,356.0,1.0,Urban
LP002744,Male,No,2,Graduate,Yes,0.0,4405.0,69.0,314.0,1.0,Rural
LP001225,Male,No,2,Not Graduate,No,4050.0,6477.0,201.0,315.0,1.0,Rural
LP002790,Female,Yes,0,Not Graduate,Yes,10101.0,654.0,297.0,368.0,1.0,Urban
LP001387,Male,Yes,0,Not Graduate,No,3463.0,657.0,77.0,396.0,1.0,Urban
LP001028,Male,No,2,Graduate,No,12738.0,934.0,291.0,427.0,1.0,Rural
LP002263,Female,Yes,1,Graduate,Yes,1765.0,0.0,68.0,266.0,-0.0,Semiurban
LP002602,Male,No,0,Not Graduate,Yes,15150.0,8797.0,125.0,322.0,1.0,Urban
LP002774,Male,No,3+,Graduate,No,0.0,0.0,55.0,339.0,1.0,Urban
LP002943,Female,No,0,Not Graduate,Yes,12748.0,8906.0,176.0,381.0,1.0,Urban
LP001776,Male,No,1,Graduate,No,87.0,3338.0,153.0,380.0,1.0,Rural
LP002950,Male,Yes,0,Not Graduate,Yes,13409.0,1377.0,146.0,287.0,1.0,Semiurban
LP002008,Male,Yes,3+,Not Graduate,No,2514.0,0.0,94.0,420.0,1.0,Urban
LP002833,Male,No,3+,Not Graduate,No,11471.0,1492.0,109.0,369.0,1.0,Rural
LP001027,Male,Yes,3+,Graduate,No,12434.0,69.0,137.0,459.0,0.0,Rural
LP001699,Male,Yes,1,Graduate,Yes,1888.0,5355.0,122.0,363.0,1.0,Semiurban
LP002962,Male,Yes,1,Not Graduate,No,11000.0,3318.0,139.0,212.0,0.0,Rural
LP001029,Male,Yes,3+,Not Graduate,No,5021.0,6145.0,27.0,289.0,1.0,Rural
LP001108,Female,No,3+,Not Graduate,Yes,0.0,812.0,0.0,332.0,1.0,Urban
LP002342,Female,Yes,1,Not Graduate,Yes,8075.0,1986.0,169.0,287.0,1.0,Urban
LP002398,Female,No,1,Not Graduate,No,0.0,1337.0,172.0,285.0,1.0,Urban
LP002219,Female,No,1,Not Graduate,No,1461.0,586.0,161.0,466.0,1.0,Rural
LP001041,Male,Yes,2,Graduate,Yes,95.0,0.0,183.0,261.0,1.0,Semiurban
LP002916,Female,No,1,Graduate,No,7334.0,3558.0,107.0,308.0,1.0,Semiurban
LP002630,Female,Yes,3+,Graduate,Yes,0.0,2529.0,115.0,347.0,1.0,Semiurban
LP001785,Male,Yes,2,Graduate,Yes,0.0,1473.0,105.0,257.0,1.0,Rural
LP001627,Male,No,1,Not Graduate,Yes,0.0,2969.0,2.0,332.0,0.0,Urban
LP001241,Male,Yes,3+,Not Graduate,No,1138.0,481.0,187.0,188.0,1.0,Rural
LP002165,Male,No,0,Not Graduate,Yes,8008.0,1643.0,203.0,306.0,1.0,Urban
LP001708,Male,No,2,Graduate,No,10357.0,3946.0,215.0,269.0,1.0,Rural
LP001345,Female,Yes,3+,Graduate,No,10275.0,4317.0,118.0,322.0,1.0,Rural
LP001446,Male,Yes,0,Not Graduate,Yes,4982.0,5757.0,87.0,339.0,1.0,Semiurban
LP001473,Female,Yes,3+,Graduate,Yes,4835.0,0.0,106.0,430.0,1.0,Rural
LP001059,Female,No,1,Graduate,Yes,4133.0,0.0,103.0,302.0,1.0,Semiurban
LP002226,Male,Yes,1,Not Graduate,Yes,7709.0,0.0,0.0,481.0,0.0,Rural
LP001473,Female,No,0,Not Graduate,No,11556.0,0.0,166.0,356.0,1.0,Semiurban
LP001041,Female,No,1,Not Graduate,No,4319.0,691.0,208.0,281.0,1.0,Rural
LP002604,Male,Yes,3+,Graduate,Yes,8213.0,2790.0,159.0,351.0,1.0,Rural
LP002732,Female,Yes,0,Not Graduate,No,0.0,4768.0,144.0,423.0,1.0,Urban
LP001754,Female,Yes,3+,Not Graduate,Yes,10036.0,531.0,94.0,273.0,1.0,Urban
LP001532,Female,No,3+,Not Graduate,No,6410.0,3162.0,202.0,469.0,1.0,Urban
LP002062,Male,Yes,3+,Graduate,No,0.0,5076.0,136.0,377.0,1.0,Rural
LP001663,Male,No,1,Graduate,No,11269.0,364.0,48.0,268.0,1.0,Urban
LP002502,Male,Yes,1,Not Graduate,Yes,0.0,837.0,245.0,308.0,1.0,Urban
LP002148,Female,Yes,3+,Not Graduate,No,0.0,1782.0,193.0,315.0,1.0,Rural
LP002400,Male,No,2,Graduate,No,10002.0,0.0,271.0,414.0,1.0,Rural
LP002301,Female,No,3+,Graduate,No,7375.0,2992.0,233.0,265.0,1.0,Urban
LP001677,Male,Yes,3+,Not Graduate,No,0.0,0.0,94.0,442.0,1.0,Urban
LP001112,Female,Yes,0,Graduate,Yes,7204.0,3749.0,120.0,417.0,1.0,Rural
LP002805,Male,Yes,3+,Not Graduate,No,11842.0,430.0,221.0,451.0,1.0,Rural
LP001867,Male,Yes,1,Not Graduate,Yes,6667.0,214.0,52.0,346.0,1.0,Semiurban
LP001643,Female,Yes,0,Graduate,Yes,19068.0,0.0,271.0,423.0,1.0,Semiurban
LP001195,Male,No,2,Not Graduate,No,333.0,3073.0,168.0,327.0,2.0,Rural
LP002803,Female,No,0,Not Graduate,No,0.0,3055.0,207.0,409.0,1.0,Rural
LP001041,Male,No,2,Graduate,Yes,0.0,364.0,168.0,348.0,1.0,Urban
LP001892,Male,No,0,Not Graduate,Yes,0.0,6489.0,147.0,459.0,0.0,Semiurban
LP001421,Female,Yes,0,Graduate,Yes,17361.0,1695.0,120.0,360.0,1.0,Urban
LP002894,Female,No,2,Not Graduate,No,5152.0,1564.0,131.0,287.0,1.0,Semiurban
LP002659,Female,No,1,Not Graduate,No,16223.0,1763.0,0.0,441.0,1.0,Urban
LP001736,Male,No,1,Graduate,Yes,3161.0,0.0,186.0,356.0,1.0,Semiurban
LP002699,Female,Yes,1,Graduate,Yes,25.0,0.0,311.0,307.0,1.0,Rural
LP002652,Male,No,0,Graduate,Yes,0.0,586.0,78.0,304.0,2.0,Rural
LP001591,Female,Yes,3+,Graduate,No,2920.0,3326.0,29.0,284.0,1.0,Rural
LP001662,Female,No,0,Graduate,No,9988.0,0.0,264.0,249.0,0.0,Urban
LP002106,Female,Yes,3+,Graduate,Yes,3901.0,0.0,172.0,315.0,1.0,Semiurban
LP001446,Female,No,3+,Not Graduate,No,0.0,0.0,213.0,356.0,1.0,Urban
LP001186,Female,Yes,1,Graduate,Yes,8899.0,0.0,181.0,317.0,1.0,Rural
LP002602,Female,No,3+,Not Graduate,No,9957.0,0.0,71.0,96.0,1.0,Semiurban
LP002572,Male,Yes,0,Graduate,Yes,2162.0,3803.0,213.0,242.0,1.0,Semiurban
LP002495,Female,Yes,0,Not Graduate,No,1449.0,410.0,104.0,403.0,0.0,Urban
LP001831,Male,No,1,Not Graduate,No,0.0,0.0,79.0,335.0,1.0,Rural
LP002732,Female,Yes,2,Graduate,No,8757.0,1982.0,192.0,231.0,1.0,Urban
LP001562,Female,Yes,0,Not Graduate,No,2547.0,1915.0,156.0,319.0,1.0,Urban
LP001313,Female,No,3+,Not Graduate,No,0.0,4768.0,174.0,350.0,1.0,Rural
LP002936,Male,No,0,Not Graduate,No,0.0,0.0,172.0,404.0,1.0,Rural
LP002644,Male,Yes,0,Graduate,No,8382.0,0.0,207.0,298.0,1.0,Urban
LP001546,Female,No,0,Graduate,Yes,3233.0,0.0,243.0,383.0,1.0,Semiurban
LP001643,Male,No,2,Not Graduate,Yes,0.0,2665.0,159.0,341.0,1.0,Rural
LP001199,Female,No,3+,Graduate,Yes,5486.0,9464.0,254.0,318.0,1.0,Rural
LP002644,Female,Yes,1,Graduate,No,396.0,3196.0,230.0,399.0,0.0,Rural
LP002111,Male,Yes,0,Not Graduate,No,1519.0,879.0,200.0,281.0,0.0,Rural
LP002043,Male,Yes,3+,Not Graduate,No,3645.0,0.0,98.0,404.0,1.0,Semiurban
LP002433,Male,Yes,3+,Graduate,Yes,14779.0,0.0,218.0,268.0,0.0,Semiurban
LP001708,Male,Yes,1,Graduate,Yes,14752.0,4057.0,176.0,305.0,0.0,Urban
LP002305,Female,Yes,0,Graduate,Yes,0.0,0.0,39.0,317.0,1.0,Urban
LP001270,Male,Yes,2,Not Graduate,Yes,4812.0,639.0,51.0,335.0,1.0,Rural
LP001379,Male,No,3+,Graduate,Yes,0.0,6108.0,48.0,177.0,1.0,Urban
LP001255,Female,Yes,1,Graduate,Yes,0.0,0.0,50.0,349.0,1.0,Semiurban
LP002743,Male,Yes,2,Graduate,No,0.0,2337.0,58.0,223.0,0.0,Rural
LP002008,Male,No,3+,Not Graduate,Yes,238.0,0.0,207.0,353.0,1.0,Rural
LP001404,Male,No,0,Not Graduate,No,0.0,6051.0,149.0,360.0,1.0,Rural
LP002754,Male,No,3+,Not Graduate,Yes,11020.0,0.0,211.0,406.0,0.0,Urban
LP002394,Female,Yes,2,Graduate,Yes,385.0,3421.0,56.0,255.0,0.0,Rural
LP001472,Female,No,2,Graduate,No,0.0,0.0,23.0,357.0,1.0,Rural
LP001038,Male,Yes,0,Not Graduate,No,5164.0,5825.0,76.0,339.0,1.0,Semiurban
LP002379,Male,Yes,0,Graduate,No,4172.0,4102.0,196.0,305.0,1.0,Rural
LP001366,Female,Yes,1,Graduate,Yes,3679.0,90.0,200.0,272.0,1.0,Urban
LP001660,Male,No,0,Graduate,Yes,8654.0,2670.0,125.0,347.0,1.0,Rural
LP002138,Male,No,1,Not Graduate,No,12196.0,4205.0,167.0,429.0,1.0,Urban
LP001636,Male,Yes,2,Graduate,Yes,3596.0,2017.0,103.0,327.0,1.0,Semiurban
LP001391,Male,Yes,2,Graduate,No,6693.0,546.0,86.0,424.0,1.0,Semiurban
LP001636,Male,Yes,3+,Not Graduate,Yes,3741.0,1335.0,173.0,417.0,1.0,Rural
LP002534,Male,No,3+,Graduate,Yes,8064.0,1901.0,194.0,203.0,0.0,Semiurban
LP001514,Male,Yes,1,Not Graduate,Yes,0.0,1755.0,281.0,286.0,1.0,Rural
LP002186,Male,No,0,Graduate,No,8696.0,2783.0,65.0,306.0,1.0,Semiurban
LP001094,Male,Yes,0,Not Graduate,Yes,6792.0,0.0,56.0,428.0,1.0,Semiurban
LP001391,Female,No,3+,Not Graduate,No,0.0,0.0,104.0,341.0,1.0,Urban
LP001818,Female,Yes,2,Graduate,No,17757.0,541.0,190.0,426.0,1.0,Urban
LP002527,Female,No,1,Graduate,No,0.0,2882.0,298.0,333.0,1.0,Rural
LP001818,Male,No,2,Not Graduate,No,7058.0,0.0,153.0,428.0,1.0,Rural
LP001974,Male,No,2,Graduate,No,0.0,2020.0,76.0,372.0,2.0,Urban
LP002935,Female,No,0,Not Graduate,No,8472.0,3725.0,54.0,336.0,1.0,Semiurban
LP002167,Male,No,1,Graduate,No,16568.0,1734.0,97.0,419.0,2.0,Rural
LP001405,Female,No,2,Graduate,No,9597.0,1806.0,160.0,309.0,0.0,Semiurban
LP002099,Male,Yes,3+,Graduate,No,4519.0,779.0,198.0,474.0,1.0,Urban
LP001560,Female,Yes,3+,Graduate,Yes,10468.0,1771.0,159.0,247.0,0.0,Semiurban
LP002288,Female,Yes,0,Not Graduate,No,1817.0,403.0,87.0,314.0,1.0,Semiurban
LP001669,Female,Yes,3+,Not Graduate,Yes,7965.0,1150.0,41.0,349.0,1.0,Rural
LP001864,Male,No,3+,Graduate,No,5680.0,401.0,193.0,294.0,2.0,Semiurban
LP001232,Female,Yes,2,Graduate,Yes,0.0,1114.0,100.0,368.0,1.0,Urban
LP001757,Male,No,3+,Graduate,Yes,14911.0,738.0,106.0,334.0,1.0,Semiurban
LP001138,Male,No,3+,Graduate,Yes,12263.0,0.0,64.0,364.0,1.0,Urban
LP002284,Male,No,2,Graduate,Yes,304.0,0.0,22.0,284.0,1.0,Urban
LP001499,Male,Yes,0,Not Graduate,Yes,11021.0,1817.0,270.0,276.0,1.0,Rural
LP002798,Male,No,0,Not Graduate,Yes,0.0,3244.0,92.0,340.0,1.0,Urban
LP001259,Male,Yes,1,Graduate,No,7816.0,5828.0,0.0,390.0,0.0,Urban
LP001432,Male,Yes,3+,Not Graduate,No,5450.0,4586.0,155.0,462.0,1.0,Rural
LP001253,Female,Yes,2,Not Graduate,No,14738.0,4060.0,131.0,223.0,1.0,Rural
LP002400,Female,Yes,1,Graduate,No,7070.0,2225.0,0.0,329.0,0.0,Rural
LP001489,Female,Yes,0,Not Graduate,No,0.0,1926.0,231.0,371.0,1.0,Urban
LP002950,Male,No,0,Not Graduate,No,10985.0,0.0,194.0,366.0,1.0,Rural
LP002287,Male,No,2,Not Graduate,Yes,2671.0,0.0,208.0,263.0,0.0,Urban
LP002245,Male,Yes,1,Not Graduate,No,2402.0,2120.0,163.0,295.0,1.0,Urban
LP002619,Male,No,1,Graduate,Yes,5346.0,0.0,42.0,341.0,1.0,Urban
LP002602,Female,Yes,2,Not Graduate,Yes,1907.0,1356.0,138.0,517.0,1.0,Rural
LP002855,Male,No,2,Not Graduate,Yes,15401.0,0.0,105.0,404.0,1.0,Urban
LP001491,Female,No,1,Not Graduate,Yes,9765.0,2872.0,92.0,365.0,1.0,Urban
LP001151,Male,No,0,Graduate,Yes,0.0,0.0,269.0,167.0,1.0,Rural
LP001862,Female,No,3+,Not Graduate,Yes,1036.0,0.0,66.0,256.0,1.0,Rural
LP002954,Male,No,0,Not Graduate,No,0.0,3566.0,107.0,262.0,1.0,Urban
LP001051,Female,No,2,Not Graduate,Yes,10691.0,4220.0,145.0,366.0,1.0,Urban
LP001078,Male,No,1,Graduate,Yes,4799.0,1372.0,173.0,333.0,1.0,Urban
LP002360,Female,No,1,Graduate,No,0.0,0.0,274.0,301.0,0.0,Rural
LP001843,Male,No,3+,Graduate,No,14131.0,3555.0,130.0,364.0,1.0,Rural
LP001099,Female,No,1,Graduate,No,8055.0,0.0,165.0,244.0,1.0,Semiurban
LP001499,Female,No,3+,Graduate,No,6236.0,1173.0,49.0,289.0,1.0,Rural
LP002311,Male,No,0,Not Graduate,No,5968.0,5268.0,187.0,338.0,2.0,Urban
LP002425,Female,No,0,Graduate,No,0.0,2622.0,292.0,464.0,1.0,Rural
LP002820,Male,Yes,1,Not Graduate,No,8365.0,1476.0,109.0,401.0,1.0,Rural
LP001789,Male,No,1,Graduate,Yes,2794.0,852.0,205.0,370.0,1.0,Semiurban
LP002644,Male,No,2,Graduate,No,10138.0,1721.0,33.0,316.0,1.0,Semiurban
LP002366,Female,No,2,Graduate,Yes,8820.0,2325.0,116.0,341.0,1.0,Urban
LP002768,Female,No,1,Not Graduate,No,4832.0,0.0,120.0,421.0,1.0,Semiurban
LP001972,Male,No,1,Not Graduate,No,4429.0,4887.0,170.0,461.0,1.0,Urban
LP002735,Male,No,0,Not Graduate,Yes,14628.0,356.0,132.0,327.0,0.0,Urban
LP002892,Female,Yes,1,Graduate,No,0.0,1046.0,230.0,372.0,1.0,Urban
LP002137,Female,Yes,2,Graduate,No,1914.0,3814.0,103.0,402.0,1.0,Urban
LP002192,Female,Yes,0,Graduate,No,11652.0,1217.0,199.0,369.0,1.0,Semiurban
LP002775,Male,No,3+,Graduate,No,13638.0,3997.0,155.0,257.0,2.0,Urban
LP002986,Male,No,2,Graduate,No,4395.0,1474.0,59.0,294.0,1.0,Urban
LP001146,Male,No,2,Graduate,No,1197.0,1872.0,0.0,390.0,1.0,Rural
LP002654,Male,Yes,0,Not Graduate,No,1313.0,2187.0,154.0,306.0,1.0,Urban
LP001250,Male,No,3+,Not Graduate,Yes,0.0,2618.0,90.0,459.0,1.0,Rural
LP001472,Female,No,2,Graduate,No,16580.0,3123.0,164.0,322.0,1.0,Semiurban
LP001865,Male,Yes,1,Not Graduate,Yes,4337.0,4462.0,45.0,255.0,1.0,Rural
LP002144,Female,Yes,2,Not Graduate,Yes,7827.0,4301.0,184.0,410.0,0.0,Semiurban
LP002893,Female,No,0,Not Graduate,Yes,7885.0,0.0,264.0,319.0,1.0,Semiurban
LP002950,Male,No,0,Graduate,Yes,13630.0,5556.0,124.0,324.0,1.0,Rural
LP001864,Female,No,0,Graduate,Yes,2792.0,0.0,0.0,399.0,1.0,Semiurban
LP001135,Male,No,2,Graduate,Yes,3194.0,0.0,138.0,278.0,1.0,Semiurban
LP001667,Female,Yes,3+,Graduate,Yes,9912.0,1227.0,87.0,348.0,1.0,Semiurban
LP001947,Male,No,1,Not Graduate,No,0.0,0.0,69.0,263.0,2.0,Rural
LP002769,Male,No,0,Graduate,No,13667.0,2363.0,126.0,347.0,1.0,Semiurban
LP001163,Female,Yes,3+,Graduate,No,15079.0,3613.0,220.0,236.0,1.0,Urban
LP002009,Male,No,1,Graduate,Yes,6580.0,0.0,98.0,287.0,1.0,Rural
LP002006,Female,No,0,Not Graduate,No,0.0,2862.0,197.0,401.0,1.0,Urban
LP002983,Male,Yes,1,Not Graduate,Yes,10038.0,3877.0,126.0,427.0,1.0,Rural
LP002253,Male,Yes,1,Not Graduate,Yes,4092.0,0.0,136.0,285.0,1.0,Urban
LP002077,Male,No,3+,Not Graduate,No,5990.0,2076.0,227.0,284.0,1.0,Semiurban
LP001634,Female,Yes,1,Not Graduate,Yes,6424.0,2617.0,121.0,349.0,1.0,Urban
LP001368,Female,Yes,0,Graduate,Yes,1431.0,0.0,202.0,290.0,1.0,Urban
LP002176,Male,No,3+,Not Graduate,No,7157.0,0.0,125.0,403.0,1.0,Urban
LP002178,Female,Yes,2,Not Graduate,Yes,0.0,0.0,186.0,252.0,1.0,Rural
LP001643,Male,No,2,Graduate,No,0.0,1093.0,122.0,301.0,1.0,Semiurban
LP002840,Female,No,3+,Graduate,Yes,7255.0,0.0,156.0,460.0,1.0,Semiurban
LP002753,Female,No,2,Graduate,Yes,11123.0,3112.0,162.0,367.0,1.0,Urban
LP002940,Male,No,1,Not Graduate,No,2255.0,2760.0,195.0,380.0,1.0,Urban
LP001270,Male,Yes,0,Graduate,No,1935.0,2624.0,180.0,330.0,1.0,Rural
LP002772,Male,No,1,Not Graduate,No,8868.0,5023.0,77.0,247.0,1.0,Urban
LP001584,Male,No,3+,Graduate,Yes,5062.0,3357.0,283.0,443.0,1.0,Urban
LP002747,Male,No,0,Not Graduate,Yes,1956.0,2372.0,145.0,355.0,1.0,Urban
LP002314,Female,No,3+,Not Graduate,No,6918.0,0.0,213.0,404.0,1.0,Rural
LP002420,Female,Yes,3+,Not Graduate,No,5216.0,4749.0,0.0,324.0,1.0,Urban
LP001035,Male,Yes,3+,Not Graduate,No,0.0,5046.0,205.0,341.0,1.0,Urban
LP002332,Male,Yes,1,Graduate,Yes,4560.0,707.0,202.0,316.0,1.0,Urban
LP002116,Male,No,0,Graduate,Yes,6222.0,0.0,161.0,356.0,1.0,Rural
LP001734,Female,Yes,0,Not Graduate,No,2140.0,3653.0,0.0,312.0,1.0,Rural
LP002592,Male,Yes,0,Graduate,No,10452.0,0.0,87.0,286.0,0.0,Semiurban
LP001565,Male,No,1,Not Graduate,No,7932.0,2685.0,63.0,329.0,1.0,Rural
LP002853,Female,Yes,2,Graduate,Yes,3602.0,5671.0,233.0,377.0,1.0,Semiurban
LP001734,Female,No,1,Graduate,No,5941.0,566.0,49.0,418.0,0.0,Semiurban
LP001884,Female,Yes,1,Not Graduate,No,3036.0,2260.0,185.0,254.0,2.0,Urban
LP001107,Female,Yes,3+,Not Graduate,No,3902.0,1877.0,120.0,400.0,1.0,Semiurban
LP002604,Male,Yes,0,Graduate,Yes,4112.0,4438.0,226.0,297.0,0.0,Urban
LP002310,Female,Yes,0,Not Graduate,Yes,0.0,1890.0,160.0,277.0,0.0,Rural
LP002287,Female,No,2,Graduate,No,5336.0,670.0,93.0,280.0,1.0,Rural
LP001634,Male,No,2,Graduate,Yes,6993.0,0.0,83.0,512.0,0.0,Semiurban
LP001035,Male,Yes,3+,Graduate,No,19198.0,1858.0,108.0,391.0,1.0,Urban
LP001599,Male,No,0,Not Graduate,No,7685.0,1412.0,0.0,267.0,0.0,Semiurban
LP001691,Female,Yes,2,Not Graduate,No,1461.0,0.0,280.0,306.0,1.0,Semiurban
LP002893,Male,Yes,2,Graduate,No,0.0,0.0,244.0,254.0,1.0,Rural
LP002792,Female,Yes,0,Not Graduate,Yes,0.0,0.0,148.0,256.0,1.0,Semiurban
LP002264,Female,Yes,1,Not Graduate,No,2336.0,0.0,215.0,254.0,1.0,Urban
LP002099,Female,Yes,2,Graduate,No,2438.0,1525.0,140.0,274.0,1.0,Rural
LP001758,Male,Yes,0,Not Graduate,Yes,3828.0,1303.0,176.0,392.0,0.0,Rural
LP001428,Female,No,2,Not Graduate,No,2889.0,1431.0,219.0,412.0,0.0,Semiurban
LP001051,Male,No,3+,Graduate,Yes,3865.0,7745.0,124.0,282.0,0.0,Semiurban
LP002940,Male,Yes,2,Not Graduate,No,2775.0,402.0,202.0,315.0,1.0,Semiurban
LP002316,Male,No,0,Graduate,No,5285.0,0.0,3.0,397.0,1.0,Urban
LP001825,Female,Yes,2,Not Graduate,No,35.0,5862.0,159.0,345.0,0.0,Semiurban
LP002417,Female,No,3+,Not Graduate,No,0.0,5582.0,141.0,365.0,1.0,Urban
LP002408,Female,No,3+,Graduate,Yes,3824.0,0.0,116.0,308.0,1.0,Semiurban
LP002723,Male,No,2,Graduate,No,7651.0,4901.0,127.0,442.0,1.0,Semiurban
LP001665,Female,Yes,2,Not Graduate,Yes,0.0,0.0,124.0,454.0,1.0,Rural
LP001400,Female,No,3+,Graduate,Yes,1907.0,9406.0,228.0,389.0,1.0,Rural
LP002760,Female,Yes,3+,Graduate,Yes,4347.0,6449.0,138.0,303.0,1.0,Urban
LP002683,Female,Yes,1,Not Graduate,No,4210.0,3048.0,361.0,256.0,1.0,Semiurban
LP001241,Female,Yes,1,Graduate,Yes,9467.0,3936.0,70.0,456.0,1.0,Urban
LP001149,Male,No,3+,Not Graduate,Yes,10532.0,2808.0,185.0,363.0,0.0,Rural
LP002284,Male,No,2,Not Graduate,Yes,6444.0,0.0,212.0,350.0,1.0,Rural
LP002975,Male,No,0,Graduate,No,12068.0,4853.0,112.0,389.0,1.0,Rural
LP001321,Male,Yes,2,Not Graduate,No,3078.0,5289.0,49.0,344.0,1.0,Rural
LP001797,Female,Yes,2,Graduate,Yes,9965.0,0.0,108.0,325.0,1.0,Urban
LP001682,Male,No,1,Not Graduate,Yes,1689.0,1515.0,40.0,486.0,0.0,Semiurban
LP001518,Female,Yes,1,Graduate,No,6866.0,0.0,79.0,419.0,1.0,Urban
LP002517,Male,No,1,Graduate,Yes,8848.0,1472.0,172.0,450.0,1.0,Semiurban
LP001220,Male,No,3+,Not Graduate,Yes,5500.0,874.0,343.0,445.0,1.0,Rural
LP002816,Male,No,3+,Graduate,Yes,0.0,5007.0,277.0,213.0,1.0,Urban
LP001671,Female,No,2,Graduate,No,0.0,5954.0,95.0,396.0,1.0,Semiurban
LP002654,Female,Yes,2,Graduate,Yes,8351.0,0.0,216.0,375.0,1.0,Semiurban
LP002366,Male,No,0,Not Graduate,Yes,3625.0,3693.0,114.0,302.0,1.0,Rural
LP001287,Female,No,2,Not Graduate,No,4024.0,3994.0,75.0,534.0,1.0,Semiurban
LP002562,Male,No,2,Graduate,Yes,13723.0,0.0,136.0,352.0,1.0,Semiurban
LP002495,Male,No,1,Graduate,No,0.0,4226.0,0.0,309.0,-0.0,Urban
LP002561,Male,No,1,Not Graduate,No,9396.0,0.0,12.0,333.0,1.0,Rural
LP001498,Female,No,1,Not Graduate,No,978.0,212.0,213.0,383.0,0.0,Rural
LP002006,Male,No,1,Not Graduate,Yes,4170.0,0.0,248.0,371.0,1.0,Semiurban
LP001572,Male,Yes,1,Graduate,Yes,0.0,0.0,0.0,308.0,0.0,Semiurban
LP002008,Male,Yes,0,Not Graduate,Yes,939.0,4603.0,255.0,397.0,1.0,Rural
LP001043,Female,Yes,0,Graduate,Yes,7533.0,0.0,232.0,344.0,1.0,Rural
LP001266,Male,Yes,0,Not Graduate,Yes,12549.0,524.0,116.0,326.0,1.0,Rural
LP002892,Female,No,1,Graduate,Yes,7592.0,1583.0,178.0,329.0,1.0,Semiurban
LP001469,Male,Yes,3+,Not Graduate,Yes,6922.0,3622.0,283.0,266.0,1.0,Semiurban
LP002945,Female,Yes,1,Graduate,Yes,19697.0,0.0,237.0,279.0,1.0,Rural
LP001601,Male,Yes,1,Not Graduate,No,8372.0,2927.0,181.0,274.0,1.0,Rural
LP002775,Male,No,0,Not Graduate,Yes,0.0,974.0,93.0,187.0,1.0,Semiurban
LP001978,Female,Yes,1,Graduate,Yes,0.0,0.0,111.0,364.0,2.0,Semiurban
LP002644,Female,Yes,0,Not Graduate,No,7339.0,4376.0,197.0,276.0,0.0,Semiurban
LP002194,Male,No,1,Not Graduate,Yes,0.0,7253.0,184.0,315.0,0.0,Urban
LP002344,Female,Yes,2,Not Graduate,No,0.0,2156.0,232.0,323.0,1.0,Rural
LP002326,Male,No,3+,Not Graduate,Yes,6907.0,0.0,31.0,278.0,1.0,Urban
LP002234,Male,Yes,3+,Graduate,Yes,11102.0,0.0,177.0,318.0,0.0,Urban
LP002609,Male,No,0,Graduate,No,3553.0,3794.0,198.0,347.0,1.0,Semiurban
LP002424,Female,Yes,2,Not Graduate,No,0.0,1639.0,124.0,297.0,2.0,Rural
LP002364,Male,Yes,3+,Graduate,Yes,4346.0,0.0,327.0,283.0,1.0,Semiurban
LP001560,Female,Yes,0,Graduate,No,3630.0,0.0,76.0,302.0,0.0,Semiurban
LP001610,Male,No,1,Graduate,Yes,5850.0,2638.0,138.0,404.0,0.0,Semiurban
LP001096,Female,Yes,1,Graduate,Yes,0.0,0.0,199.0,305.0,1.0,Semiurban
LP001490,Female,No,2,Graduate,Yes,412.0,507.0,209.0,353.0,1.0,Rural
LP002554,Male,No,3+,Not Graduate,Yes,11009.0,6030.0,124.0,310.0,1.0,Rural
LP002556,Female,No,1,Graduate,Yes,9515.0,0.0,123.0,335.0,1.0,Semiurban
LP002068,Male,No,0,Not Graduate,Yes,11809.0,4467.0,197.0,397.0,1.0,Urban
LP002943,Male,Yes,1,Graduate,No,0.0,0.0,178.0,284.0,1.0,Semiurban
LP001931,Male,Yes,1,Not Graduate,No,133.0,3980.0,150.0,487.0,1.0,Urban
LP002933,Male,Yes,3+,Not Graduate,No,10823.0,3166.0,0.0,365.0,0.0,Urban
LP001270,Male,No,3+,Not Graduate,Yes,8553.0,2929.0,154.0,355.0,1.0,Semiurban
LP002855,Female,Yes,0,Graduate,No,7499.0,0.0,268.0,274.0,1.0,Rural
LP002855,Male,No,2,Graduate,Yes,3116.0,3333.0,188.0,385.0,1.0,Semiurban
LP002142,Female,No,2,Not Graduate,No,1648.0,2620.0,82.0,451.0,1.0,Rural
LP001073,Female,No,1,Not Graduate,Yes,5363.0,6735.0,30.0,293.0,1.0,Urban
LP002858,Male,Yes,0,Graduate,Yes,2625.0,0.0,217.0,277.0,0.0,Rural
LP001123,Female,Yes,2,Graduate,Yes,8187.0,5098.0,107.0,345.0,1.0,Rural
LP001352,Male,No,2,Not Graduate,Yes,5391.0,0.0,246.0,276.0,1.0,Rural
LP002361,Female,Yes,1,Graduate,Yes,0.0,953.0,244.0,313.0,1.0,Semiurban
LP002943,Female,Yes,0,Graduate,No,8796.0,0.0,131.0,397.0,0.0,Urban
LP001608,Female,No,2,Graduate,Yes,12323.0,255.0,168.0,457.0,1.0,Urban
LP002714,Male,No,3+,Graduate,No,12703.0,1174.0,177.0,400.0,1.0,Rural
LP002978,Female,Yes,3+,Graduate,Yes,9015.0,5522.0,50.0,286.0,1.0,Urban
LP002901,Male,No,1,Graduate,Yes,9093.0,2843.0,275.0,324.0,1.0,Rural
LP002582,Female,No,1,Not Graduate,Yes,0.0,4957.0,181.0,319.0,2.0,Rural
LP001669,Female,Yes,1,Not Graduate,No,1356.0,1642.0,154.0,349.0,1.0,Rural
LP002978,Female,Yes,1,Not Graduate,Yes,4221.0,5089.0,219.0,400.0,1.0,Rural
LP002872,Female,No,2,Not Graduate,No,8555.0,2219.0,166.0,290.0,1.0,Semiurban
LP002270,Male,Yes,0,Not Graduate,Yes,1761.0,0.0,58.0,485.0,1.0,Rural
LP002326,Male,No,1,Not Graduate,No,3432.0,4473.0,80.0,274.0,0.0,Urban
LP002670,Female,No,1,Graduate,No,8367.0,5636.0,0.0,288.0,1.0,Semiurban
LP002648,Female,Yes,2,Graduate,No,5961.0,3337.0,148.0,290.0,1.0,Urban
LP001046,Male,No,1,Not Graduate,Yes,7081.0,3861.0,185.0,502.0,1.0,Semiurban
LP001387,Male,No,1,Not Graduate,Yes,749.0,5080.0,128.0,449.0,1.0,Rural
LP001195,Male,No,0,Not Graduate,No,3355.0,868.0,53.0,289.0,1.0,Semiurban
LP001225,Male,Yes,3+,Graduate,Yes,2506.0,0.0,104.0,312.0,1.0,Urban
LP002270,Female,Yes,1,Graduate,Yes,5174.0,2588.0,114.0,336.0,1.0,Semiurban
LP001333,Female,Yes,2,Graduate,Yes,2713.0,6296.0,210.0,311.0,1.0,Semiurban
LP001507,Male,No,0,Graduate,No,1940.0,2421.0,253.0,401.0,1.0,Rural
LP002441,Male,No,2,Not Graduate,No,5892.0,3314.0,0.0,374.0,1.0,Rural
LP002390,Male,Yes,0,Not Graduate,Yes,17121.0,1805.0,136.0,355.0,0.0,Semiurban
LP001128,Male,Yes,0,Not Graduate,No,8503.0,2403.0,96.0,396.0,1.0,Rural
LP001348,Male,Yes,1,Not Graduate,Yes,0.0,166.0,122.0,371.0,1.0,Rural
LP001279,Male,No,1,Graduate,Yes,7180.0,3093.0,208.0,386.0,1.0,Semiurban
LP002917,Female,Yes,1,Graduate,No,2247.0,3988.0,104.0,353.0,1.0,Urban
LP002126,Female,No,3+,Not Graduate,No,0.0,0.0,196.0,454.0,1.0,Rural
LP002786,Female,Yes,3+,Graduate,Yes,9188.0,0.0,297.0,351.0,1.0,Semiurban
LP001945,Male,No,2,Graduate,Yes,5619.0,0.0,108.0,333.0,1.0,Semiurban
LP002867,Male,No,1,Graduate,Yes,19340.0,5613.0,126.0,394.0,1.0,Semiurban
LP002842,Male,Yes,3+,Graduate,No,4529.0,0.0,124.0,379.0,1.0,Urban
LP001203,Female,No,1,Not Graduate,No,3891.0,2558.0,327.0,341.0,1.0,Urban
LP002979,Male,Yes,3+,Graduate,Yes,11998.0,6455.0,104.0,236.0,1.0,Urban
LP001472,Male,No,3+,Not Graduate,Yes,5305.0,2506.0,256.0,434.0,1.0,Rural
LP001806,Female,No,0,Graduate,No,0.0,3000.0,140.0,423.0,1.0,Semiurban
LP002186,Male,Yes,1,Graduate,Yes,164.0,0.0,156.0,287.0,1.0,Semiurban
LP002807,Female,No,1,Not Graduate,No,3309.0,2508.0,207.0,369.0,1.0,Urban
LP002878,Female,Yes,3+,Not Graduate,No,8925.0,0.0,114.0,308.0,1.0,Rural
LP001095,Male,Yes,1,Graduate,Yes,12425.0,0.0,219.0,377.0,1.0,Rural
LP002255,Female,Yes,3+,Graduate,Yes,9747.0,1744.0,121.0,415.0,1.0,Semiurban
LP001903,Male,No,1,Not Graduate,No,8415.0,2474.0,60.0,334.0,1.0,Urban
LP002720,Female,No,0,Graduate,Yes,11427.0,165.0,221.0,389.0,0.0,Semiurban
LP001532,Male,No,1,Graduate,No,8717.0,0.0,190.0,250.0,1.0,Urban
LP002231,Female,Yes,0,Not Graduate,No,36.0,1022.0,97.0,286.0,0.0,Urban
LP001233,Male,Yes,2,Graduate,No,3923.0,0.0,232.0,401.0,0.0,Semiurban
LP002433,Female,No,1,Graduate,Yes,2245.0,3620.0,66.0,301.0,1.0,Urban
LP002471,Female,No,1,Graduate,Yes,12369.0,2817.0,175.0,288.0,1.0,Urban
LP001715,Female,Yes,1,Graduate,Yes,0.0,6028.0,11.0,295.0,1.0,Urban
LP001220,Male,No,0,Graduate,No,0.0,635.0,112.0,272.0,0.0,Urban
LP002211,Male,Yes,1,Not Graduate,No,6148.0,1792.0,77.0,408.0,1.0,Rural
LP001695,Female,No,1,Graduate,No,16166.0,2074.0,45.0,412.0,0.0,Urban
LP001713,Male,Yes,3+,Not Graduate,No,9365.0,588.0,144.0,293.0,1.0,Urban
LP001263,Female,No,2,Not Graduate,Yes,11112.0,0.0,168.0,270.0,1.0,Urban
LP001587,Male,No,0,Graduate,Yes,0.0,2809.0,190.0,336.0,1.0,Semiurban
LP001094,Female,Yes,3+,Not Graduate,Yes,8989.0,7950.0,143.0,266.0,0.0,Rural
LP002958,Male,Yes,0,Graduate,No,0.0,4319.0,176.0,388.0,1.0,Urban
LP001943,Female,Yes,3+,Not Graduate,No,9343.0,6926.0,56.0,343.0,1.0,Urban
LP002744,Female,No,2,Not Graduate,Yes,0.0,4040.0,74.0,319.0,1.0,Semiurban
LP002226,Female,Yes,3+,Not Graduate,No,3248.0,1189.0,141.0,409.0,1.0,Rural
LP001351,Female,Yes,0,Graduate,Yes,0.0,3237.0,75.0,281.0,0.0,Rural
LP001197,Male,No,1,Not Graduate,No,141.0,4511.0,143.0,314.0,1.0,Rural
LP002027,Female,Yes,1,Not Graduate,No,0.0,0.0,92.0,264.0,1.0,Urban
LP001066,Male,Yes,2,Not Graduate,No,8888.0,2811.0,130.0,252.0,1.0,Rural
LP002442,Male,Yes,0,Graduate,No,5717.0,1334.0,14.0,283.0,1.0,Semiurban
LP002434,Female,No,0,Graduate,No,2517.0,5619.0,10.0,289.0,0.0,Semiurban
LP001225,Male,No,0,Not Graduate,Yes,5847.0,2614.0,87.0,283.0,1.0,Urban
LP002721,Male,No,2,Not Graduate,Yes,448.0,0.0,40.0,336.0,0.0,Urban
LP001797,Male,Yes,1,Not Graduate,Yes,7013.0,2798.0,0.0,336.0,1.0,Urban
LP001843,Female,No,3+,Not Graduate,No,4737.0,0.0,180.0,241.0,1.0,Urban
LP002570,Male,Yes,2,Graduate,Yes,18170.0,5066.0,218.0,394.0,1.0,Semiurban
LP002920,Male,Yes,3+,Graduate,Yes,14483.0,0.0,210.0,244.0,0.0,Urban
LP001131,Female,Yes,1,Graduate,No,10536.0,0.0,131.0,230.0,1.0,Urban
LP001327,Female,No,2,Not Graduate,No,6845.0,0.0,130.0,410.0,1.0,Urban
LP002788,Male,No,1,Graduate,Yes,7574.0,0.0,150.0,270.0,1.0,Urban
LP001754,Female,Yes,3+,Not Graduate,Yes,12247.0,1179.0,92.0,365.0,1.0,Semiurban
LP001881,Male,Yes,0,Not Graduate,Yes,6821.0,0.0,-0.0,304.0,0.0,Rural
LP001348,Male,No,0,Not Graduate,Yes,7171.0,784.0,234.0,277.0,1.0,Urban
LP002393,Male,No,3+,Graduate,Yes,1897.0,0.0,144.0,265.0,1.0,Semiurban
LP002007,Female,No,0,Not Graduate,No,1265.0,918.0,139.0,367.0,1.0,Rural
LP002949,Male,Yes,3+,Graduate,Yes,4569.0,5470.0,118.0,281.0,1.0,Semiurban
LP002224,Female,No,2,Not Graduate,Yes,0.0,382.0,188.0,414.0,1.0,Rural
LP001610,Female,No,2,Graduate,Yes,5014.0,3299.0,133.0,243.0,1.0,Semiurban
LP002367,Male,No,2,Not Graduate,Yes,3801.0,0.0,105.0,434.0,1.0,Urban
LP002644,Female,Yes,0,Graduate,Yes,10186.0,3178.0,117.0,207.0,1.0,Rural
LP001496,Female,No,1,Not Graduate,Yes,12154.0,4695.0,148.0,361.0,1.0,Semiurban
LP001993,Female,Yes,0,Graduate,No,19824.0,5477.0,53.0,266.0,1.0,Urban
LP001921,Female,Yes,0,Not Graduate,No,8480.0,2148.0,252.0,239.0,0.0,Urban
LP002618,Female,Yes,1,Not Graduate,No,6046.0,3427.0,96.0,336.0,1.0,Rural
LP001882,Male,No,1,Not Graduate,Yes,1956.0,0.0,81.0,386.0,1.0,Semiurban
LP002912,Female,No,1,Graduate,Yes,0.0,560.0,113.0,329.0,1.0,Urban
LP001014,Male,No,1,Not Graduate,No,10386.0,0.0,213.0,339.0,2.0,Semiurban
LP002712,Male,Yes,0,Not Graduate,Yes,5023.0,2495.0,122.0,355.0,1.0,Urban
LP002625,Male,No,3+,Not Graduate,Yes,7600.0,166.0,233.0,382.0,1.0,Urban
LP002527,Male,Yes,2,Graduate,Yes,5286.0,3469.0,117.0,449.0,1.0,Urban
LP001953,Male,No,3+,Not Graduate,No,5434.0,8313.0,33.0,294.0,1.0,Rural
LP001570,Male,No,0,Not Graduate,No,6428.0,3292.0,78.0,373.0,0.0,Semiurban
LP002543,Female,No,1,Graduate,No,7584.0,5440.0,89.0,305.0,1.0,Rural
LP002941,Female,No,2,Not Graduate,Yes,10537.0,0.0,193.0,331.0,1.0,Rural
LP001245,Female,Yes,2,Graduate,No,0.0,1371.0,107.0,387.0,1.0,Rural
LP002836,Male,Yes,3+,Not Graduate,No,8518.0,2191.0,51.0,354.0,1.0,Rural
LP002599,Female,Yes,0,Graduate,No,0.0,1779.0,30.0,294.0,1.0,Rural
LP002798,Female,Yes,0,Graduate,Yes,9174.0,6614.0,1.0,349.0,0.0,Urban
LP002614,Female,No,0,Graduate,No,7004.0,0.0,348.0,365.0,1.0,Urban
LP002816,Male,Yes,2,Not Graduate,No,4744.0,2480.0,84.0,383.0,1.0,Urban
LP001788,Female,Yes,3+,Not Graduate,Yes,4966.0,0.0,177.0,417.0,1.0,Rural
LP001356,Male,Yes,2,Graduate,No,5960.0,2757.0,49.0,459.0,1.0,Urban
LP001702,Female,No,2,Not Graduate,Yes,11393.0,2977.0,238.0,342.0,1.0,Urban
LP002788,Male,Yes,1,Not Graduate,Yes,10889.0,1460.0,76.0,270.0,1.0,Urban
LP002176,Male,Yes,3+,Graduate,No,10222.0,2677.0,287.0,363.0,1.0,Rural
LP002501,Male,No,1,Graduate,No,0.0,67.0,295.0,255.0,1.0,Semiurban
LP002449,Female,No,0,Graduate,No,8461.0,0.0,56.0,466.0,1.0,Semiurban
LP001882,Female,Yes,2,Graduate,Yes,0.0,0.0,238.0,306.0,1.0,Urban
LP002237,Male,Yes,3+,Not Graduate,No,0.0,0.0,288.0,406.0,-0.0,Rural
LP001886,Female,No,0,Not Graduate,No,11581.0,0.0,18.0,363.0,1.0,Semiurban
LP002310,Male,Yes,3+,Not Graduate,No,0.0,0.0,27.0,358.0,1.0,Urban
LP002239,Male,No,2,Not Graduate,Yes,4160.0,0.0,0.0,239.0,1.0,Rural
LP002425,Female,Yes,3+,Not Graduate,Yes,13178.0,634.0,70.0,291.0,1.0,Semiurban
LP001859,Female,Yes,0,Not Graduate,Yes,8504.0,1960.0,65.0,317.0,1.0,Semiurban
LP001915,Female,Yes,1,Graduate,No,7287.0,0.0,117.0,318.0,1.0,Rural
LP001082,Male,Yes,2,Not Graduate,No,4870.0,0.0,44.0,348.0,1.0,Semiurban
LP002417,Male,Yes,1,Not Graduate,Yes,5897.0,0.0,196.0,299.0,1.0,Urban
LP001116,Female,No,2,Not Graduate,No,1619.0,2790.0,145.0,374.0,1.0,Urban
LP002544,Male,No,0,Graduate,No,2449.0,0.0,175.0,336.0,1.0,Rural
LP002760,Female,Yes,2,Graduate,Yes,5672.0,196.0,222.0,385.0,0.0,Rural
LP001734,Male,Yes,1,Not Graduate,Yes,6503.0,4246.0,163.0,246.0,1.0,Urban
LP001451,Female,Yes,2,Graduate,Yes,4281.0,0.0,125.0,393.0,0.0,Rural
LP002684,Female,No,0,Graduate,No,0.0,0.0,79.0,448.0,1.0,Semiurban
LP002984,Male,No,2,Not Graduate,No,14092.0,1365.0,212.0,332.0,0.0,Semiurban
LP002759,Female,No,1,Not Graduate,No,10518.0,0.0,163.0,421.0,0.0,Semiurban
LP002550,Female,No,0,Not Graduate,Yes,4018.0,0.0,159.0,340.0,0.0,Semiurban
LP001380,Male,No,1,Graduate,Yes,10695.0,2143.0,96.0,315.0,0.0,Rural
LP001051,Female,No,2,Graduate,No,3138.0,3968.0,166.0,356.0,1.0,Semiurban
LP002984,Male,No,3+,Not Graduate,Yes,6988.0,1541.0,82.0,444.0,1.0,Rural
LP001864,Female,No,1,Graduate,Yes,0.0,4438.0,167.0,439.0,1.0,Urban
LP002901,Male,Yes,2,Graduate,No,6642.0,3353.0,122.0,243.0,0.0,Semiurban
LP002181,Female,No,3+,Graduate,Yes,3578.0,0.0,198.0,275.0,1.0,Rural
LP001791,Female,No,3+,Not Graduate,No,6422.0,7174.0,40.0,337.0,1.0,Urban
LP001975,Female,No,0,Not Graduate,Yes,14918.0,2475.0,146.0,296.0,1.0,Semiurban
LP002755,Female,No,3+,Not Graduate,No,5077.0,2765.0,197.0,367.0,0.0,Semiurban
LP001190,Male,Yes,1,Not Graduate,Yes,2574.0,0.0,148.0,333.0,2.0,Semiurban
LP002693,Male,No,1,Not Graduate,No,2637.0,0.0,32.0,313.0,1.0,Rural
LP002605,Male,Yes,3+,Graduate,Yes,0.0,0.0,85.0,471.0,1.0,Rural
LP002102,Male,Yes,2,Graduate,Yes,7482.0,4103.0,241.0,393.0,1.0,Urban
LP002485,Male,Yes,1,Graduate,Yes,8223.0,6252.0,137.0,389.0,1.0,Semiurban
LP001032,Male,No,1,Graduate,Yes,5552.0,2387.0,79.0,290.0,1.0,Urban
LP001451,Male,No,0,Graduate,Yes,10419.0,1853.0,240.0,340.0,1.0,Rural
LP002863,Female,No,2,Graduate,No,10473.0,4232.0,262.0,333.0,1.0,Semiurban
LP001379,Female,Yes,3+,Not Graduate,No,5578.0,5357.0,51.0,348.0,1.0,Urban
LP002485,Female,Yes,2,Not Graduate,No,8514.0,0.0,104.0,314.0,1.0,Semiurban
LP002723,Female,Yes,0,Graduate,Yes,17553.0,6028.0,116.0,402.0,1.0,Rural
LP001313,Male,Yes,0,Not Graduate,No,498.0,567.0,184.0,429.0,1.0,Urban
LP001883,Male,No,2,Graduate,Yes,9583.0,4549.0,129.0,392.0,0.0,Semiurban
LP001562,Male,No,0,Graduate,Yes,5674.0,0.0,152.0,336.0,1.0,Semiurban
LP001864,Female,No,0,Not Graduate,No,11135.0,4412.0,131.0,316.0,1.0,Semiurban
LP002745,Male,Yes,0,Not Graduate,No,661.0,0.0,313.0,413.0,1.0,Urban
LP001349,Female,Yes,2,Graduate,Yes,6320.0,4651.0,187.0,363.0,1.0,Rural
LP002622,Male,No,0,Not Graduate,Yes,1309.0,3351.0,120.0,378.0,1.0,Rural
LP001627,Male,No,3+,Graduate,No,0.0,0.0,121.0,362.0,1.0,Urban
LP002842,Male,Yes,3+,Graduate,No,13178.0,5069.0,179.0,294.0,1.0,Semiurban
LP001814,Male,No,1,Graduate,Yes,2705.0,0.0,69.0,444.0,0.0,Urban
LP001153,Female,No,3+,Graduate,Yes,382.0,4709.0,163.0,502.0,1.0,Urban
LP002018,Female,Yes,1,Graduate,No,1894.0,1995.0,155.0,314.0,1.0,Rural
LP002245,Male,Yes,2,Not Graduate,Yes,15570.0,0.0,76.0,340.0,0.0,Urban
LP002734,Female,Yes,0,Graduate,Yes,12643.0,0.0,0.0,317.0,1.0,Semiurban
LP001469,Male,No,3+,Not Graduate,No,3937.0,12213.0,8.0,299.0,1.0,Rural
LP002141,Male,Yes,1,Graduate,No,10085.0,7875.0,125.0,381.0,1.0,Rural
LP001665,Male,No,2,Not Graduate,Yes,0.0,1029.0,213.0,305.0,1.0,Semiurban
LP002016,Male,No,1,Graduate,Yes,8161.0,2756.0,108.0,280.0,1.0,Urban
LP002651,Female,Yes,0,Not Graduate,No,2728.0,4873.0,210.0,371.0,1.0,Rural
LP002766,Male,No,3+,Graduate,Yes,7663.0,0.0,114.0,285.0,1.0,Urban
LP001287,Male,Yes,2,Graduate,No,0.0,3478.0,61.0,302.0,1.0,Semiurban
LP002229,Female,Yes,1,Not Graduate,Yes,1790.0,4286.0,44.0,298.0,1.0,Rural
LP001177,Male,No,2,Not Graduate,No,6216.0,2586.0,71.0,372.0,0.0,Semiurban
LP001754,Female,No,1,Not Graduate,Yes,6156.0,5384.0,153.0,347.0,1.0,Rural
LP001455,Male,Yes,1,Not Graduate,Yes,0.0,2017.0,139.0,221.0,1.0,Semiurban
LP002527,Male,Yes,0,Not Graduate,Yes,0.0,4607.0,123.0,361.0,1.0,Urban
LP002529,Male,Yes,0,Not Graduate,No,7591.0,2244.0,127.0,288.0,0.0,Semiurban
LP001872,Male,Yes,1,Graduate,No,6923.0,0.0,228.0,442.0,1.0,Semiurban
LP002197,Male,Yes,3+,Graduate,No,8913.0,4155.0,288.0,207.0,0.0,Semiurban
LP002544,Male,Yes,2,Graduate,Yes,6263.0,5142.0,85.0,367.0,1.0,Semiurban
LP002387,Female,No,2,Not Graduate,Yes,0.0,1191.0,128.0,393.0,1.0,Semiurban
LP001183,Male,No,0,Not Graduate,No,3165.0,0.0,48.0,264.0,1.0,Urban
LP001708,Female,No,3+,Not Graduate,No,8204.0,3962.0,141.0,324.0,1.0,Urban
LP002847,Female,No,1,Graduate,Yes,0.0,2462.0,118.0,348.0,1.0,Rural
LP002802,Male,Yes,0,Not Graduate,Yes,0.0,2409.0,159.0,332.0,1.0,Semiurban
LP002219,Female,No,1,Graduate,Yes,3454.0,2116.0,211.0,374.0,1.0,Urban
LP002266,Male,No,1,Not Graduate,Yes,6726.0,4342.0,49.0,352.0,1.0,Semiurban
LP002444,Female,Yes,0,Not Graduate,No,0.0,2385.0,126.0,393.0,1.0,Semiurban
LP002806,Male,No,3+,Not Graduate,No,3799.0,311.0,121.0,364.0,1.0,Rural
LP002178,Female,Yes,2,Graduate,Yes,8133.0,0.0,155.0,349.0,0.0,Semiurban
LP002420,Female,Yes,0,Not Graduate,Yes,9254.0,347.0,251.0,324.0,1.0,Urban
LP002459,Male,Yes,3+,Graduate,Yes,0.0,4075.0,92.0,358.0,1.0,Rural
LP001584,Female,Yes,1,Not Graduate,No,7298.0,692.0,190.0,456.0,1.0,Rural
LP001591,Male,Yes,0,Not Graduate,No,10839.0,4070.0,272.0,337.0,1.0,Rural
LP001751,Male,No,2,Not Graduate,Yes,8635.0,0.0,77.0,259.0,1.0,Semiurban
LP001469,Male,No,2,Not Graduate,Yes,2834.0,0.0,154.0,414.0,1.0,Rural
LP002917,Male,No,1,Graduate,Yes,0.0,0.0,153.0,477.0,1.0,Urban
LP002527,Male,Yes,0,Not Graduate,Yes,6372.0,1970.0,42.0,380.0,0.0,Urban
LP002042,Female,No,2,Graduate,Yes,14170.0,6474.0,187.0,470.0,1.0,Rural
LP001903,Female,No,0,Not Graduate,Yes,9873.0,7704.0,229.0,352.0,1.0,Rural
LP001536,Female,No,2,Not Graduate,No,9477.0,4477.0,91.0,534.0,0.0,Rural
LP001797,Male,No,1,Not Graduate,No,6139.0,0.0,120.0,247.0,1.0,Semiurban
LP001726,Female,Yes,1,Graduate,No,10287.0,0.0,7.0,332.0,1.0,Rural
LP001647,Female,No,0,Not Graduate,Yes,6907.0,0.0,224.0,381.0,1.0,Rural
LP002341,Female,Yes,3+,Graduate,Yes,0.0,2051.0,210.0,292.0,1.0,Semiurban
LP002989,Female,Yes,3+,Graduate,Yes,10257.0,6020.0,69.0,419.0,1.0,Rural
LP001332,Female,No,1,Not Graduate,No,276.0,3819.0,77.0,378.0,1.0,Rural
LP001413,Male,Yes,2,Graduate,Yes,5563.0,0.0,112.0,328.0,1.0,Urban
LP002767,Male,Yes,3+,Not Graduate,No,9390.0,5378.0,243.0,370.0,1.0,Urban
LP001119,Female,Yes,1,Graduate,Yes,913.0,4876.0,137.0,355.0,1.0,Urban
LP001993,Male,Yes,2,Graduate,Yes,0.0,5797.0,154.0,384.0,2.0,Semiurban
LP002806,Male,Yes,2,Graduate,Yes,7897.0,4617.0,154.0,327.0,1.0,Urban
LP002112,Female,Yes,3+,Graduate,No,0.0,171.0,249.0,198.0,1.0,Urban
LP002008,Female,Yes,1,Not Graduate,No,4082.0,0.0,114.0,398.0,1.0,Rural
LP001253,Male,No,2,Graduate,No,11606.0,4785.0,132.0,338.0,0.0,Semiurban
LP002857,Female,No,2,Not Graduate,Yes,14443.0,3713.0,233.0,291.0,1.0,Rural
LP001907,Male,Yes,0,Graduate,No,0.0,0.0,233.0,318.0,1.0,Rural
LP001606,Male,Yes,0,Not Graduate,Yes,3934.0,0.0,62.0,329.0,1.0,Semiurban
LP002561,Female,No,3+,Not Graduate,Yes,12413.0,0.0,0.0,245.0,1.0,Semiurban
LP001242,Male,No,0,Graduate,No,2912.0,3580.0,142.0,284.0,0.0,Rural
LP001892,Male,No,1,Graduate,No,9690.0,1560.0,193.0,335.0,1.0,Rural
LP002245,Male,No,3+,Not Graduate,Yes,10119.0,885.0,167.0,331.0,0.0,Rural
LP001054,Female,Yes,3+,Graduate,Yes,1700.0,461.0,95.0,281.0,1.0,Semiurban
LP001208,Female,Yes,0,Graduate,Yes,7621.0,0.0,287.0,258.0,1.0,Rural
LP002360,Female,No,2,Graduate,Yes,7967.0,4227.0,60.0,287.0,1.0,Rural
LP001950,Female,No,1,Graduate,No,10363.0,0.0,37.0,362.0,1.0,Urban
LP002354,Male,No,1,Graduate,No,0.0,4762.0,232.0,300.0,1.0,Urban
LP002769,Female,No,1,Graduate,No,12543.0,0.0,110.0,399.0,1.0,Urban
LP001931,Female,Yes,3+,Graduate,Yes,9092.0,264.0,274.0,418.0,1.0,Urban
LP001573,Female,No,1,Graduate,Yes,0.0,6944.0,123.0,456.0,1.0,Urban
LP002551,Female,No,2,Graduate,Yes,4452.0,2240.0,112.0,383.0,1.0,Rural
LP001891,Male,No,2,Not Graduate,No,9951.0,268.0,181.0,370.0,1.0,Rural
LP002766,Male,Yes,0,Graduate,Yes,0.0,0.0,209.0,432.0,1.0,Semiurban
LP001225,Male,Yes,1,Graduate,Yes,0.0,0.0,310.0,263.0,1.0,Semiurban
LP002537,Female,Yes,3+,Graduate,No,5286.0,2835.0,209.0,383.0,1.0,Semiurban
LP002786,Female,No,0,Graduate,No,2695.0,4045.0,225.0,404.0,1.0,Rural
LP001819,Male,No,2,Graduate,Yes,6609.0,2285.0,98.0,342.0,0.0,Urban
LP001536,Female,No,1,Not Graduate,No,9867.0,1441.0,217.0,396.0,1.0,Rural
LP001138,Female,Yes,2,Not Graduate,Yes,6730.0,3237.0,191.0,320.0,0.0,Rural
LP002782,Male,Yes,0,Graduate,No,5121.0,0.0,97.0,345.0,1.0,Semiurban
LP002449,Male,No,2,Not Graduate,Yes,9893.0,2630.0,36.0,366.0,1.0,Semiurban
LP001674,Female,No,1,Graduate,No,4582.0,2784.0,73.0,364.0,2.0,Semiurban
LP001232,Female,Yes,1,Graduate,No,933.0,2329.0,103.0,252.0,1.0,Semiurban
LP001432,Female,No,0,Not Graduate,No,11759.0,92.0,127.0,309.0,0.0,Rural
LP001002,Male,No,1,Not Graduate,No,0.0,0.0,200.0,345.0,1.0,Semiurban
LP002920,Male,No,2,Not Graduate,Yes,5544.0,0.0,216.0,368.0,1.0,Urban
LP001794,Male,Yes,2,Not Graduate,Yes,3110.0,5600.0,278.0,386.0,1.0,Rural
LP002333,Male,No,3+,Not Graduate,No,0.0,1451.0,176.0,344.0,0.0,Urban
LP001153,Female,No,3+,Graduate,Yes,6880.0,450.0,30.0,414.0,1.0,Rural
LP001653,Male,No,3+,Graduate,No,7798.0,185.0,73.0,323.0,1.0,Rural
LP002877,Male,No,2,Graduate,No,458.0,0.0,125.0,398.0,1.0,Semiurban
LP002659,Female,Yes,2,Not Graduate,Yes,0.0,145.0,225.0,332.0,0.0,Urban
LP002409,Female,Yes,0,Graduate,Yes,0.0,4895.0,191.0,283.0,-0.0,Rural
LP002721,Female,Yes,3+,Not Graduate,Yes,15506.0,3183.0,84.0,513.0,1.0,Urban
LP002105,Male,No,2,Graduate,Yes,16135.0,3854.0,56.0,375.0,2.0,Rural
LP002064,Female,Yes,0,Not Graduate,Yes,5348.0,4210.0,93.0,222.0,1.0,Rural
LP001504,Female,No,2,Not Graduate,Yes,0.0,7583.0,47.0,401.0,1.0,Rural
LP001653,Male,Yes,0,Graduate,Yes,4352.0,1677.0,133.0,353.0,0.0,Urban
LP002723,Male,No,3+,Graduate,No,0.0,438.0,177.0,399.0,1.0,Rural
LP001754,Female,Yes,3+,Graduate,Yes,6972.0,2791.0,165.0,377.0,1.0,Urban
LP002006,Male,Yes,3+,Graduate,No,0.0,3366.0,106.0,292.0,1.0,Urban
LP001096,Female,Yes,2,Not Graduate,Yes,0.0,1509.0,145.0,402.0,0.0,Semiurban
LP002849,Female,No,2,Graduate,Yes,10748.0,0.0,41.0,299.0,1.0,Urban
LP001972,Male,No,0,Not Graduate,No,4301.0,2108.0,89.0,290.0,1.0,Rural
LP001219,Female,No,1,Graduate,No,10110.0,3082.0,167.0,320.0,2.0,Rural
LP002473,Male,Yes,1,Graduate,No,12053.0,2546.0,317.0,275.0,0.0,Rural
LP002288,Male,No,3+,Graduate,No,4671.0,0.0,247.0,375.0,1.0,Rural
LP002778,Male,No,1,Graduate,Yes,5150.0,0.0,41.0,478.0,1.0,Urban
LP002263,Female,No,3+,Graduate,Yes,11207.0,3551.0,208.0,270.0,1.0,Semiurban
LP002389,Male,No,0,Not Graduate,No,2111.0,590.0,156.0,432.0,1.0,Urban
LP001822,Male,No,1,Graduate,No,11756.0,7650.0,158.0,303.0,1.0,Rural
LP002294,Female,No,1,Not Graduate,Yes,0.0,5248.0,340.0,304.0,1.0,Urban
LP001693,Female,Yes,3+,Graduate,Yes,3159.0,0.0,105.0,268.0,1.0,Semiurban
LP001702,Female,Yes,0,Not Graduate,No,6246.0,4393.0,183.0,365.0,0.0,Semiurban
LP001398,Female,No,1,Graduate,Yes,0.0,5954.0,202.0,256.0,1.0,Semiurban
LP001651,Male,Yes,1,Graduate,Yes,7284.0,391.0,89.0,311.0,1.0,Semiurban
LP001183,Male,Yes,1,Graduate,No,6161.0,1368.0,0.0,414.0,1.0,Semiurban
LP001835,Male,No,0,Not Graduate,No,1010.0,112.0,40.0,444.0,1.0,Urban
LP001732,Female,No,0,Not Graduate,No,792.0,0.0,162.0,280.0,2.0,Semiurban
LP002308,Female,Yes,1,Graduate,No,213.0,5889.0,212.0,322.0,1.0,Semiurban
LP002418,Male,No,3+,Graduate,Yes,0.0,0.0,184.0,333.0,1.0,Rural
LP002953,Female,Yes,3+,Graduate,No,14349.0,0.0,183.0,246.0,1.0,Semiurban
LP002142,Female,Yes,1,Not Graduate,Yes,3982.0,453.0,168.0,305.0,1.0,Urban
LP002495,Male,Yes,0,Graduate,Yes,0.0,2029.0,79.0,301.0,1.0,Rural
LP002795,Male,No,1,Not Graduate,Yes,4483.0,0.0,140.0,374.0,1.0,Urban
LP002777,Female,Yes,0,Graduate,Yes,6546.0,5286.0,191.0,358.0,1.0,Rural
LP001498,Female,No,1,Not Graduate,No,521.0,0.0,179.0,350.0,1.0,Semiurban
LP002983,Female,No,0,Not Graduate,Yes,3103.0,0.0,269.0,328.0,1.0,Urban
LP002603,Male,No,2,Not Graduate,No,12606.0,1760.0,97.0,428.0,1.0,Rural
LP002257,Male,No,3+,Graduate,Yes,0.0,0.0,99.0,341.0,1.0,Urban
LP001466,Male,No,2,Not Graduate,No,1867.0,2167.0,88.0,407.0,2.0,Rural
LP002768,Male,Yes,3+,Graduate,Yes,0.0,0.0,0.0,381.0,1.0,Semiurban
LP001231,Male,No,0,Not Graduate,Yes,15564.0,3797.0,190.0,352.0,0.0,Urban
LP002743,Female,No,2,Graduate,No,8928.0,0.0,143.0,400.0,1.0,Urban
LP002298,Female,No,3+,Not Graduate,No,4898.0,5529.0,124.0,322.0,1.0,Urban
LP002624,Female,No,1,Not Graduate,No,1090.0,3313.0,79.0,284.0,1.0,Semiurban
LP002940,Male,No,0,Graduate,No,806.0,0.0,185.0,340.0,1.0,Semiurban
LP002442,Male,Yes,0,Graduate,Yes,3647.0,3299.0,144.0,440.0,1.0,Rural
LP001910,Male,No,1,Not Graduate,Yes,8005.0,1999.0,262.0,356.0,1.0,Urban
LP002362,Female,No,1,Not Graduate,Yes,0.0,3738.0,144.0,309.0,0.0,Rural
LP002339,Male,Yes,3+,Graduate,Yes,2542.0,3232.0,175.0,289.0,1.0,Rural
LP001884,Male,No,0,Not Graduate,Yes,10062.0,2579.0,264.0,243.0,1.0,Semiurban
LP001532,Female,Yes,3+,Not Graduate,No,14344.0,1778.0,117.0,289.0,1.0,Urban
LP002990,Male,Yes,1,Graduate,No,8275.0,4061.0,109.0,362.0,1.0,Semiurban
LP001589,Female,Yes,0,Graduate,Yes,1408.0,4785.0,253.0,327.0,1.0,Urban
LP001242,Male,Yes,1,Graduate,No,4297.0,1973.0,22.0,357.0,1.0,Rural
LP002816,Male,No,3+,Not Graduate,Yes,7528.0,3250.0,122.0,283.0,1.0,Semiurban
LP001267,Female,No,3+,Not Graduate,Yes,3520.0,4150.0,121.0,409.0,1.0,Semiurban
LP001056,Female,Yes,3+,Not Graduate,No,9234.0,5971.0,77.0,391.0,1.0,Urban
LP002826,Female,Yes,0,Graduate,Yes,1022.0,5496.0,183.0,306.0,1.0,Rural
LP002570,Female,No,1,Not Graduate,No,14368.0,4402.0,98.0,250.0,1.0,Semiurban
LP002366,Female,Yes,1,Graduate,Yes,4681.0,476.0,151.0,358.0,1.0,Rural
LP001896,Female,Yes,3+,Graduate,No,1586.0,0.0,70.0,214.0,1.0,Semiurban
LP001517,Male,Yes,3+,Not Graduate,Yes,8549.0,3123.0,165.0,257.0,0.0,Semiurban
LP001917,Male,No,3+,Graduate,Yes,0.0,3102.0,304.0,316.0,0.0,Semiurban
LP002986,Female,Yes,3+,Not Graduate,No,6022.0,523.0,138.0,285.0,0.0,Rural
LP001586,Male,No,2,Graduate,Yes,13161.0,0.0,142.0,427.0,1.0,Rural
LP002068,Female,No,2,Graduate,Yes,0.0,6104.0,51.0,321.0,1.0,Rural
LP001548,Male,No,2,Graduate,No,11965.0,2759.0,208.0,374.0,1.0,Rural
LP001207,Female,Yes,3+,Not Graduate,No,0.0,0.0,136.0,200.0,1.0,Rural
LP001248,Male,Yes,3+,Graduate,No,9852.0,1257.0,173.0,226.0,1.0,Rural
LP001818,Male,No,1,Not Graduate,Yes,0.0,0.0,216.0,298.0,1.0,Rural
LP001124,Male,No,0,Graduate,No,11967.0,3456.0,128.0,356.0,1.0,Urban
LP002209,Male,No,1,Graduate,No,1899.0,6632.0,222.0,259.0,1.0,Rural
LP001108,Male,Yes,2,Graduate,No,3149.0,1096.0,227.0,366.0,1.0,Rural
LP002625,Female,Yes,1,Not Graduate,Yes,0.0,1350.0,169.0,430.0,1.0,Urban
LP001975,Female,No,3+,Not Graduate,No,0.0,851.0,158.0,291.0,1.0,Urban
LP002806,Female,No,2,Not Graduate,Yes,0.0,992.0,145.0,341.0,1.0,Rural
LP002281,Male,Yes,2,Not Graduate,Yes,0.0,0.0,186.0,324.0,2.0,Rural
LP001422,Female,No,0,Not Graduate,No,0.0,5359.0,183.0,315.0,1.0,Rural
LP002781,Male,Yes,0,Graduate,Yes,6854.0,2132.0,32.0,363.0,1.0,Urban
LP002398,Male,Yes,2,Graduate,Yes,13864.0,1774.0,91.0,343.0,2.0,Semiurban
LP002183,Male,No,2,Not Graduate,Yes,15416.0,987.0,217.0,330.0,1.0,Semiurban
LP001335,Female,No,1,Not Graduate,Yes,0.0,0.0,162.0,351.0,0.0,Semiurban
LP002786,Male,Yes,2,Not Graduate,Yes,4554.0,4153.0,126.0,398.0,1.0,Semiurban
LP002493,Female,Yes,3+,Not Graduate,No,11813.0,5471.0,279.0,382.0,1.0,Semiurban
LP001924,Female,Yes,1,Graduate,No,0.0,0.0,205.0,228.0,1.0,Rural
LP001872,Male,Yes,3+,Not Graduate,No,12034.0,3531.0,226.0,285.0,1.0,Semiurban
LP002050,Male,Yes,3+,Not Graduate,Yes,12128.0,3947.0,125.0,380.0,1.0,Rural
LP001323,Female,No,3+,Not Graduate,No,0.0,5093.0,172.0,510.0,1.0,Urban
LP002211,Female,Yes,2,Not Graduate,Yes,0.0,4879.0,136.0,300.0,1.0,Urban
LP002123,Female,Yes,0,Graduate,Yes,2900.0,8768.0,62.0,245.0,0.0,Semiurban
LP001289,Female,Yes,0,Graduate,Yes,10522.0,2690.0,158.0,491.0,1.0,Urban
LP001219,Female,No,3+,Not Graduate,Yes,0.0,4301.0,138.0,425.0,1.0,Rural
LP001682,Female,No,2,Graduate,No,0.0,1636.0,137.0,420.0,1.0,Semiurban
LP002125,Male,Yes,1,Graduate,Yes,5546.0,0.0,219.0,349.0,0.0,Semiurban
LP001655,Female,Yes,3+,Not Graduate,No,8783.0,3528.0,134.0,339.0,1.0,Rural
LP002860,Female,No,1,Not Graduate,No,1306.0,4304.0,148.0,333.0,1.0,Rural
LP002101,Female,No,1,Graduate,Yes,1772.0,2531.0,152.0,392.0,1.0,Rural
LP001743,Female,No,2,Graduate,No,8749.0,0.0,181.0,424.0,1.0,Semiurban
LP001119,Male,No,2,Graduate,No,226.0,0.0,166.0,353.0,1.0,Urban
LP001490,Male,Yes,0,Graduate,No,653.0,3688.0,196.0,393.0,1.0,Urban
LP001233,Female,No,0,Graduate,Yes,6759.0,608.0,43.0,433.0,1.0,Urban
LP001906,Female,Yes,2,Not Graduate,Yes,7395.0,2570.0,154.0,403.0,1.0,Urban
LP002648,Female,Yes,3+,Graduate,Yes,3905.0,2914.0,134.0,380.0,1.0,Semiurban
LP002412,Male,No,0,Graduate,No,13634.0,1291.0,41.0,295.0,1.0,Rural
LP001128,Male,No,1,Graduate,No,9450.0,906.0,31.0,300.0,1.0,Urban
LP001056,Male,No,3+,Graduate,Yes,3181.0,1248.0,94.0,230.0,0.0,Semiurban
LP002943,Male,No,1,Graduate,Yes,0.0,3210.0,92.0,367.0,1.0,Semiurban
LP002790,Male,Yes,2,Graduate,No,10826.0,2907.0,124.0,350.0,1.0,Urban
LP001107,Male,Yes,1,Graduate,Yes,11026.0,0.0,152.0,425.0,1.0,Rural
LP001448,Female,Yes,3+,Graduate,Yes,4616.0,1562.0,181.0,372.0,1.0,Rural
LP001844,Male,No,2,Not Graduate,No,6757.0,0.0,47.0,321.0,1.0,Semiurban
LP001420,Male,Yes,3+,Not Graduate,No,9173.0,3000.0,73.0,311.0,1.0,Rural
LP001032,Female,No,1,Graduate,Yes,14310.0,336.0,75.0,365.0,1.0,Semiurban
LP002529,Male,Yes,3+,Not Graduate,Yes,10233.0,3559.0,133.0,359.0,1.0,Rural
LP001206,Female,No,2,Not Graduate,Yes,7714.0,948.0,145.0,461.0,1.0,Urban
LP002442,Male,Yes,1,Not Graduate,Yes,10475.0,4712.0,220.0,335.0,0.0,Rural
LP002379,Female,Yes,1,Not Graduate,No,11736.0,5226.0,72.0,374.0,1.0,Urban
LP001313,Female,No,0,Not Graduate,Yes,6722.0,2810.0,203.0,449.0,0.0,Urban
LP001882,Female,Yes,0,Not Graduate,Yes,10405.0,603.0,28.0,333.0,1.0,Semiurban
LP001100,Female,Yes,3+,Graduate,No,1328.0,0.0,144.0,321.0,1.0,Urban
LP001921,Female,No,0,Graduate,No,11076.0,4216.0,185.0,255.0,0.0,Semiurban
LP002868,Male,No,0,Not Graduate,No,1375.0,1422.0,192.0,319.0,0.0,Urban
LP002582,Male,No,0,Graduate,No,0.0,1733.0,273.0,367.0,-0.0,Urban
LP002813,Female,No,0,Not Graduate,No,4446.0,546.0,327.0,432.0,1.0,Urban
LP002502,Female,No,2,Graduate,No,0.0,0.0,174.0,253.0,1.0,Rural
LP001842,Female,Yes,2,Graduate,No,1783.0,4523.0,40.0,284.0,1.0,Rural
LP001237,Male,No,0,Graduate,Yes,7335.0,1372.0,437.0,220.0,1.0,Urban
LP002065,Female,Yes,3+,Not Graduate,Yes,6763.0,0.0,231.0,460.0,1.0,Semiurban
LP001977,Female,Yes,2,Graduate,No,8822.0,1227.0,222.0,353.0,0.0,Urban
LP001900,Female,No,0,Graduate,Yes,8910.0,0.0,109.0,314.0,1.0,Semiurban
LP002397,Female,Yes,2,Not Graduate,Yes,7311.0,3207.0,133.0,225.0,1.0,Urban
LP002890,Male,Yes,1,Not Graduate,No,330.0,2834.0,79.0,342.0,1.0,Urban
LP001361,Female,No,2,Graduate,No,10438.0,5703.0,195.0,316.0,1.0,Semiurban
LP002760,Female,Yes,2,Not Graduate,No,4556.0,0.0,107.0,225.0,0.0,Semiurban
LP001674,Male,No,3+,Graduate,No,6548.0,5509.0,198.0,323.0,0.0,Rural
LP002424,Female,No,2,Graduate,No,5773.0,3014.0,85.0,422.0,1.0,Semiurban
LP002599,Female,No,3+,Not Graduate,Yes,14147.0,0.0,216.0,325.0,1.0,Urban
LP002055,Male,Yes,1,Not Graduate,Yes,0.0,6569.0,164.0,419.0,1.0,Semiurban
LP001100,Male,Yes,0,Graduate,No,3226.0,1264.0,241.0,444.0,0.0,Rural
LP002971,Male,Yes,3+,Not Graduate,No,8206.0,0.0,306.0,325.0,1.0,Urban
LP002536,Female,Yes,2,Graduate,Yes,5305.0,4428.0,164.0,336.0,1.0,Urban
LP001591,Female,No,2,Not Graduate,Yes,2419.0,0.0,248.0,375.0,1.0,Urban
LP002533,Male,Yes,3+,Not Graduate,Yes,0.0,4745.0,249.0,409.0,1.0,Semiurban
LP001222,Male,No,1,Not Graduate,No,3546.0,1080.0,141.0,435.0,1.0,Urban
LP001014,Male,Yes,0,Not Graduate,No,7244.0,652.0,163.0,441.0,0.0,Urban
LP001964,Female,Yes,2,Not Graduate,Yes,8275.0,0.0,164.0,294.0,1.0,Semiurban
LP002119,Female,Yes,1,Graduate,No,4223.0,0.0,109.0,437.0,2.0,Urban
LP002377,Male,Yes,0,Graduate,Yes,6193.0,2038.0,109.0,376.0,1.0,Semiurban
LP002362,Female,Yes,0,Graduate,No,0.0,0.0,237.0,308.0,0.0,Semiurban
LP002098,Male,No,2,Not Graduate,No,7397.0,3476.0,88.0,268.0,0.0,Rural
LP002401,Female,Yes,3+,Graduate,Yes,5234.0,175.0,131.0,290.0,1.0,Urban
LP002917,Female,Yes,2,Graduate,Yes,6121.0,524.0,117.0,366.0,1.0,Semiurban
LP001594,Female,Yes,2,Not Graduate,No,3930.0,3187.0,178.0,310.0,1.0,Rural
LP002798,Female,Yes,2,Not Graduate,Yes,6392.0,1047.0,321.0,366.0,1.0,Semiurban
LP002705,Male,No,1,Not Graduate,No,8794.0,4948.0,128.0,269.0,1.0,Urban
LP002412,Female,Yes,3+,Graduate,Yes,6635.0,0.0,31.0,293.0,1.0,Rural
LP001231,Female,No,1,Graduate,Yes,0.0,3778.0,151.0,336.0,1.0,Semiurban
LP001066,Male,Yes,2,Not Graduate,No,6753.0,1667.0,67.0,331.0,1.0,Rural
LP002123,Female,No,3+,Graduate,No,2971.0,0.0,162.0,259.0,1.0,Urban
LP002959,Male,No,0,Graduate,No,1147.0,4182.0,84.0,301.0,1.0,Semiurban
LP002305,Male,No,3+,Not Graduate,Yes,12863.0,3197.0,155.0,229.0,1.0,Urban
LP001768,Female,No,2,Graduate,Yes,0.0,2223.0,50.0,347.0,1.0,Semiurban
LP002723,Female,No,3+,Not Graduate,No,512.0,914.0,122.0,442.0,2.0,Rural
LP002118,Male,Yes,0,Graduate,Yes,0.0,0.0,66.0,292.0,-0.0,Urban
LP002777,Male,No,0,Not Graduate,No,13384.0,0.0,240.0,280.0,2.0,Rural
LP001979,Male,Yes,3+,Graduate,No,10255.0,5316.0,86.0,406.0,1.0,Semiurban
LP002619,Female,No,0,Graduate,No,3288.0,3850.0,185.0,266.0,1.0,Semiurban
LP001312,Male,No,1,Not Graduate,No,8670.0,3148.0,156.0,408.0,1.0,Urban
LP001616,Male,Yes,3+,Not Graduate,No,0.0,441.0,158.0,264.0,1.0,Urban
LP001473,Male,No,0,Not Graduate,Yes,7887.0,7132.0,171.0,319.0,0.0,Semiurban
LP002152,Female,No,0,Not Graduate,Yes,299.0,0.0,189.0,327.0,1.0,Rural
LP002453,Male,No,3+,Graduate,No,14712.0,574.0,244.0,388.0,1.0,Semiurban
LP002131,Female,No,1,Not Graduate,Yes,7273.0,6531.0,215.0,464.0,1.0,Rural
LP002740,Female,Yes,3+,Not Graduate,No,5926.0,1459.0,261.0,320.0,1.0,Urban
LP001867,Male,No,0,Not Graduate,Yes,506.0,6327.0,60.0,341.0,1.0,Rural
LP002305,Female,No,3+,Not Graduate,Yes,541.0,2631.0,39.0,231.0,1.0,Semiurban
LP001255,Male,Yes,0,Not Graduate,No,8554.0,202.0,271.0,340.0,0.0,Rural
LP002803,Female,Yes,2,Graduate,Yes,452.0,1070.0,186.0,417.0,0.0,Urban
LP002877,Female,No,3+,Not Graduate,No,229.0,0.0,60.0,496.0,1.0,Rural
LP002329,Male,No,3+,Not Graduate,Yes,13193.0,3487.0,121.0,319.0,0.0,Semiurban
LP002562,Male,Yes,0,Not Graduate,No,6817.0,4927.0,184.0,389.0,1.0,Semiurban
LP001658,Male,No,0,Graduate,No,0.0,2872.0,139.0,418.0,1.0,Rural
LP001562,Female,Yes,0,Graduate,No,8322.0,2373.0,190.0,249.0,1.0,Semiurban
LP002130,Female,No,0,Graduate,No,3591.0,0.0,52.0,435.0,1.0,Urban
LP002853,Male,Yes,3+,Not Graduate,No,0.0,4575.0,140.0,290.0,1.0,Rural
LP002161,Male,Yes,0,Not Graduate,No,2338.0,3885.0,152.0,359.0,1.0,Rural
LP001855,Female,Yes,3+,Graduate,Yes,0.0,2358.0,88.0,260.0,0.0,Rural
LP002898,Female,No,1,Graduate,No,6636.0,783.0,121.0,318.0,1.0,Semiurban
LP001280,Female,No,3+,Not Graduate,Yes,1446.0,1721.0,107.0,232.0,-0.0,Rural
LP002781,Male,No,0,Not Graduate,No,5697.0,0.0,57.0,360.0,0.0,Rural
LP001868,Female,No,0,Not Graduate,Yes,8974.0,0.0,95.0,442.0,1.0,Rural
LP001715,Male,Yes,1,Graduate,No,18626.0,787.0,157.0,344.0,1.0,Rural
LP001284,Female,Yes,3+,Not Graduate,No,16456.0,0.0,67.0,248.0,1.0,Urban
LP001567,Female,Yes,1,Not Graduate,Yes,6451.0,222.0,90.0,320.0,1.0,Semiurban
LP002635,Male,No,3+,Graduate,No,4880.0,275.0,11.0,356.0,0.0,Urban
LP002855,Male,No,0,Graduate,No,1791.0,1390.0,254.0,333.0,1.0,Rural
LP001923,Male,No,3+,Graduate,No,0.0,1211.0,214.0,386.0,1.0,Semiurban
LP001868,Female,Yes,0,Not Graduate,No,0.0,0.0,236.0,473.0,1.0,Rural
LP001601,Female,No,0,Graduate,Yes,381.0,2548.0,170.0,338.0,1.0,Urban
LP001915,Female,No,2,Graduate,No,14505.0,1959.0,165.0,334.0,1.0,Rural
LP001187,Male,Yes,2,Not Graduate,Yes,14310.0,4215.0,126.0,295.0,0.0,Urban
LP002500,Female,Yes,3+,Not Graduate,No,5588.0,1021.0,243.0,409.0,1.0,Urban
LP002225,Male,No,0,Graduate,No,7829.0,4550.0,144.0,467.0,1.0,Semiurban
LP002170,Male,Yes,1,Not Graduate,No,1736.0,1186.0,0.0,330.0,1.0,Rural
LP002443,Male,No,0,Graduate,No,5008.0,2527.0,0.0,359.0,1.0,Rural
LP002408,Female,Yes,1,Not Graduate,Yes,759.0,0.0,171.0,353.0,0.0,Rural
LP001319,Female,Yes,3+,Not Graduate,No,749.0,4691.0,68.0,292.0,1.0,Semiurban
LP001055,Male,Yes,3+,Graduate,No,8668.0,5136.0,150.0,390.0,1.0,Urban
LP001769,Female,No,1,Graduate,No,1733.0,6722.0,201.0,340.0,1.0,Semiurban
LP002389,Male,No,1,Graduate,Yes,7983.0,127.0,78.0,357.0,2.0,Semiurban
LP002362,Male,No,0,Not Graduate,Yes,4342.0,3042.0,119.0,405.0,1.0,Urban
LP001498,Female,Yes,3+,Graduate,Yes,13255.0,0.0,122.0,321.0,1.0,Rural
LP001936,Male,Yes,0,Not Graduate,Yes,8325.0,0.0,75.0,348.0,1.0,Urban
LP002379,Male,Yes,1,Not Graduate,No,6571.0,3134.0,32.0,295.0,1.0,Urban
LP001737,Female,Yes,2,Graduate,No,0.0,1295.0,58.0,271.0,0.0,Urban
LP002325,Male,No,2,Not Graduate,Yes,2386.0,0.0,27.0,350.0,0.0,Rural
LP002165,Male,No,2,Not Graduate,No,4893.0,2089.0,129.0,356.0,1.0,Urban
LP001386,Male,No,1,Graduate,No,5491.0,4140.0,128.0,402.0,1.0,Semiurban
LP001211,Male,Yes,0,Not Graduate,Yes,8957.0,1773.0,102.0,293.0,1.0,Urban
LP001455,Male,Yes,3+,Not Graduate,No,6353.0,4942.0,33.0,274.0,1.0,Urban
LP001146,Male,No,1,Graduate,Yes,0.0,0.0,228.0,458.0,1.0,Semiurban
LP001972,Male,Yes,2,Graduate,Yes,8552.0,4546.0,94.0,351.0,1.0,Rural
LP002442,Female,No,0,Not Graduate,Yes,2553.0,559.0,341.0,253.0,1.0,Semiurban
LP001647,Female,Yes,3+,Not Graduate,Yes,1492.0,4946.0,209.0,339.0,0.0,Rural
LP001488,Male,Yes,3+,Not Graduate,Yes,0.0,0.0,0.0,299.0,1.0,Rural
LP002789,Male,No,1,Not Graduate,Yes,3179.0,2229.0,238.0,366.0,0.0,Rural
LP002300,Female,No,1,Graduate,No,2006.0,2223.0,88.0,315.0,2.0,Rural
LP002550,Female,Yes,3+,Not Graduate,No,11790.0,2899.0,71.0,423.0,1.0,Semiurban
LP002383,Female,No,3+,Not Graduate,No,3656.0,646.0,121.0,258.0,1.0,Rural
LP002950,Female,No,2,Not Graduate,Yes,8211.0,2776.0,230.0,425.0,0.0,Semiurban
LP002069,Female,Yes,3+,Not Graduate,Yes,0.0,1063.0,183.0,391.0,1.0,Urban
LP002115,Male,Yes,1,Graduate,Yes,9419.0,170.0,157.0,363.0,1.0,Semiurban
LP001789,Female,Yes,0,Not Graduate,No,8833.0,5447.0,79.0,410.0,1.0,Urban
LP002823,Female,No,2,Graduate,No,0.0,1814.0,216.0,421.0,1.0,Semiurban
LP001472,Female,Yes,2,Graduate,Yes,215.0,0.0,66.0,342.0,-0.0,Urban
LP002036,Male,Yes,3+,Graduate,Yes,1404.0,0.0,223.0,448.0,1.0,Semiurban
LP001035,Male,Yes,0,Graduate,Yes,4025.0,5548.0,168.0,382.0,1.0,Semiurban
LP002175,Male,Yes,2,Graduate,Yes,1165.0,0.0,96.0,307.0,2.0,Semiurban
LP002148,Male,Yes,1,Not Graduate,Yes,3785.0,3072.0,307.0,255.0,1.0,Semiurban
LP002229,Male,No,3+,Graduate,No,8902.0,0.0,213.0,412.0,1.0,Urban
LP001770,Male,Yes,1,Graduate,Yes,2001.0,0.0,186.0,342.0,0.0,Rural
LP001909,Female,Yes,3+,Graduate,Yes,6873.0,2908.0,151.0,226.0,1.0,Semiurban
LP002126,Male,No,2,Not Graduate,Yes,6180.0,709.0,54.0,364.0,1.0,Urban
LP002776,Male,Yes,3+,Graduate,Yes,0.0,5921.0,145.0,325.0,1.0,Semiurban
LP002111,Female,Yes,0,Not Graduate,No,579.0,4662.0,267.0,299.0,0.0,Rural
LP002785,Male,No,1,Graduate,Yes,10793.0,5042.0,36.0,408.0,1.0,Urban
LP002714,Female,Yes,0,Graduate,Yes,84.0,4500.0,186.0,291.0,1.0,Urban
LP002339,Female,No,1,Not Graduate,Yes,0.0,3477.0,250.0,313.0,1.0,Urban
LP001995,Male,Yes,1,Not Graduate,No,11079.0,0.0,254.0,328.0,1.0,Semiurban
LP002118,Female,No,3+,Not Graduate,Yes,6054.0,966.0,73.0,408.0,1.0,Semiurban
LP002842,Female,No,2,Graduate,No,13479.0,3426.0,100.0,266.0,0.0,Rural
LP002782,Female,Yes,2,Not Graduate,Yes,2533.0,812.0,150.0,301.0,1.0,Rural
LP001636,Female,No,0,Not Graduate,Yes,12026.0,1520.0,178.0,370.0,1.0,Semiurban
LP001119,Male,No,3+,Not Graduate,Yes,118.0,3572.0,242.0,374.0,1.0,Semiurban
LP002778,Female,Yes,2,Not Graduate,Yes,0.0,4473.0,127.0,269.0,1.0,Urban
LP002277,Male,Yes,1,Not Graduate,Yes,9014.0,0.0,216.0,317.0,1.0,Semiurban
LP001472,Female,No,1,Graduate,Yes,8444.0,3424.0,0.0,335.0,1.0,Urban
LP001921,Female,Yes,3+,Not Graduate,Yes,9012.0,3138.0,122.0,361.0,0.0,Rural
LP002582,Female,No,0,Graduate,Yes,4004.0,0.0,216.0,329.0,1.0,Semiurban
LP001231,Male,No,3+,Not Graduate,Yes,13534.0,497.0,207.0,442.0,1.0,Rural
LP002605,Male,Yes,0,Not Graduate,No,10109.0,2009.0,68.0,336.0,1.0,Semiurban
LP002100,Male,Yes,3+,Graduate,No,9878.0,5381.0,222.0,440.0,0.0,Semiurban
LP001448,Female,No,1,Graduate,No,5873.0,474.0,33.0,312.0,2.0,Urban
LP002795,Female,Yes,3+,Graduate,No,0.0,2737.0,235.0,238.0,1.0,Semiurban
LP002794,Female,Yes,2,Graduate,Yes,5565.0,4780.0,127.0,506.0,1.0,Rural
LP001002,Female,No,2,Not Graduate,Yes,7227.0,6644.0,108.0,337.0,1.0,Semiurban
LP001578,Male,No,3+,Graduate,No,16757.0,2219.0,119.0,366.0,2.0,Rural
LP001054,Female,No,0,Not Graduate,No,6695.0,0.0,172.0,248.0,1.0,Semiurban
LP001038,Male,No,0,Not Graduate,No,0.0,4112.0,304.0,359.0,-0.0,Rural
LP002098,Female,No,1,Not Graduate,No,7841.0,2176.0,237.0,396.0,1.0,Rural
LP002898,Male,No,1,Graduate,Yes,12342.0,0.0,54.0,268.0,0.0,Rural
LP002455,Male,Yes,0,Graduate,No,14910.0,3535.0,62.0,333.0,1.0,Semiurban
LP002869,Female,No,3+,Graduate,Yes,4571.0,6673.0,0.0,338.0,1.0,Urban
LP001379,Female,Yes,1,Not Graduate,Yes,4043.0,2170.0,166.0,259.0,0.0,Rural
LP001882,Male,Yes,0,Graduate,Yes,0.0,0.0,129.0,448.0,1.0,Rural
LP002424,Female,No,0,Graduate,No,1744.0,5528.0,191.0,168.0,1.0,Urban
LP001792,Female,Yes,3+,Not Graduate,No,7645.0,1663.0,104.0,203.0,1.0,Rural
LP002760,Male,No,2,Graduate,Yes,0.0,3539.0,112.0,349.0,1.0,Rural
LP001964,Male,Yes,0,Not Graduate,No,16841.0,1771.0,30.0,277.0,1.0,Semiurban
LP002950,Male,No,1,Graduate,No,3149.0,2842.0,228.0,386.0,1.0,Urban
LP001350,Male,No,3+,Graduate,Yes,5865.0,3412.0,96.0,320.0,1.0,Rural
LP001825,Female,No,3+,Graduate,Yes,7128.0,3796.0,78.0,368.0,1.0,Semiurban
LP002448,Male,No,3+,Graduate,No,11610.0,2001.0,217.0,253.0,1.0,Semiurban
LP002684,Male,Yes,2,Graduate,Yes,6699.0,0.0,28.0,316.0,0.0,Semiurban
LP001531,Male,Yes,2,Not Graduate,No,0.0,2128.0,185.0,313.0,1.0,Semiurban
LP002354,Female,Yes,1,Graduate,No,7582.0,3746.0,83.0,495.0,1.0,Urban
LP001594,Male,Yes,1,Graduate,Yes,11598.0,0.0,134.0,313.0,1.0,Urban
LP002119,Female,Yes,3+,Graduate,Yes,84.0,0.0,0.0,193.0,0.0,Semiurban
LP001313,Male,No,1,Graduate,No,9736.0,5226.0,187.0,414.0,1.0,Urban
LP002377,Male,No,0,Graduate,Yes,6628.0,6201.0,301.0,326.0,1.0,Semiurban
LP001589,Female,No,2,Graduate,No,5722.0,1706.0,45.0,360.0,1.0,Rural
LP001386,Male,No,3+,Graduate,Yes,1535.0,3236.0,232.0,320.0,1.0,Rural
LP001375,Male,No,3+,Not Graduate,No,3914.0,2624.0,139.0,259.0,0.0,Semiurban
LP002325,Female,Yes,0,Not Graduate,Yes,7678.0,0.0,184.0,427.0,0.0,Rural
LP002316,Male,No,0,Graduate,No,2764.0,2164.0,51.0,279.0,1.0,Semiurban
LP001230,Male,No,0,Not Graduate,No,0.0,5588.0,63.0,246.0,1.0,Rural
LP002885,Male,Yes,0,Graduate,Yes,0.0,0.0,149.0,373.0,1.0,Rural
LP002055,Male,Yes,3+,Not Graduate,No,6780.0,0.0,126.0,352.0,0.0,Urban
LP001323,Female,No,2,Graduate,No,7966.0,0.0,154.0,412.0,1.0,Semiurban
LP001149,Male,No,2,Graduate,No,4794.0,313.0,29.0,360.0,1.0,Urban
LP002347,Female,Yes,0,Not Graduate,No,15517.0,3416.0,190.0,337.0,1.0,Semiurban
LP002936,Male,No,1,Graduate,No,0.0,5192.0,173.0,401.0,1.0,Rural
LP002543,Female,No,3+,Not Graduate,Yes,7342.0,5129.0,228.0,235.0,0.0,Semiurban
LP001231,Male,No,2,Graduate,No,0.0,3380.0,167.0,330.0,0.0,Semiurban
LP001742,Female,Yes,0,Graduate,No,4589.0,0.0,317.0,281.0,0.0,Semiurban
LP002319,Male,No,1,Graduate,No,6604.0,0.0,298.0,359.0,0.0,Semiurban
LP002786,Female,No,1,Graduate,Yes,4175.0,3598.0,144.0,395.0,1.0,Rural
LP001273,Female,Yes,0,Not Graduate,Yes,0.0,0.0,141.0,360.0,1.0,Rural
LP001391,Male,Yes,3+,Graduate,No,4638.0,3112.0,78.0,388.0,0.0,Urban
LP001651,Female,Yes,2,Not Graduate,No,5196.0,2356.0,38.0,423.0,1.0,Semiurban
LP002098,Male,No,1,Not Graduate,Yes,10291.0,342.0,125.0,375.0,2.0,Urban
LP002223,Male,Yes,2,Graduate,Yes,0.0,0.0,93.0,390.0,1.0,Rural
LP001785,Male,No,2,Graduate,No,13386.0,2151.0,82.0,464.0,1.0,Rural
LP001220,Male,Yes,1,Not Graduate,Yes,0.0,2994.0,170.0,514.0,1.0,Semiurban
LP001119,Male,No,0,Not Graduate,No,0.0,90.0,21.0,332.0,2.0,Semiurban
LP002782,Female,Yes,1,Graduate,No,6183.0,0.0,51.0,281.0,1.0,Urban
LP001857,Male,No,1,Not Graduate,No,6949.0,2399.0,0.0,174.0,1.0,Rural
LP002876,Male,No,3+,Not Graduate,Yes,13791.0,0.0,38.0,468.0,1.0,Urban
LP002028,Male,Yes,2,Not Graduate,No,6280.0,3279.0,96.0,305.0,1.0,Rural
LP001357,Male,Yes,0,Graduate,No,4602.0,4473.0,205.0,372.0,1.0,Rural
LP001677,Male,No,2,Not Graduate,Yes,7711.0,0.0,292.0,385.0,1.0,Urban
LP002444,Male,Yes,1,Not Graduate,No,0.0,166.0,9.0,395.0,1.0,Rural
LP002118,Female,No,0,Not Graduate,No,0.0,1469.0,210.0,326.0,1.0,Rural
LP002279,Female,Yes,0,Not Graduate,No,0.0,1549.0,68.0,394.0,1.0,Urban
LP002954,Male,Yes,0,Graduate,Yes,10601.0,0.0,155.0,377.0,0.0,Rural
LP001875,Female,No,0,Graduate,Yes,12583.0,0.0,187.0,298.0,1.0,Urban
LP002612,Male,Yes,3+,Not Graduate,No,15801.0,351.0,251.0,448.0,2.0,Semiurban
LP001702,Male,Yes,0,Not Graduate,Yes,8423.0,3353.0,328.0,386.0,2.0,Rural
LP002820,Male,No,1,Not Graduate,No,10260.0,3153.0,223.0,259.0,1.0,Urban
LP001405,Male,No,3+,Graduate,No,5715.0,3186.0,106.0,318.0,1.0,Rural
LP001517,Male,Yes,1,Graduate,Yes,2336.0,5003.0,23.0,317.0,2.0,Rural
LP002219,Female,No,1,Not Graduate,Yes,0.0,0.0,161.0,305.0,1.0,Urban
LP002778,Female,Yes,2,Not Graduate,No,0.0,574.0,193.0,382.0,1.0,Semiurban
LP002740,Female,Yes,0,Graduate,Yes,0.0,1099.0,53.0,426.0,1.0,Urban
LP001862,Female,No,0,Not Graduate,Yes,9344.0,0.0,203.0,271.0,1.0,Rural
LP001273,Male,No,1,Not Graduate,Yes,2845.0,2212.0,109.0,319.0,0.0,Semiurban
LP002449,Female,No,0,Graduate,No,1059.0,1521.0,55.0,417.0,1.0,Semiurban
LP001291,Male,No,3+,Graduate,No,0.0,0.0,153.0,288.0,0.0,Rural
LP001096,Female,No,2,Graduate,Yes,0.0,3971.0,73.0,296.0,1.0,Urban
LP002648,Female,No,0,Graduate,No,3545.0,3799.0,53.0,196.0,1.0,Urban
LP002959,Female,Yes,0,Graduate,No,0.0,2689.0,165.0,392.0,1.0,Rural
LP001347,Female,Yes,3+,Not Graduate,Yes,20329.0,0.0,175.0,355.0,1.0,Urban
LP002239,Male,No,2,Graduate,No,0.0,0.0,114.0,320.0,1.0,Urban
LP002630,Female,Yes,3+,Graduate,Yes,11744.0,2429.0,164.0,238.0,1.0,Urban
LP002138,Female,Yes,1,Graduate,No,4493.0,142.0,231.0,320.0,1.0,Semiurban
LP001949,Male,Yes,1,Graduate,No,1954.0,974.0,207.0,217.0,-0.0,Semiurban
LP001854,Male,Yes,0,Graduate,Yes,3759.0,0.0,79.0,331.0,1.0,Urban
LP001265,Female,No,2,Graduate,No,5260.0,2124.0,145.0,467.0,1.0,Rural
LP002790,Male,Yes,1,Not Graduate,Yes,6470.0,5693.0,88.0,355.0,2.0,Rural
LP001882,Male,Yes,3+,Graduate,No,0.0,2482.0,34.0,422.0,1.0,Rural
LP002345,Male,No,1,Not Graduate,No,8365.0,4243.0,192.0,427.0,1.0,Rural
LP001778,Female,No,1,Not Graduate,No,3589.0,3988.0,220.0,308.0,1.0,Urban
LP002195,Male,No,3+,Graduate,Yes,0.0,628.0,106.0,382.0,1.0,Urban
LP002002,Female,No,0,Graduate,No,2743.0,1097.0,161.0,164.0,1.0,Rural
LP002099,Female,Yes,2,Not Graduate,No,13265.0,5600.0,262.0,361.0,1.0,Urban
LP002965,Female,No,0,Not Graduate,Yes,6429.0,3594.0,222.0,412.0,1.0,Rural
LP002149,Female,Yes,3+,Not Graduate,Yes,5206.0,4214.0,97.0,376.0,0.0,Rural
LP001713,Male,Yes,1,Graduate,No,2915.0,2055.0,136.0,319.0,1.0,Semiurban
LP002862,Female,No,2,Not Graduate,Yes,3362.0,536.0,88.0,424.0,1.0,Rural
LP001146,Male,No,0,Graduate,Yes,6433.0,867.0,160.0,416.0,1.0,Semiurban
LP001448,Female,No,3+,Graduate,Yes,3668.0,5346.0,146.0,339.0,1.0,Rural
LP001744,Male,No,1,Not Graduate,Yes,7766.0,1600.0,53.0,439.0,1.0,Urban
LP002721,Female,No,1,Graduate,No,7021.0,4994.0,107.0,376.0,1.0,Semiurban
LP001907,Male,No,0,Graduate,Yes,0.0,5422.0,0.0,237.0,1.0,Urban
LP002314,Female,Yes,3+,Not Graduate,No,8186.0,4105.0,62.0,363.0,1.0,Rural
LP002619,Female,Yes,1,Not Graduate,No,0.0,3787.0,174.0,296.0,1.0,Semiurban
LP001945,Male,Yes,1,Graduate,No,0.0,6215.0,154.0,375.0,1.0,Rural
LP002027,Female,Yes,2,Not Graduate,Yes,5036.0,0.0,216.0,105.0,1.0,Rural
LP001903,Female,No,1,Graduate,Yes,6650.0,481.0,147.0,446.0,1.0,Urban
LP002401,Female,No,0,Not Graduate,No,8682.0,0.0,127.0,415.0,1.0,Semiurban
LP001369,Male,Yes,3+,Not Graduate,No,0.0,0.0,286.0,446.0,0.0,Urban
LP001230,Female,Yes,3+,Not Graduate,Yes,9675.0,1481.0,116.0,342.0,1.0,Urban
LP002347,Female,Yes,2,Not Graduate,Yes,7530.0,2332.0,113.0,417.0,1.0,Semiurban
LP002979,Male,No,3+,Graduate,No,1045.0,2976.0,146.0,356.0,1.0,Urban
LP002369,Male,No,0,Not Graduate,Yes,3834.0,0.0,82.0,278.0,1.0,Rural
LP002209,Male,No,1,Graduate,Yes,6308.0,479.0,162.0,289.0,1.0,Semiurban
LP001248,Male,Yes,2,Graduate,No,0.0,3904.0,86.0,320.0,1.0,Semiurban
LP002849,Male,Yes,3+,Not Graduate,Yes,0.0,0.0,109.0,424.0,1.0,Semiurban
LP001115,Female,No,2,Not Graduate,Yes,11793.0,1636.0,85.0,421.0,1.0,Semiurban
LP001087,Female,No,2,Not Graduate,No,1749.0,5152.0,5.0,300.0,1.0,Semiurban
LP001643,Female,Yes,3+,Not Graduate,Yes,4690.0,880.0,0.0,389.0,0.0,Semiurban
LP002178,Male,Yes,2,Not Graduate,No,4515.0,457.0,32.0,343.0,1.0,Rural
LP002385,Female,No,3+,Graduate,Yes,9250.0,4981.0,231.0,281.0,1.0,Semiurban
LP002046,Male,Yes,0,Not Graduate,No,2864.0,0.0,148.0,265.0,0.0,Urban
LP002446,Male,No,3+,Graduate,Yes,3345.0,0.0,105.0,327.0,0.0,Urban
LP001664,Female,No,1,Graduate,No,6265.0,0.0,62.0,403.0,0.0,Urban
LP001536,Male,Yes,3+,Graduate,Yes,10002.0,3489.0,240.0,309.0,1.0,Semiurban
LP001585,Male,Yes,1,Graduate,Yes,11804.0,0.0,93.0,394.0,1.0,Urban
LP002306,Female,Yes,2,Not Graduate,Yes,3363.0,4956.0,77.0,362.0,0.0,Rural
LP001119,Male,No,3+,Not Graduate,No,2384.0,1530.0,0.0,236.0,0.0,Urban
LP001207,Male,Yes,1,Graduate,Yes,4347.0,4445.0,0.0,473.0,1.0,Semiurban
LP001047,Female,Yes,3+,Graduate,No,12783.0,4975.0,178.0,420.0,1.0,Rural
LP002160,Male,No,3+,Not Graduate,Yes,9612.0,0.0,273.0,251.0,0.0,Rural
LP001253,Male,No,3+,Graduate,Yes,2447.0,1652.0,165.0,368.0,0.0,Rural
LP002804,Female,Yes,0,Not Graduate,Yes,0.0,982.0,164.0,438.0,1.0,Urban
LP001321,Female,No,1,Graduate,Yes,11484.0,1424.0,282.0,369.0,1.0,Urban
LP002167,Female,No,0,Not Graduate,Yes,12124.0,53.0,181.0,315.0,1.0,Semiurban
LP001405,Female,No,0,Graduate,Yes,0.0,4631.0,142.0,334.0,-0.0,Rural
LP002983,Male,Yes,1,Graduate,No,2644.0,1096.0,186.0,326.0,2.0,Semiurban
LP002225,Male,Yes,3+,Graduate,No,10172.0,693.0,212.0,333.0,1.0,Semiurban
LP002760,Female,No,0,Not Graduate,Yes,7377.0,4657.0,182.0,415.0,1.0,Semiurban
LP002712,Male,No,0,Not Graduate,Yes,0.0,3875.0,105.0,373.0,1.0,Rural
LP001348,Male,No,0,Not Graduate,Yes,0.0,2384.0,174.0,286.0,1.0,Rural
LP001935,Female,Yes,3+,Graduate,Yes,8492.0,535.0,89.0,324.0,1.0,Semiurban
LP002407,Female,No,0,Graduate,Yes,6599.0,5584.0,140.0,316.0,1.0,Rural
LP001298,Male,No,2,Graduate,No,8973.0,0.0,173.0,361.0,1.0,Urban
LP002775,Female,Yes,1,Graduate,Yes,9625.0,4517.0,285.0,269.0,1.0,Rural
LP001013,Female,No,2,Graduate,Yes,6556.0,3305.0,176.0,244.0,0.0,Urban
LP001665,Female,Yes,3+,Graduate,No,7574.0,0.0,144.0,282.0,1.0,Rural
LP002348,Male,Yes,0,Not Graduate,No,1936.0,1803.0,112.0,241.0,1.0,Semiurban
LP002837,Female,Yes,1,Not Graduate,No,5830.0,0.0,97.0,243.0,1.0,Semiurban
LP002195,Male,No,0,Not Graduate,Yes,6965.0,656.0,113.0,422.0,1.0,Urban
LP001657,Male,No,3+,Graduate,Yes,14895.0,2364.0,146.0,334.0,1.0,Urban
LP002798,Male,Yes,1,Not Graduate,Yes,484.0,0.0,213.0,366.0,1.0,Rural
LP001518,Female,No,2,Graduate,Yes,9302.0,0.0,44.0,346.0,0.0,Urban
LP001975,Female,Yes,1,Graduate,Yes,4522.0,1255.0,202.0,350.0,0.0,Semiurban
LP001312,Female,No,0,Not Graduate,No,9421.0,2185.0,99.0,362.0,0.0,Rural
LP001677,Female,Yes,1,Graduate,Yes,4494.0,577.0,88.0,380.0,1.0,Urban
LP002422,Female,Yes,3+,Graduate,Yes,11885.0,1560.0,182.0,366.0,1.0,Semiurban
LP002639,Male,No,3+,Graduate,Yes,951.0,1114.0,113.0,524.0,0.0,Semiurban
LP002345,Male,No,1,Graduate,No,5990.0,0.0,179.0,275.0,0.0,Rural
LP002367,Male,No,3+,Graduate,Yes,7682.0,6896.0,173.0,273.0,0.0,Rural
LP002531,Female,No,3+,Not Graduate,Yes,1300.0,2464.0,205.0,307.0,0.0,Rural
LP002524,Male,Yes,3+,Not Graduate,Yes,6915.0,444.0,245.0,256.0,1.0,Rural
LP001443,Male,Yes,2,Graduate,Yes,10914.0,0.0,9.0,323.0,2.0,Urban
LP002266,Female,No,0,Graduate,No,4798.0,521.0,158.0,280.0,1.0,Rural
LP002111,Female,No,3+,Not Graduate,No,9454.0,610.0,85.0,348.0,1.0,Urban
LP002442,Male,Yes,1,Not Graduate,No,1340.0,1706.0,175.0,347.0,1.0,Semiurban
LP002064,Male,No,3+,Not Graduate,Yes,0.0,4718.0,34.0,257.0,1.0,Rural
LP002868,Female,No,2,Graduate,No,9141.0,0.0,146.0,392.0,1.0,Rural
LP002065,Female,No,1,Not Graduate,No,1995.0,2085.0,0.0,290.0,1.0,Rural
LP002262,Female,No,0,Not Graduate,Yes,0.0,3776.0,146.0,281.0,1.0,Rural
LP002766,Female,Yes,1,Graduate,Yes,850.0,0.0,143.0,371.0,1.0,Rural
LP001380,Male,Yes,1,Graduate,No,12854.0,0.0,90.0,342.0,1.0,Rural
LP001094,Male,No,1,Not Graduate,No,11218.0,0.0,112.0,342.0,1.0,Rural
LP002407,Female,Yes,1,Graduate,No,0.0,6173.0,114.0,278.0,1.0,Urban
LP001688,Male,No,3+,Not Graduate,No,0.0,2983.0,23.0,270.0,1.0,Rural
LP002544,Male,No,0,Not Graduate,Yes,2849.0,51.0,42.0,394.0,1.0,Rural
LP002195,Female,No,3+,Graduate,Yes,11105.0,0.0,157.0,337.0,1.0,Rural
LP001091,Male,Yes,2,Graduate,No,4065.0,0.0,225.0,357.0,1.0,Urban
LP002243,Male,Yes,2,Not Graduate,No,4113.0,2029.0,203.0,352.0,1.0,Rural
LP001078,Male,Yes,1,Graduate,No,1682.0,672.0,0.0,386.0,1.0,Rural
LP002425,Female,Yes,3+,Graduate,Yes,3633.0,0.0,239.0,338.0,1.0,Semiurban
LP002387,Female,Yes,3+,Graduate,Yes,10006.0,0.0,243.0,327.0,0.0,Rural
LP002245,Male,No,0,Graduate,Yes,5665.0,3575.0,85.0,389.0,1.0,Semiurban
LP002747,Female,No,0,Graduate,No,4030.0,565.0,86.0,488.0,1.0,Semiurban
LP002211,Female,Yes,0,Graduate,Yes,8886.0,0.0,102.0,261.0,1.0,Rural
LP002126,Female,Yes,3+,Graduate,No,5588.0,1778.0,168.0,306.0,1.0,Rural
LP002418,Male,Yes,0,Not Graduate,No,10591.0,0.0,119.0,361.0,0.0,Rural
LP002877,Male,No,0,Graduate,Yes,1307.0,3358.0,173.0,201.0,0.0,Semiurban
LP001253,Female,Yes,0,Not Graduate,No,6729.0,5699.0,42.0,414.0,1.0,Urban
LP002794,Male,No,1,Graduate,Yes,10235.0,0.0,60.0,394.0,0.0,Urban
LP001867,Male,No,2,Not Graduate,Yes,14026.0,0.0,75.0,344.0,1.0,Rural
LP001287,Male,Yes,2,Graduate,No,0.0,1979.0,79.0,373.0,1.0,Rural
LP001535,Male,No,3+,Not Graduate,No,4190.0,1394.0,176.0,440.0,1.0,Semiurban
LP002370,Male,No,3+,Graduate,Yes,0.0,5005.0,162.0,361.0,1.0,Semiurban
LP002175,Female,Yes,1,Not Graduate,Yes,0.0,1549.0,193.0,260.0,1.0,Urban
LP002435,Male,No,2,Graduate,Yes,5285.0,2157.0,226.0,405.0,1.0,Semiurban
LP001776,Male,Yes,0,Graduate,Yes,0.0,2773.0,173.0,403.0,1.0,Urban
LP002820,Male,No,0,Not Graduate,Yes,7568.0,0.0,5.0,356.0,1.0,Rural
LP002117,Female,Yes,3+,Not Graduate,Yes,8353.0,3003.0,110.0,512.0,1.0,Urban
LP001868,Female,Yes,2,Graduate,Yes,4745.0,2705.0,121.0,335.0,1.0,Urban
LP002172,Female,No,3+,Not Graduate,No,394.0,1882.0,162.0,225.0,0.0,Rural
LP001439,Male,Yes,3+,Not Graduate,Yes,3791.0,0.0,69.0,359.0,2.0,Urban
LP002614,Female,No,0,Graduate,No,17234.0,0.0,257.0,352.0,1.0,Semiurban
LP001811,Female,No,0,Not Graduate,No,2216.0,2107.0,111.0,487.0,1.0,Semiurban
LP002743,Female,Yes,2,Graduate,Yes,693.0,1343.0,117.0,365.0,1.0,Rural
LP002791,Female,No,3+,Not Graduate,Yes,0.0,3638.0,127.0,326.0,0.0,Rural
LP002543,Male,Yes,1,Graduate,Yes,11125.0,3660.0,103.0,260.0,0.0,Semiurban
LP001430,Female,No,2,Not Graduate,Yes,0.0,2539.0,8.0,460.0,0.0,Semiurban
LP001439,Female,No,3+,Graduate,Yes,5682.0,3660.0,239.0,194.0,0.0,Semiurban
LP002776,Male,Yes,2,Graduate,No,17178.0,2962.0,93.0,373.0,1.0,Semiurban
LP001580,Male,No,2,Not Graduate,No,7283.0,171.0,191.0,211.0,0.0,Urban
LP001432,Female,No,2,Not Graduate,Yes,7220.0,1586.0,110.0,323.0,0.0,Semiurban
LP002397,Male,No,1,Graduate,Yes,3324.0,0.0,94.0,319.0,1.0,Rural
LP001100,Female,No,1,Graduate,Yes,6967.0,5662.0,46.0,298.0,1.0,Rural
LP001280,Male,No,0,Not Graduate,Yes,5611.0,0.0,5.0,318.0,1.0,Semiurban
LP001183,Male,No,0,Not Graduate,No,8257.0,0.0,108.0,351.0,1.0,Urban
LP001490,Female,No,3+,Not Graduate,No,0.0,7368.0,105.0,312.0,0.0,Semiurban
LP001973,Male,No,2,Not Graduate,No,7341.0,1349.0,254.0,335.0,1.0,Semiurban
LP001674,Female,Yes,3+,Not Graduate,Yes,7648.0,4035.0,148.0,297.0,1.0,Rural
LP002190,Male,No,0,Not Graduate,Yes,19687.0,3595.0,231.0,326.0,1.0,Rural
LP002028,Female,No,1,Graduate,Yes,5155.0,4444.0,26.0,406.0,0.0,Urban
LP001256,Male,Yes,0,Not Graduate,No,6442.0,3209.0,147.0,312.0,1.0,Urban
LP001198,Male,Yes,3+,Not Graduate,No,7437.0,3226.0,185.0,444.0,0.0,Urban
LP002377,Male,Yes,0,Not Graduate,No,7597.0,0.0,151.0,405.0,1.0,Rural
LP001135,Male,No,3+,Not Graduate,Yes,0.0,0.0,154.0,396.0,1.0,Urban
LP002602,Male,Yes,3+,Graduate,No,9841.0,0.0,123.0,343.0,1.0,Semiurban
LP002635,Female,Yes,3+,Graduate,Yes,0.0,0.0,50.0,280.0,1.0,Semiurban
LP001379,Male,No,3+,Graduate,No,7496.0,153.0,37.0,349.0,1.0,Rural
LP001650,Female,No,0,Graduate,Yes,287.0,1285.0,197.0,457.0,1.0,Semiurban
LP001904,Female,Yes,3+,Not Graduate,Yes,3913.0,0.0,91.0,288.0,0.0,Urban
LP001233,Female,Yes,3+,Graduate,Yes,2501.0,644.0,110.0,361.0,1.0,Semiurban
LP001238,Male,No,2,Not Graduate,Yes,3762.0,194.0,91.0,283.0,0.0,Urban
LP001572,Female,No,3+,Not Graduate,No,4707.0,2541.0,73.0,316.0,0.0,Urban
LP002555,Male,No,0,Graduate,No,7300.0,3666.0,29.0,362.0,0.0,Urban
LP001978,Female,No,3+,Graduate,No,4632.0,2184.0,261.0,366.0,1.0,Semiurban
LP002610,Female,No,1,Not Graduate,Yes,10160.0,3316.0,0.0,350.0,1.0,Rural
LP001324,Female,Yes,1,Graduate,No,2141.0,2121.0,196.0,382.0,1.0,Urban
LP002180,Female,No,3+,Graduate,Yes,7627.0,4829.0,227.0,372.0,0.0,Semiurban
LP002329,Female,No,1,Not Graduate,No,439.0,6670.0,153.0,321.0,1.0,Rural
LP002125,Male,No,1,Not Graduate,No,15332.0,0.0,129.0,389.0,0.0,Semiurban
LP002224,Female,No,0,Not Graduate,Yes,7651.0,4683.0,161.0,279.0,1.0,Rural
LP002119,Female,No,2,Not Graduate,Yes,1209.0,0.0,112.0,325.0,1.0,Semiurban
LP002826,Male,Yes,1,Not Graduate,Yes,15058.0,2107.0,219.0,312.0,1.0,Urban
LP002570,Male,No,1,Graduate,No,8133.0,2312.0,229.0,366.0,1.0,Semiurban
LP002788,Male,Yes,2,Not Graduate,Yes,1230.0,3256.0,185.0,187.0,0.0,Rural
LP002142,Female,No,2,Not Graduate,No,4432.0,1463.0,15.0,316.0,1.0,Urban
LP002337,Female,Yes,1,Not Graduate,No,0.0,1589.0,195.0,372.0,1.0,Urban
LP001379,Female,Yes,3+,Graduate,No,0.0,2536.0,242.0,503.0,1.0,Semiurban
LP002820,Female,No,1,Not Graduate,Yes,12062.0,661.0,190.0,345.0,2.0,Urban
LP001817,Female,No,3+,Not Graduate,No,63.0,0.0,219.0,272.0,1.0,Rural
LP002587,Female,No,3+,Graduate,Yes,0.0,1597.0,86.0,386.0,1.0,Urban
LP002115,Male,No,3+,Not Graduate,Yes,8800.0,0.0,106.0,298.0,1.0,Rural
LP002805,Male,No,2,Not Graduate,No,14632.0,0.0,244.0,254.0,1.0,Rural
LP002231,Female,Yes,1,Not Graduate,No,11771.0,0.0,194.0,354.0,1.0,Rural
LP002723,Female,No,1,Graduate,No,18228.0,0.0,123.0,428.0,1.0,Urban
LP001963,Female,No,0,Graduate,No,18971.0,515.0,121.0,290.0,2.0,Urban
LP001492,Female,Yes,2,Not Graduate,Yes,52.0,1604.0,144.0,328.0,1.0,Semiurban
LP002158,Female,No,0,Not Graduate,Yes,3406.0,3690.0,119.0,387.0,2.0,Rural
LP002240,Male,Yes,0,Not Graduate,Yes,0.0,0.0,143.0,409.0,1.0,Rural
LP002600,Male,No,3+,Graduate,Yes,0.0,5891.0,386.0,435.0,1.0,Semiurban
LP002236,Female,Yes,2,Graduate,Yes,11287.0,3189.0,88.0,297.0,1.0,Semiurban
LP002958,Male,No,0,Graduate,Yes,6757.0,0.0,4.0,334.0,1.0,Rural
LP002876,Female,Yes,1,Graduate,Yes,13475.0,274.0,91.0,201.0,1.0,Rural
LP001908,Female,Yes,0,Graduate,Yes,251.0,7098.0,185.0,317.0,0.0,Semiurban
LP001128,Female,No,2,Graduate,Yes,2055.0,3668.0,189.0,274.0,1.0,Urban
LP002537,Male,No,1,Not Graduate,No,8560.0,169.0,59.0,351.0,1.0,Semiurban
LP002610,Male,No,1,Graduate,No,11197.0,4029.0,113.0,400.0,0.0,Rural
LP001385,Female,Yes,1,Not Graduate,Yes,0.0,0.0,210.0,387.0,1.0,Rural
LP002385,Male,Yes,3+,Graduate,Yes,3810.0,99.0,134.0,267.0,-0.0,Urban
LP001492,Male,Yes,1,Not Graduate,No,7454.0,0.0,63.0,316.0,0.0,Rural
LP002390,Female,No,3+,Graduate,No,9639.0,3243.0,80.0,372.0,1.0,Rural
LP002626,Male,No,3+,Not Graduate,No,10765.0,0.0,252.0,350.0,1.0,Semiurban
LP001892,Male,Yes,0,Not Graduate,Yes,4755.0,1383.0,107.0,296.0,1.0,Urban
LP001334,Female,No,0,Not Graduate,No,0.0,0.0,147.0,367.0,1.0,Semiurban
LP001822,Female,Yes,1,Graduate,No,0.0,2147.0,19.0,392.0,2.0,Urban
LP002316,Male,No,2,Graduate,No,4142.0,1400.0,124.0,330.0,1.0,Rural
LP001356,Female,No,1,Graduate,No,3535.0,0.0,361.0,278.0,1.0,Semiurban
LP001715,Male,Yes,0,Not Graduate,No,646.0,304.0,281.0,367.0,1.0,Semiurban
LP001815,Female,No,1,Not Graduate,Yes,10266.0,1964.0,162.0,286.0,1.0,Semiurban
LP001270,Female,No,0,Not Graduate,No,0.0,2812.0,268.0,428.0,0.0,Urban
LP001817,Female,No,1,Graduate,Yes,1410.0,5907.0,189.0,171.0,1.0,Rural
LP001975,Female,No,2,Graduate,No,11825.0,4913.0,323.0,321.0,1.0,Rural
LP001572,Male,No,1,Not Graduate,No,766.0,0.0,194.0,284.0,1.0,Urban
LP002326,Female,Yes,2,Graduate,No,7020.0,0.0,246.0,389.0,1.0,Semiurban
LP002684,Female,No,2,Graduate,No,5125.0,0.0,0.0,436.0,1.0,Rural
LP001917,Female,Yes,1,Graduate,No,6565.0,0.0,172.0,300.0,1.0,Rural
LP002670,Male,No,2,Graduate,Yes,10200.0,3940.0,95.0,281.0,1.0,Semiurban
LP001226,Male,No,2,Not Graduate,Yes,7032.0,0.0,186.0,384.0,1.0,Urban
LP002984,Female,Yes,0,Graduate,Yes,0.0,1181.0,183.0,226.0,1.0,Rural
LP001570,Female,Yes,0,Graduate,Yes,0.0,782.0,250.0,358.0,1.0,Semiurban
LP002482,Female,No,2,Not Graduate,Yes,6859.0,0.0,223.0,340.0,1.0,Semiurban
LP001231,Female,No,3+,Not Graduate,Yes,0.0,0.0,33.0,328.0,-0.0,Semiurban
LP001213,Female,Yes,1,Graduate,Yes,10620.0,0.0,0.0,288.0,1.0,Urban
LP001316,Female,Yes,2,Graduate,No,6940.0,0.0,127.0,205.0,1.0,Rural
LP001404,Male,Yes,1,Graduate,Yes,0.0,1376.0,201.0,406.0,1.0,Urban
LP002385,Female,Yes,0,Graduate,No,15938.0,3227.0,192.0,383.0,1.0,Urban
LP001877,Female,No,1,Not Graduate,No,3094.0,5984.0,148.0,338.0,1.0,Semiurban
LP002148,Female,No,2,Not Graduate,Yes,3988.0,2511.0,190.0,357.0,1.0,Semiurban
LP001366,Female,No,2,Not Graduate,No,7586.0,3214.0,206.0,332.0,1.0,Semiurban
LP002798,Female,No,2,Graduate,No,4686.0,5974.0,148.0,406.0,1.0,Urban
LP001493,Female,No,2,Graduate,Yes,10656.0,2522.0,191.0,329.0,1.0,Rural
LP001813,Male,Yes,3+,Not Graduate,No,0.0,4275.0,197.0,340.0,1.0,Semiurban
LP001237,Male,Yes,3+,Graduate,Yes,11712.0,570.0,140.0,352.0,1.0,Rural
LP001791,Male,Yes,3+,Not Graduate,No,9058.0,3563.0,257.0,317.0,0.0,Rural
LP002266,Male,No,2,Not Graduate,Yes,770.0,2173.0,50.0,336.0,1.0,Rural
LP002545,Male,Yes,3+,Not Graduate,No,6613.0,944.0,270.0,334.0,1.0,Semiurban
LP002527,Male,No,1,Not Graduate,Yes,12083.0,5808.0,223.0,298.0,1.0,Rural
LP002670,Female,No,2,Not Graduate,No,8150.0,0.0,310.0,280.0,2.0,Urban
LP002971,Female,No,0,Not Graduate,Yes,6019.0,0.0,25.0,329.0,1.0,Urban
LP001637,Female,Yes,2,Not Graduate,No,8725.0,4804.0,115.0,322.0,0.0,Urban
LP001041,Female,No,1,Graduate,No,9204.0,4242.0,180.0,411.0,0.0,Semiurban
LP002790,Female,No,3+,Not Graduate,Yes,2299.0,1636.0,162.0,280.0,1.0,Urban
LP002795,Female,Yes,2,Not Graduate,No,6073.0,2525.0,109.0,306.0,1.0,Rural
LP002693,Male,No,3+,Graduate,Yes,10013.0,3009.0,166.0,354.0,1.0,Semiurban
LP002893,Female,Yes,2,Not Graduate,No,5937.0,2594.0,239.0,368.0,1.0,Semiurban
LP002714,Male,No,1,Graduate,No,1094.0,2258.0,153.0,333.0,1.0,Rural
LP002450,Male,Yes,2,Not Graduate,Yes,6775.0,0.0,37.0,395.0,1.0,Urban
LP001516,Female,No,3+,Graduate,No,2956.0,4968.0,302.0,335.0,1.0,Rural
LP001287,Female,No,3+,Graduate,Yes,8496.0,1047.0,68.0,286.0,1.0,Rural
LP001977,Female,Yes,1,Graduate,No,13306.0,0.0,48.0,340.0,-0.0,Semiurban
LP001054,Female,No,2,Not Graduate,No,9036.0,1966.0,86.0,391.0,1.0,Urban
LP001735,Female,Yes,0,Graduate,No,489.0,2535.0,95.0,406.0,1.0,Urban
LP002123,Female,No,2,Not Graduate,No,6898.0,2677.0,164.0,404.0,0.0,Urban
LP002376,Female,Yes,1,Not Graduate,Yes,0.0,4247.0,345.0,355.0,1.0,Rural
LP002893,Male,No,0,Not Graduate,Yes,4612.0,569.0,73.0,359.0,1.0,Semiurban
LP001420,Female,No,1,Not Graduate,No,10534.0,1425.0,227.0,381.0,1.0,Semiurban
LP001817,Female,No,2,Not Graduate,No,7470.0,0.0,294.0,236.0,1.0,Semiurban
LP001758,Male,Yes,0,Not Graduate,Yes,5807.0,2237.0,110.0,295.0,1.0,Urban
LP001349,Female,Yes,1,Not Graduate,No,17309.0,0.0,135.0,362.0,1.0,Urban
LP002916,Female,Yes,3+,Graduate,Yes,0.0,0.0,166.0,278.0,0.0,Semiurban
LP002341,Male,Yes,0,Not Graduate,No,0.0,4276.0,107.0,417.0,1.0,Rural
LP002870,Female,Yes,0,Not Graduate,No,7925.0,1973.0,2.0,412.0,1.0,Semiurban
LP001720,Female,No,1,Graduate,Yes,10295.0,5475.0,247.0,307.0,1.0,Rural
LP002308,Female,No,3+,Not Graduate,No,10527.0,4801.0,155.0,283.0,1.0,Semiurban
LP002284,Female,No,0,Graduate,Yes,1918.0,2188.0,99.0,370.0,1.0,Rural
LP002744,Female,No,1,Graduate,Yes,372.0,2564.0,139.0,259.0,1.0,Semiurban
LP001534,Female,No,0,Not Graduate,Yes,0.0,954.0,118.0,351.0,1.0,Urban
LP001472,Male,Yes,0,Not Graduate,Yes,7015.0,4440.0,188.0,526.0,1.0,Urban
LP001815,Female,No,0,Graduate,Yes,0.0,2589.0,73.0,277.0,1.0,Urban
LP002600,Female,Yes,3+,Not Graduate,Yes,11528.0,4075.0,113.0,291.0,2.0,Urban
LP001771,Male,No,2,Graduate,No,5055.0,0.0,154.0,302.0,1.0,Semiurban
LP002493,Male,Yes,2,Graduate,Yes,1172.0,0.0,0.0,284.0,0.0,Urban
LP001407,Female,Yes,3+,Not Graduate,Yes,1195.0,2967.0,123.0,287.0,0.0,Rural
LP002849,Male,Yes,3+,Graduate,No,0.0,3513.0,89.0,454.0,1.0,Rural
LP002962,Female,No,1,Not Graduate,Yes,657.0,1806.0,190.0,346.0,1.0,Urban
LP001607,Female,No,0,Not Graduate,No,2032.0,3175.0,162.0,401.0,1.0,Urban
LP001266,Male,No,3+,Graduate,Yes,7504.0,0.0,241.0,420.0,2.0,Urban
LP002958,Female,No,1,Graduate,Yes,4615.0,4156.0,0.0,225.0,2.0,Semiurban
LP002826,Female,Yes,2,Not Graduate,Yes,284.0,4788.0,95.0,292.0,0.0,Rural
LP001375,Male,Yes,2,Not Graduate,No,0.0,4377.0,158.0,283.0,1.0,Rural
LP001742,Male,Yes,2,Not Graduate,No,3830.0,1939.0,243.0,171.0,0.0,Rural
LP001867,Male,Yes,2,Graduate,Yes,0.0,4828.0,57.0,370.0,1.0,Semiurban
LP002592,Male,No,1,Not Graduate,Yes,3370.0,0.0,80.0,362.0,1.0,Semiurban
LP002180,Female,Yes,0,Graduate,No,11533.0,3161.0,244.0,428.0,1.0,Rural
LP001565,Male,No,1,Graduate,No,4039.0,3550.0,321.0,373.0,1.0,Rural
LP001144,Male,Yes,0,Graduate,No,6087.0,2965.0,275.0,172.0,1.0,Rural
LP002637,Male,Yes,2,Not Graduate,Yes,5397.0,0.0,275.0,296.0,1.0,Urban
LP002086,Male,Yes,3+,Graduate,No,0.0,2225.0,176.0,301.0,0.0,Semiurban
LP002257,Male,No,3+,Not Graduate,No,15189.0,906.0,153.0,375.0,1.0,Rural
LP001401,Female,No,3+,Graduate,No,2859.0,0.0,290.0,170.0,1.0,Urban
LP002803,Male,Yes,0,Not Graduate,No,5161.0,0.0,117.0,378.0,1.0,Rural
LP002311,Female,Yes,2,Not Graduate,No,1446.0,4759.0,64.0,394.0,1.0,Rural
LP002110,Male,Yes,1,Graduate,No,11661.0,520.0,164.0,326.0,1.0,Semiurban
LP002442,Male,No,3+,Not Graduate,No,0.0,4473.0,115.0,290.0,1.0,Rural
LP001651,Male,No,0,Graduate,Yes,12597.0,4711.0,83.0,419.0,1.0,Semiurban
LP002376,Male,No,3+,Graduate,No,3447.0,3087.0,208.0,252.0,0.0,Semiurban
LP002257,Male,Yes,1,Graduate,Yes,2141.0,0.0,123.0,417.0,1.0,Rural
LP001516,Male,No,2,Graduate,Yes,1605.0,4169.0,157.0,401.0,1.0,Urban
LP002863,Male,Yes,1,Graduate,No,15480.0,2183.0,184.0,379.0,1.0,Rural
LP002064,Male,No,2,Graduate,Yes,0.0,1723.0,6.0,460.0,1.0,Rural
LP002054,Female,Yes,2,Graduate,Yes,2134.0,0.0,238.0,343.0,1.0,Rural
LP002418,Male,Yes,2,Not Graduate,No,0.0,240.0,321.0,383.0,1.0,Urban
LP002245,Female,No,3+,Graduate,Yes,0.0,0.0,242.0,339.0,1.0,Semiurban
LP001028,Male,Yes,1,Graduate,No,12614.0,4210.0,0.0,321.0,1.0,Urban
LP002806,Female,Yes,3+,Not Graduate,No,5025.0,5774.0,160.0,377.0,1.0,Urban
LP002582,Male,Yes,1,Not Graduate,No,0.0,4113.0,0.0,322.0,0.0,Rural
LP001455,Male,No,0,Graduate,No,9902.0,2143.0,235.0,346.0,1.0,Rural
LP001925,Male,Yes,0,Graduate,No,2898.0,768.0,235.0,347.0,1.0,Urban
LP001561,Female,No,1,Graduate,No,1498.0,2897.0,171.0,316.0,1.0,Semiurban
LP001392,Female,No,1,Not Graduate,No,8457.0,468.0,0.0,390.0,1.0,Semiurban
LP002533,Female,Yes,1,Graduate,Yes,2775.0,1517.0,143.0,227.0,1.0,Rural
LP001046,Female,No,1,Not Graduate,No,0.0,0.0,56.0,297.0,1.0,Semiurban
LP002137,Male,Yes,2,Graduate,Yes,9140.0,3371.0,153.0,279.0,1.0,Semiurban
LP001587,Male,No,3+,Graduate,No,4375.0,3508.0,141.0,362.0,1.0,Semiurban
LP001359,Male,Yes,2,Not Graduate,No,9431.0,4073.0,223.0,327.0,1.0,Urban
LP002212,Female,No,3+,Graduate,No,2886.0,3118.0,130.0,250.0,1.0,Urban
LP002833,Male,Yes,3+,Graduate,Yes,10983.0,2929.0,272.0,373.0,1.0,Rural
LP002604,Female,Yes,3+,Graduate,Yes,5260.0,0.0,173.0,357.0,0.0,Semiurban
LP002083,Female,Yes,2,Not Graduate,Yes,11213.0,0.0,102.0,345.0,1.0,Rural
LP002050,Female,Yes,1,Graduate,Yes,11027.0,2502.0,136.0,393.0,2.0,Urban
LP001443,Female,No,2,Graduate,Yes,12220.0,4595.0,242.0,376.0,1.0,Rural
LP001903,Female,No,2,Not Graduate,Yes,5569.0,875.0,252.0,327.0,1.0,Urban
LP002969,Male,Yes,3+,Not Graduate,No,7359.0,1617.0,0.0,369.0,1.0,Urban
LP001688,Female,No,0,Graduate,No,3866.0,1645.0,50.0,431.0,1.0,Rural
LP001658,Female,Yes,0,Graduate,Yes,67.0,0.0,94.0,332.0,1.0,Semiurban
LP001352,Male,Yes,2,Not Graduate,Yes,16589.0,2256.0,251.0,423.0,1.0,Rural
LP001270,Female,No,3+,Graduate,Yes,896.0,107.0,240.0,466.0,1.0,Semiurban
LP002768,Female,No,2,Graduate,Yes,10333.0,3263.0,220.0,364.0,0.0,Rural
LP001428,Male,Yes,2,Not Graduate,Yes,9313.0,1517.0,230.0,277.0,0.0,Rural
LP001924,Male,No,1,Graduate,No,6211.0,1115.0,275.0,323.0,1.0,Rural
LP001195,Male,Yes,3+,Graduate,No,4297.0,1174.0,186.0,353.0,1.0,Urban
LP001622,Female,No,0,Not Graduate,No,4354.0,713.0,227.0,344.0,1.0,Rural
LP001974,Male,No,0,Graduate,No,1438.0,0.0,176.0,351.0,1.0,Urban
LP001565,Male,No,0,Graduate,No,5718.0,4194.0,224.0,421.0,0.0,Urban
LP001038,Male,No,2,Graduate,No,0.0,0.0,105.0,287.0,1.0,Urban
LP002191,Female,No,3+,Not Graduate,No,9435.0,330.0,75.0,366.0,0.0,Rural
LP001871,Male,Yes,1,Graduate,No,3878.0,1817.0,91.0,402.0,1.0,Rural
LP002017,Female,No,0,Not Graduate,Yes,0.0,0.0,121.0,326.0,1.0,Rural
LP001391,Female,No,3+,Not Graduate,Yes,0.0,245.0,206.0,275.0,1.0,Rural
LP002547,Male,Yes,0,Graduate,No,4429.0,6812.0,270.0,329.0,0.0,Urban
LP002068,Female,Yes,1,Not Graduate,No,4627.0,2517.0,96.0,274.0,1.0,Semiurban
LP002743,Female,Yes,3+,Graduate,No,2229.0,0.0,338.0,296.0,1.0,Semiurban
LP001185,Male,No,2,Graduate,Yes,8041.0,0.0,125.0,380.0,2.0,Urban
LP002877,Female,No,2,Graduate,Yes,7164.0,4324.0,144.0,359.0,1.0,Urban
LP001222,Male,Yes,0,Not Graduate,No,5503.0,0.0,165.0,389.0,1.0,Semiurban
LP001938,Female,Yes,0,Graduate,Yes,0.0,126.0,94.0,374.0,0.0,Semiurban
LP001052,Female,Yes,3+,Graduate,No,965.0,470.0,104.0,329.0,0.0,Semiurban
LP002776,Male,Yes,1,Graduate,No,0.0,0.0,119.0,276.0,1.0,Semiurban
LP001002,Male,No,0,Not Graduate,No,4090.0,1395.0,52.0,363.0,0.0,Semiurban
LP002614,Female,No,3+,Not Graduate,No,8373.0,103.0,79.0,307.0,1.0,Rural
LP002776,Female,No,1,Graduate,No,0.0,3263.0,137.0,333.0,1.0,Semiurban
LP001497,Male,No,0,Graduate,Yes,1984.0,1984.0,111.0,296.0,1.0,Rural
LP001695,Female,No,0,Graduate,No,4879.0,5496.0,92.0,401.0,1.0,Rural
LP001187,Female,Yes,3+,Graduate,No,8365.0,5551.0,222.0,196.0,1.0,Urban
LP002581,Female,No,0,Not Graduate,No,0.0,0.0,7.0,376.0,0.0,Urban
LP001643,Female,Yes,2,Not Graduate,No,17822.0,713.0,188.0,352.0,1.0,Semiurban
LP001449,Male,Yes,1,Not Graduate,Yes,9466.0,7459.0,154.0,400.0,1.0,Urban
LP001674,Male,Yes,1,Not Graduate,No,1768.0,0.0,164.0,263.0,0.0,Semiurban
LP001448,Male,No,2,Not Graduate,No,0.0,3770.0,47.0,339.0,1.0,Urban
LP001849,Male,Yes,3+,Not Graduate,Yes,6795.0,3092.0,100.0,314.0,1.0,Urban
LP001335,Male,No,2,Not Graduate,No,7868.0,0.0,173.0,332.0,1.0,Semiurban
LP002768,Male,Yes,2,Graduate,No,0.0,0.0,101.0,343.0,1.0,Urban
LP001658,Female,No,1,Graduate,No,0.0,6618.0,24.0,311.0,1.0,Semiurban
LP001471,Male,Yes,3+,Graduate,No,92.0,6564.0,122.0,335.0,1.0,Urban
LP001356,Female,No,0,Graduate,Yes,5547.0,2771.0,128.0,423.0,1.0,Semiurban
LP002731,Female,Yes,2,Graduate,No,5619.0,0.0,199.0,436.0,1.0,Rural
LP001872,Female,Yes,2,Graduate,No,17506.0,5019.0,230.0,358.0,1.0,Semiurban
LP002056,Male,Yes,3+,Not Graduate,Yes,0.0,0.0,153.0,438.0,1.0,Urban
LP002805,Female,Yes,2,Graduate,No,1354.0,3546.0,176.0,248.0,0.0,Rural
LP002962,Male,No,3+,Not Graduate,No,2166.0,0.0,224.0,395.0,0.0,Rural
LP002234,Female,No,0,Graduate,Yes,7950.0,1623.0,128.0,356.0,1.0,Semiurban
LP001864,Female,No,3+,Not Graduate,No,8179.0,4008.0,184.0,318.0,1.0,Semiurban
LP002332,Male,Yes,0,Not Graduate,Yes,4043.0,0.0,33.0,382.0,2.0,Rural
LP002151,Female,Yes,3+,Graduate,No,13784.0,165.0,99.0,352.0,1.0,Semiurban
LP001253,Female,Yes,2,Graduate,Yes,0.0,2019.0,275.0,303.0,1.0,Semiurban
LP002143,Female,Yes,0,Graduate,No,1216.0,666.0,222.0,388.0,1.0,Semiurban
LP002898,Female,Yes,2,Graduate,No,0.0,0.0,207.0,339.0,1.0,Urban
LP001862,Male,Yes,0,Graduate,Yes,4345.0,1239.0,74.0,296.0,0.0,Urban
LP002612,Female,No,3+,Not Graduate,No,3291.0,4423.0,25.0,395.0,1.0,Rural
LP001643,Female,No,3+,Graduate,Yes,9657.0,5324.0,68.0,231.0,1.0,Rural
LP002954,Male,No,3+,Not Graduate,Yes,15736.0,3519.0,151.0,449.0,0.0,Rural
LP001366,Female,No,1,Not Graduate,Yes,13669.0,5825.0,184.0,401.0,1.0,Semiurban
LP001935,Female,No,1,Not Graduate,Yes,0.0,148.0,265.0,219.0,1.0,Semiurban
LP001136,Female,No,0,Graduate,No,5484.0,3224.0,49.0,421.0,1.0,Semiurban
LP002855,Female,No,1,Graduate,Yes,9590.0,0.0,99.0,348.0,1.0,Rural
LP001267,Male,No,3+,Graduate,No,8987.0,9571.0,269.0,208.0,0.0,Rural
LP001431,Female,Yes,1,Graduate,No,18361.0,1874.0,19.0,221.0,1.0,Urban
LP002151,Male,Yes,1,Graduate,Yes,3928.0,3788.0,159.0,379.0,1.0,Semiurban
LP002706,Female,Yes,2,Graduate,Yes,5625.0,0.0,0.0,271.0,0.0,Semiurban
LP001225,Female,Yes,0,Not Graduate,No,17942.0,3726.0,116.0,285.0,1.0,Urban
LP002786,Female,Yes,0,Graduate,Yes,7571.0,1911.0,295.0,349.0,1.0,Rural
LP001226,Male,Yes,0,Not Graduate,No,1779.0,2864.0,185.0,375.0,1.0,Rural
LP002209,Female,Yes,1,Not Graduate,Yes,0.0,1639.0,245.0,356.0,1.0,Rural
LP001562,Female,No,3+,Graduate,No,6370.0,1276.0,185.0,283.0,1.0,Semiurban
LP001718,Male,No,2,Graduate,No,11254.0,764.0,183.0,293.0,1.0,Urban
LP002225,Male,Yes,0,Graduate,Yes,11181.0,1358.0,16.0,273.0,1.0,Urban
LP001221,Male,No,1,Graduate,No,213.0,5594.0,302.0,357.0,1.0,Rural
LP002151,Male,No,3+,Graduate,No,5768.0,603.0,269.0,354.0,1.0,Semiurban
LP001643,Female,No,2,Graduate,Yes,2612.0,7743.0,85.0,368.0,1.0,Urban
LP002053,Female,No,2,Not Graduate,Yes,4337.0,1769.0,261.0,354.0,0.0,Semiurban
LP002444,Female,No,0,Not Graduate,Yes,10337.0,5408.0,225.0,350.0,0.0,Rural
LP002522,Female,Yes,0,Not Graduate,Yes,4896.0,4712.0,193.0,400.0,0.0,Rural
LP001028,Male,No,3+,Not Graduate,Yes,8896.0,0.0,159.0,349.0,1.0,Urban
LP001637,Female,Yes,1,Not Graduate,No,9066.0,0.0,135.0,400.0,1.0,Rural
LP001385,Female,Yes,3+,Not Graduate,No,1700.0,0.0,277.0,317.0,1.0,Urban
LP002754,Female,Yes,0,Graduate,Yes,12179.0,0.0,153.0,291.0,1.0,Rural
LP002625,Female,No,3+,Graduate,No,0.0,479.0,179.0,420.0,1.0,Urban
LP001935,Male,Yes,1,Graduate,No,0.0,1678.0,271.0,312.0,1.0,Rural
LP001947,Female,Yes,2,Not Graduate,No,2460.0,3365.0,233.0,335.0,1.0,Rural
LP002446,Female,Yes,2,Not Graduate,No,0.0,2093.0,47.0,288.0,1.0,Semiurban
LP002593,Female,Yes,2,Not Graduate,No,8627.0,1616.0,97.0,472.0,1.0,Semiurban
LP001716,Male,No,2,Graduate,Yes,19779.0,4385.0,79.0,243.0,1.0,Rural
LP002962,Male,Yes,0,Graduate,Yes,11604.0,4021.0,177.0,406.0,1.0,Urban
LP001107,Female,Yes,0,Graduate,No,527.0,6789.0,105.0,221.0,1.0,Rural
LP002553,Female,Yes,1,Not Graduate,No,0.0,2109.0,113.0,318.0,1.0,Semiurban
LP002836,Female,Yes,1,Not Graduate,Yes,10747.0,0.0,124.0,390.0,1.0,Urban
LP001068,Male,No,1,Not Graduate,Yes,0.0,2763.0,171.0,452.0,0.0,Rural
LP001099,Female,Yes,1,Graduate,Yes,0.0,7771.0,122.0,327.0,1.0,Rural
LP001613,Female,Yes,3+,Not Graduate,Yes,7282.0,4391.0,217.0,307.0,1.0,Semiurban
LP001765,Female,Yes,1,Graduate,No,2094.0,5015.0,58.0,355.0,1.0,Urban
LP002832,Male,Yes,2,Graduate,Yes,5859.0,1860.0,28.0,450.0,1.0,Urban
LP002069,Female,Yes,2,Graduate,Yes,3297.0,4085.0,92.0,353.0,1.0,Urban
LP002051,Female,Yes,2,Graduate,No,5021.0,5158.0,64.0,375.0,1.0,Rural
LP002635,Male,No,3+,Graduate,Yes,10160.0,693.0,147.0,301.0,1.0,Semiurban
LP001770,Male,Yes,1,Graduate,Yes,8719.0,240.0,112.0,401.0,0.0,Rural
LP001313,Female,No,2,Graduate,Yes,10402.0,2838.0,42.0,240.0,2.0,Semiurban
LP002398,Male,No,2,Not Graduate,Yes,8821.0,4237.0,41.0,424.0,1.0,Semiurban
LP001933,Female,Yes,2,Graduate,Yes,9214.0,0.0,157.0,429.0,1.0,Urban
LP002723,Male,No,2,Not Graduate,No,5167.0,1072.0,212.0,474.0,1.0,Rural
LP002297,Male,Yes,0,Graduate,No,0.0,0.0,88.0,429.0,0.0,Urban
LP001164,Female,No,1,Graduate,No,4568.0,1269.0,136.0,307.0,1.0,Semiurban
LP001975,Female,Yes,1,Graduate,No,6979.0,6196.0,93.0,438.0,1.0,Semiurban
LP002006,Female,No,3+,Not Graduate,No,5602.0,0.0,131.0,416.0,1.0,Urban
LP001910,Male,No,0,Graduate,Yes,7571.0,824.0,279.0,295.0,2.0,Urban
LP001587,Female,Yes,3+,Graduate,Yes,16917.0,3402.0,336.0,356.0,1.0,Semiurban
LP001091,Female,No,2,Not Graduate,Yes,2324.0,4304.0,108.0,153.0,1.0,Rural
LP002110,Female,No,3+,Not Graduate,Yes,2874.0,4202.0,103.0,252.0,2.0,Urban
LP001636,Female,No,2,Not Graduate,Yes,12063.0,1703.0,176.0,396.0,0.0,Rural
LP001047,Female,No,2,Not Graduate,Yes,5889.0,3153.0,152.0,449.0,1.0,Semiurban
LP002755,Male,No,1,Graduate,Yes,7769.0,3034.0,195.0,396.0,0.0,Urban
LP002429,Female,Yes,1,Graduate,Yes,1809.0,0.0,133.0,346.0,1.0,Urban
LP001250,Female,No,1,Not Graduate,Yes,1008.0,0.0,128.0,275.0,1.0,Semiurban
LP001020,Male,No,1,Graduate,Yes,0.0,0.0,177.0,384.0,0.0,Urban
LP002541,Female,Yes,1,Not Graduate,Yes,6162.0,5513.0,161.0,217.0,0.0,Urban
LP002455,Female,Yes,0,Not Graduate,Yes,0.0,7619.0,105.0,376.0,1.0,Rural
LP002833,Female,Yes,1,Not Graduate,Yes,0.0,1354.0,152.0,284.0,1.0,Urban
LP002821,Female,No,3+,Graduate,No,8945.0,5409.0,152.0,391.0,1.0,Rural
LP001232,Female,No,2,Not Graduate,Yes,1565.0,793.0,0.0,395.0,0.0,Urban
LP001552,Male,No,1,Graduate,No,0.0,2551.0,138.0,305.0,1.0,Urban
LP002445,Male,No,0,Graduate,Yes,0.0,0.0,212.0,403.0,1.0,Semiurban
LP001029,Male,Yes,3+,Graduate,Yes,10372.0,4360.0,109.0,228.0,1.0,Semiurban
LP001610,Female,Yes,3+,Not Graduate,Yes,4573.0,0.0,85.0,333.0,1.0,Urban
LP002319,Male,No,2,Graduate,No,2906.0,0.0,85.0,394.0,1.0,Rural
LP002433,Female,No,3+,Not Graduate,No,6156.0,1729.0,168.0,383.0,1.0,Semiurban
LP001164,Female,No,3+,Graduate,Yes,5614.0,3823.0,66.0,306.0,0.0,Semiurban
LP002314,Female,No,3+,Graduate,Yes,2165.0,2047.0,161.0,400.0,1.0,Semiurban
LP002306,Male,Yes,3+,Graduate,Yes,3279.0,327.0,155.0,402.0,1.0,Urban
LP001046,Male,Yes,0,Not Graduate,Yes,9341.0,0.0,39.0,266.0,1.0,Rural
LP001087,Male,No,2,Not Graduate,No,9877.0,0.0,216.0,335.0,1.0,Rural
LP001471,Female,Yes,1,Not Graduate,No,406.0,361.0,239.0,355.0,1.0,Urban
LP001864,Male,No,3+,Not Graduate,Yes,12468.0,1186.0,162.0,354.0,1.0,Semiurban
LP001691,Female,No,0,Graduate,No,16622.0,3108.0,146.0,395.0,1.0,Rural
LP001198,Male,Yes,2,Graduate,No,3521.0,0.0,104.0,315.0,1.0,Rural
LP002515,Male,No,1,Not Graduate,Yes,3384.0,3419.0,107.0,449.0,1.0,Urban
LP001906,Female,Yes,2,Not Graduate,Yes,64.0,0.0,109.0,317.0,1.0,Rural
LP002494,Female,No,0,Not Graduate,Yes,1372.0,205.0,200.0,268.0,1.0,Rural
LP001027,Male,Yes,0,Not Graduate,No,7022.0,4997.0,187.0,327.0,1.0,Semiurban
LP001105,Male,No,0,Graduate,Yes,18375.0,0.0,0.0,359.0,1.0,Semiurban
LP002754,Male,Yes,3+,Not Graduate,No,9328.0,0.0,28.0,265.0,1.0,Semiurban
LP002962,Female,No,0,Not Graduate,Yes,3288.0,1726.0,78.0,322.0,1.0,Rural
LP001935,Female,No,1,Graduate,Yes,2761.0,1588.0,107.0,261.0,1.0,Semiurban
LP002316,Male,Yes,3+,Not Graduate,No,1399.0,0.0,176.0,388.0,1.0,Urban
LP001797,Male,No,2,Graduate,No,11216.0,258.0,101.0,331.0,0.0,Semiurban
LP002142,Female,Yes,1,Not Graduate,No,3795.0,4207.0,175.0,187.0,1.0,Semiurban
LP001149,Male,Yes,3+,Graduate,No,7767.0,0.0,266.0,410.0,1.0,Rural
LP001253,Female,No,0,Not Graduate,No,3831.0,4540.0,97.0,266.0,1.0,Semiurban
LP002412,Female,No,2,Not Graduate,No,17242.0,0.0,72.0,516.0,1.0,Urban
LP001542,Female,No,0,Not Graduate,Yes,2138.0,0.0,55.0,298.0,1.0,Semiurban
LP002807,Female,No,1,Not Graduate,No,1174.0,3829.0,62.0,305.0,1.0,Semiurban
LP002928,Female,Yes,1,Not Graduate,No,2436.0,2283.0,185.0,353.0,2.0,Urban
LP002408,Female,No,3+,Graduate,Yes,7595.0,0.0,201.0,185.0,1.0,Urban
LP001798,Male,No,1,Not Graduate,No,13351.0,126.0,191.0,371.0,1.0,Semiurban
LP002358,Female,No,2,Graduate,No,7607.0,6292.0,61.0,388.0,1.0,Rural
LP001532,Female,Yes,3+,Graduate,Yes,9204.0,3392.0,113.0,401.0,1.0,Urban
LP001973,Male,No,2,Graduate,Yes,8412.0,4634.0,113.0,360.0,0.0,Urban
LP001326,Female,Yes,0,Graduate,Yes,0.0,0.0,275.0,348.0,1.0,Rural
LP001587,Male,No,2,Not Graduate,No,5088.0,4933.0,165.0,243.0,1.0,Urban
LP001945,Female,Yes,2,Not Graduate,Yes,3374.0,0.0,151.0,374.0,1.0,Urban
LP001699,Male,No,1,Not Graduate,No,4375.0,0.0,164.0,339.0,0.0,Rural
LP002119,Male,No,0,Not Graduate,Yes,494.0,3872.0,109.0,314.0,1.0,Semiurban
LP001282,Female,Yes,1,Graduate,No,10125.0,0.0,174.0,275.0,1.0,Rural
LP002117,Female,No,0,Graduate,Yes,5456.0,5728.0,105.0,373.0,1.0,Semiurban
LP001906,Female,No,0,Graduate,Yes,5421.0,0.0,253.0,321.0,1.0,Urban
LP002790,Female,No,2,Not Graduate,Yes,4341.0,0.0,75.0,220.0,2.0,Urban
LP002250,Male,Yes,1,Not Graduate,No,1596.0,4737.0,157.0,328.0,1.0,Semiurban
LP002065,Male,No,2,Not Graduate,No,0.0,0.0,194.0,292.0,1.0,Rural
LP002802,Male,Yes,2,Not Graduate,Yes,6727.0,3764.0,136.0,399.0,1.0,Urban
LP002496,Female,Yes,2,Graduate,Yes,5827.0,0.0,152.0,331.0,1.0,Rural
LP002192,Male,Yes,0,Not Graduate,Yes,8222.0,850.0,127.0,325.0,1.0,Semiurban
LP001541,Female,No,1,Not Graduate,Yes,5592.0,3616.0,72.0,362.0,2.0,Semiurban
LP001298,Female,Yes,1,Graduate,No,0.0,0.0,277.0,451.0,1.0,Semiurban
LP001208,Male,Yes,2,Graduate,Yes,653.0,4382.0,115.0,369.0,1.0,Rural
LP001108,Female,No,0,Not Graduate,Yes,12808.0,622.0,41.0,291.0,1.0,Rural
LP002872,Male,Yes,1,Not Graduate,No,6996.0,1928.0,87.0,241.0,1.0,Semiurban
LP001051,Female,Yes,3+,Graduate,No,9754.0,0.0,245.0,429.0,1.0,Urban
LP001231,Male,No,1,Not Graduate,Yes,10413.0,0.0,319.0,183.0,0.0,Semiurban
LP001489,Female,No,2,Graduate,Yes,0.0,0.0,171.0,341.0,1.0,Urban
LP002744,Male,Yes,3+,Graduate,No,3241.0,0.0,204.0,495.0,1.0,Urban
LP001324,Male,No,0,Not Graduate,No,9058.0,5806.0,285.0,226.0,1.0,Urban
LP002368,Female,No,3+,Graduate,Yes,535.0,4649.0,68.0,269.0,1.0,Rural
LP002447,Female,No,3+,Not Graduate,No,2855.0,2830.0,173.0,355.0,0.0,Urban
LP002983,Male,Yes,2,Not Graduate,No,2222.0,0.0,284.0,290.0,1.0,Urban
LP002316,Female,Yes,1,Not Graduate,Yes,976.0,0.0,207.0,335.0,1.0,Semiurban
LP002614,Female,No,0,Not Graduate,Yes,4439.0,0.0,121.0,370.0,1.0,Urban
